en,bho
These glasses suit people with round faces.,ई चस्मा सब गोल मुंह वाला पर अच्छा लगेलन।
"Mr. Bartel, do you regret your crimes?","सिरी बरटेल, आपके अपने अपराधन क अफसोस हव?"
cheap and durable.,सस्ता और टिकाऊ।
The men were very hungry.,मनइए बड़ा भुखाइल रहलें।
Do you want to narrate how you killed my father?,का तू हमके ई बतावल चाहत हवा कि तू हमरे पिताजी के कइसे मरला?
"Over the big meadow, beyond the rice fields","धान के खेत से परे, बड़े घास के मैदान के पार।"
Will my crush smile at me?,हमरा से प्रेम करे वाला हमके देख के मुस्कुरयिहें का?
"I really get under that ice cold skin of yours, don't I?",वास्तव में आप सफल जेवजी के तहत हप की अपने बर्फीले त्वजा
Has he disclosed your secret to everyone?,का ऊ तोहार राज/गुप्त/निजी बात के सबके सामने बता दहनअ?
You only bang on the roof when you got something on your mind.,आपके अपने दिमाग पे कुछ मिल गयल जब आपके खाली छते पे धमाका।
"I wrote him a friendly letter, thanking him for his help.",हम ओके दोस्ताना चिट्ठी लिखली हऽ और मदद खातिर धन्यवाद देहली हऽ।
"No, I don't.","नाहीं, हम नाहीं।"
I have never seen a tiger.,हम कभौ बाघ नाई देखले हईं।
It is very simple.,ई बहुते आसान बा।
"Right, Heywood?","ठीक हव, हेवुड?- हम"
What is it?,का भयल?
He is not happy.,उ खुश नईखन।
I got one!,एक मिल गया!
This one thing is enough to prove how good a lover he is.,खाली ई एगो चीजुअ साबित करति हव कि ई केतना नीक परेमी हवॅ।
It is worth seeing the film.,ई फिल्म के देखल फायदा वाला रहल की ना।
I accept that I should not have slapped Rajesh.,हम मानीऽल हमके राजेश के नाई मारेऽक चाहत रहऽल।
Get over there.,ऊहाँ जा।
I gotta go. I'll be back.,"हमें जाये के हव, लेकिन हम बापस आइब"
"Although my boss called me last night, I didn't answer the phone.","हालाँकि हमके पिछली रात हमार मालिक फोन कईले रहलन, लेकिन हम उनकी कॉल के जवाब ना देहल चहनी।"
I just lost my concentration and my animal turned on me.,हम सिरिफ आपन एकगरता खोइ दिहलीं अउर हमार जानवर हमके दे दिहलअ।
I don't recall seeing her there.,ओके उहां देखले बादो हमके याद नाई हऽ।
I had purchased a lottery ticket.,हम एक लॉटरी क टिकट खरीदली।
How many sisters do Kishan have ?,किसन के केतना बहन हई ।
"This one here, you told me but I forgot.",इ का हव पेले? लगता नाही हव की हम कबों देखल हईं।
My uncle is still in hospital.,हमार अंकल अबिहनो अस्पताल में हवें।
He's as good as dead.,तू सरत लगा ला...
The multi-millionaire Mr. Sen is the richest in this town.,कई गुना लखपति मिस्टर सेन शहर में सबसे अमीर मनई हवें।
Ravi fell down the stairs.,रवि सीढ़ी से नीचे गिर गइल।
We embrace the trials of our lives...,हम आपन जीवन क परिछा के गले लगावत हईं...
Did he show you the picture ?,का ऊ तोहके तस्वीर दिखवलन?
I feel hungry.,हमके भूख लगऽत।
He likes himself.,उ अपना के पसंद करेलन।
They did not shout at me.,उ हमरे उपर चिल्लात न हवें ।
And the newborns won't know they even exist.,एक लाभ देबा हमें-हम संगठित करय की जरूरत हव
"I've a reason, King.",एकर एगो कारन हव महराजा
I have nothing more to teach you.,हम तुहै सिखा दिहले हई।
I don't have any on me.,हमरे अलावा केहू नाई हऽ।
How much is your amount ?,केतना तोहार रकम ह ।
... secondthoughtsaboutthe job . I'm intrigued.,ई नोकरी छोड़ेके बेबस कइ देत हव ।
We are not as poor as they.,हमहन क व्े के रुप मे गरीब ना हई जा।
"Rama said, ""I am very busy now.""",रामा कहऽत कि हम बड़ा व्यस्त हई।
It's a clear day.,दिन साफ़ बाटे।
[Coughing],खाँसी
Next day he asked Noori as to what was it all about.,अगिला दिन उ नूरि से पुछलस कि सब का रहे ?
I saw him only once.,हम ओनके एक बार देखलीं ।
Amelie closes the door.,अमेली दरवाजा बन्द करत हिय ।
And I also know this that you both love each other a lot.,और हम इहो जानत हई कि तु दुनो एक दुसरे से बड़ा प्यार करेलअ ।
Do you know the girl who started in grade 7 last week?,का तू लडकि के जानत हउअ जवन पिछले हफ्ता ग्रेड ७ मे शुरु कइले ?
You never let me know when something like this happens.,तु हमके कब्बो नाई जान पइब जबले कुछ ये तरह आक्समिक घटना न घटे।
I'll teach Sindhi.,हम सिंधी पढ़ाइब।
"If I were you, I would have asked him to pay me back.",हम अगर तू रहतिं त ओकरा के कहतीं हमार पैसा वापस देवे खातिर ।
Has the warning-bell rung ?,का चेतावनी वाला घंटा बजल?
Will you only eat or work on the mill also?,सिरिफ खाये के हव की चक्की भी चलइबू?
Does he need me ?,का उनके हमार जरुरत बा?
Do not come in front of me.,हमरे समनवा ना पड़ा।
You don't want to do this.,तु अइसन कइ लना चाहत हवा।
Does he go to tution?,का ऊ टयूसन जालें?
I brought vegetables.,हम सब्ज़ी खरीद लाइल हईं।
Ram studies in the school.,राम स्कूल में पढ़ऽत।
May comes after April.,अप्रैल के बाद मई आव ल।
This convinced everyone.,ई सबके मना लेई।
On the joyous occasion of the baby ` s birth both his grandfather (maternal/paternal) will dance wearing similar clothes.,वच्चे की जन्म की खुशी प दोनो दाना और नाना एक ही ड्रेस में नाची लोग
"You can love more than one person at a time. I've seen it, with Sam, Emily, and Leah.",तू अचानक ब्यक्ति प्रेम कइ सकत हव अउर अधिक से अधिक एक हव हम एके देखत रहल
"Jesus Christ, Marty.","ईसामसीह, मारटी।"
Please come at night.,राति म आवा।
Ravi cut the unripe banana.,रवि कच्चा केरा काट देहलस
Dead.,मर चुकल हव।
What'd you do?,का तू करत हवा?
"No madam, we do not have steel furniture.",ना मैदम जी हमहन क स्टील क दुकान ना हवे ।
Did you enjoy the movie ?,का तु फिलम के आनन्द लेतड ?
"I live in London, which has some fantastic parks.",हम लंदन में रहीऽल जहां बेहतरीन पार्क हवें।
a pair of thieves,चोरन की जोड़ी
"No, I'm staying.",ना हम
It is shocking !,यह सद्मित करे वाला हअ।
"Yeah, you should.",हाँ तुहँ मिले के चाहीं।
Do you get time for studies ?,का तोहके पढ़े के समय मिलेला?
What a large noise !,का इ तेज हल्ला होत बा !
Have you not been to the party?,का तु पार्टि मे नाइ होबअ ?
Bookish knowledge alone would not help.,खाली किताब क जानकारी मदद नाई करी।
At what time will this train leave from here ?,कवनी समय पर ई ट्रेन इहां से चली?
Most people get what they deserve.,बहुत लोग उहे प्राप्त कईल जौना खातिर उ पात्र रहल ।
I didn't break it.,हम नाई तोड़ऽली हऽ।
How many bungalows does Mary have?,मैरी के लगे केतना बंगला हऽ।
"The stinking, you went to that bitch last night.","बदबू, का काल्हि रात तू ओ कुतिया के लगे गयल रहला।"
I do not remember.,हमके नाई याद हऽ।
Give the order.,आदेश देहल जाव।
Will he be ready?,का ऊ तैयार होईन्हें?
I write to him now and then.,हम ओके तब और अब लिखली।
John was laughing before Mary drew a circle.,मैरी के गोला बनावे से जॉन हंसत रहल।
Can you look forward?,का तु आगे तक देख सकलअ ?
"Skeets, come on. Give me that, you shithead.","अरे, इसकी, अइहा तनी, ऊ हमके दीहा, गोबर गनेस।"
I tell you it's nothing.,"कहली न, कुछू न हव।"
Now he must go back to his palace and leave her to face the fate.,अब उनके अपनी जगह से वापस जाए के चाही और उनके सच के सामना करे के खातिर छोड़ देवे के चाही। ।
I don't have much money with me.,हमरे लगे बहुत पइसा नाई हऽ।
Which type of person is this?,ई कवनी किशिम के आदमी बाडन?
They that are whole have no need of a physician.,जे अपने आप में सम्पूर्ण हटे वोके डाक्टर क जरूरत न बाटे ।
Mr. Verma was the leader of Socialist Party for years.,सालन से मिस्टर वर्मा सोशलिस्ट पार्टी क नेता रहलं।
This film is exciting.,ई फिल्म उत्तेजित करे वाला रहे।
I have diabetes.,हमके डायबिटिज़ हऽ।
Each lesson is being taught everyday.,हर पाठ रोज पढ़ावल जाऽल।
Lost your bottom jaw?,निचे क जबड़ा गयल?
It is difficult to understand the reason.,वजह समझब मुश्किल हो गइल हऽ।
Tatsu strain a lucky,ततसू एगो भगसाली।
What time is it now ?,अबहीं का समय होत बा?
Your father became a butterfly?,तुहार पिता एक तितली बन गइलँ?
But this- this party's for girls.,लेकिन ई परटी लइकिअन खातिर हव।
Who arrived late ?,के देर से पहुँचुवे ?
But he killed these guys.,लेकिन ऊ एनलोगन के मार डरलअ।
My captors were taking me to prison.,हमके पकड़े वाले हमके जेल ले जात रहऽल।
How many of you can solve this?,तोहन लोगन मे से केतना जने एहके हल कइ सकेने।
Who's your brother?,आप का भाई केह हव?
"Most of the time, these episodes with kids are never explained.","जिआदेतर, लइकन क ई परकरन समझ में ना आवत हव।"
"She is not an Indian , she has been brought up in London and these London girls are peculiar.",हिन्दुस्तानी ना नह लन्दन में पलल बढल हीय और ये लन्दनवाली कुछ अजीव तरह क होली स ।
Does this car belong to you ?,का ई कार आपके हवे?
"You got a problem with drilling, Probie?",अपने डिरलिंग पैरोबी के संहे एगो समीसा हव?
When will you go to office tomorrow ?,तु बिहान कर्यालय कब जइब ?
We can go for a walk if you like.,हमनि टहले जा सकीं ला अगर तोहर मन बा ।
Bye dad.,नमस्ते - बाय पिता जी।
The boy readily admitted his mistake.,लइका आसानी से आपन गलती मान लहले।
Does she speak at all?,का ऊ सब कुछ बता देहली?
It's just a bullshit word.,इ सिर्फ एक बकवास हऽ।
Have the Torrances' things brought to their apartment.,का टारंस पलिवार क समान ओनके कमरे पे आइगयल हव।
She has been calling this number many times.,ऊ येह नम्मर पे कई बेर काल कइले हव।
You just gotta twist and turn... same as the eel in that frying pan.,तूहँ फराइंग पैन में मछली की तरह छटपटाना होई।
What is the name of this village ?,ई गांव का नाम हवे?
They were not using their calculators.,उ सब आपन कैलकुलेटर प्रयोग ना करत रहें ।
I can ill afford to lose him.,हम ओके बीमार से हार सकीऽल।
He loves me a lot.,हमके बडा प्यार करेला ।
Cocks crow in the morning.,कउआ भिन्हिए बोलाल।
Are there any stamps in the drawer.,का दराज मे कौनो स्टेम्प हउए !
Maybe he thought of them on the streets or his child growing up not knowing her daddy.,सायद ओनके सड़की पे अइले क खिआल चोहे बापे के गइले बगर ओकरे बच्चा क बढ़ल।
Radha has written a letter to Gita.,राधा गीता के चिट्ठी लिखलस।
Its extreme cold today.,आज बहुते ठंडा हऽ ।
I was unwilling.,हम इच्छा नाई रहल।
One cannot be too careful of one's good name.,केहू एतना सावधान ना हो सकेला केहू के अच्छा नाम पर ।
"What are you, scared of the dark?","लइको, तू अन्हारे से डेरात हवा?"
And I don't smell any worse than some people I know.,अउर हम कुछ लोगन से अधिक गंध ना देत हव।
I'll be very surprised if that egg isn't broken.,चला देखत हईं
But I couldn't even touch her.,लेकिन हम ओके छू तक ना पवलीं।
I have to figure out what to tell people... Whu I won't be home for Christmases.,हम बोजिज हव निकालय खातिन का बहरे मत बतइहाँ हम काहें लोगों को
How did you find the fair ?,तु मेला के कइसे पता लगइब ?
"It never snows in Auckland, does it?",आकलैण्ड में कबो बर्फ ना गिर हऽ न?
The dog had barked.,कुत्ता भौंकले रहे ।
Let Durga come with me; I'll give her something to tide you over,"छुरगा के हमरे संहे भेजा, हम ओके दे देइव कुछ समे पार करअ खातिन ।"
What took you to the aiport ?,तु हवाई अड्डा पे का ले गइल ?
I murdered the child.,हम बच्चे को मार डलली।
Will you be able to reach at my place by yourself ?,का तु खुद हमरे जगहि पर पहुचले लायक होब ?
This poor-fellow was crying under the pressure of loans and they were enjoying.,ई बेचारा गरीब आदमी ऋण के भार से रोवत रहन अउरी ऊ सब मजा लेत रहे।
Kalidas is often called the Shakespeare of India.,कालिदास के प्राय: भारत के शिक्सपीयर कहल जाला ।
"Matt has benefited from his exercise program, now, he is slim and energetic.","मैट के कसरत से फायदा भइल हऽ, अब उ पातर और जोशीला हऽ।"
My God!,हे भगवान!
"No! You're not thinking clearly, don't do that!",ना हम काफी ना लगत हव
Everyone leads a difficult life.,सब लोगन क जीवन मुस्किल भरल हव।
Until graduation.,तक परिवर्धन - परिवर्धना?
That's it.,ई मरलीं।
"So, I couldn't find a partner in this birth.",येह लिये हमके एह जनम में कवनो साथी ना मिलल।
They are using him to free load.,ऊ ओकर मुफुत में इस्तेमाल करत हवँ।
Mango grows in India.,आम भारत में उगे ल ।
They will stitch the clothes.,उ सब कपड़ा स्टिच करेला ।
I don't know him properly.,हम ओके ठीक से नाई जानीऽल।
It also tells the sacrifice of Sorath.,एके सोरठ के बलिदान भी कहल जाला।
People mainly do agriculture here.,इहां के लोग मुख्य रूप से किसानी करेला।
Who knows Music ?,के संगीत जानत ह ?
Who took you to the airport?,के तोहरा के हवाईअड्डा से ले आऊवे ?
"Our hoard is little, but our hearts are great.",लेकिन हमार दिल महान हवे।
I praise him only when he deserves it.,हम ओकर तारीफ तब करऽब जब उ ओकर हकदार होई।
That way Dodo and Chanesar were stepbrothers.,येही से डोडो अउरी चनेसर सौतेला भाई हवे लोग।
They fought bravely.,उ सब बहादुरी से लड़्ल ।
So put the knife down.,त चक्कू नीचे रख।
The longest river here is Sindhu.,इहां के सबसे लंबा नदी सिंधु हवे।
The boy whose book I took is angry.,जवने लइका के किताब हउए ऊ गुस्सा मे हउए।
The next day was warmer still.,अगिला दिन फिर भी गरम रहे ।
I don’t want to go to her house!,हम ओकरे घरे नाई जाए चाहीऽल।
Can he kill you?,का ऊ तोहके जान से मार सकेलन?
Are you leaving the college?,स्कूल छोड़के ?
You don ` t leave me like this.,तु हमके ए तरे छोड़ के मत जाईल करअ ।
It was a horrible night.,ई भयानक रात रहे।
Take this parcel over to the post-office.,ई पार्सल के डाक-घर ले जा।
The news that the enemy landed spread like wild fire.,शत्रु के उतरला के खबर आग के तरह फयिल गईल।
It is time to go home,ई समय घर जायेके हवे।
We've lived here since 1994.,हमहन क १९९४ की बाद से यहवां रहल जाला।
It has not worked.,ई काम ना कईलन।
A supervisor has students that he must interview.,एगो सुपरवाईजर के पास छात्र रहे लन जिनकर साक्षात्कार ओकरा करे के रहि ला ।
It is a beautiful school.,ई सुंदर स्कूल बा।
"To save few bugs, you hired an auto instead of a taxi.",कुछ पइसा बचावे खातिर तू टेकसी के बजाय आटो कइ लिहला।
A girl whom Ravi thinks everyone will choose.,एक लड़की जेकरी बारे में रवी सोचेलन सब उनका के पसंद करेला। ।
You're going overboard.,प्रेट जेरूजस
I spoke plainly that you might understand.,हम साफ कहलीं हऽ तोहरे समझ में आ गइल होई।
How many buses are going to Maharani Baag?,केतना बस महरानी बाग के जा रहल ह ।
What does your mother bake?,तोहार माई का पकावत हेव?
Brother also had to come today but there is no news of him yet.,भइया आजौ आवे के कहले रह ल मगर अब ले कौनो ख़बर नाइ बा।
This place is wonderful.,ई जगही अद्भुत हव।
The dog chased the sheep.,कुत्ता भोड़ के पीछा करुवे ।
The Volturi don't give second chances.,ओके दे दा एक करय क मउका ना दिहला दूसरा एक
Will you go to market?,का तु बाजारे जइब ?
"Third day after this, a comet will fall, according to the horoscope of the princess, this will bring calamity to us and this kingdom, King.","येकरे तिसरक दिन एगो धूमकेतु गिरी, रजकुमारी के भभिस के अनुसार ई हमार अउर हमरे राज में तरासदी ले आई, महाराज।"
"As you think, your fiance is not a good man.","जइसन तू सोचति हऊ, तोहार होखअ वाला पती एगो अच्छा अदमी ना हव।"
"Those assholes were closing' firehouses, gettin' our friends killed for money.","ऊ बेकूफन पइसा खातिन मारि डरलँ हमरे दोसतन के मिलत हव, आग घरन के बन्न भित्तर गयल।"
Who is the best boy in the class?,वर्ग क सबसे बढि़या लड़का के हऽ ?
I have a query regarding your previous reply.,हमरे लगे तोहार पहिलका जवाब खातिर कुछ सवाल हऽ।
I would have purchased a ticket.,हमके टिकट कीनेक होई।
Where have you taught?,तु कहवा पढा चुकल हउअ ?
I am in great pain.,हमके बड़ा दर्द होऽत।
The captain was annoyed at his not having carried out his orders.,कप्तान उसका आदेश न मानने के कारण उसपर गुस्सा हो गया ।
You have had to spend hard times.,काफी कठिन समे तोहके बितावअ के परल हव ।
"If it rains, the match will be cancelled.",बारिश होयी अगर त खेल रद्द हो जायी ।
I insisted on going.,हमार जोर जाए पर हऽ।
The mark is getting bigger.,निशान क बढ़ाई...
Not the ones that support risk killing you. You won't.,जोखिम बात पर जीवन तू का स्टेवलज्म ना अ
Your wife has phoned.,तोहार मेहरारु फोन कइलेस।
"Who lives there, I knew the fact that he will not come.","उहाँ के रहेला, हमके कारन मालूम बा कि उ ना अयिहन।"
"Engine 115, right?",इंजन 115 सही?
I'm not sure.,हमके पक्का पता ना।
Not an evil word did he ever say to me. Not once.,उ बुरी बात कबौं ना कइलँ।
Kanta has written a novel.,कान्ता एगो उपन्यास लिखले दिय ।
"If I had known, I would get you gone.","अगर हमके पता होत, हम तुँहके लेइके आइत।"
Wounds made by words are hard to heal.,शब्दन क घाव भरब बड़ा मुश्किल होऽल।
The climate of Rangoon does not agree to him.,रंगून क मौसम ओकरे साथे नाई हऽ
"Pass on in peace and bear us no hatred. Disgusting little creatures, soon all of you will feel my hate... and suffer as I have suffered.","सांति बांटी अउर नफरत से दूर रहीं। घृणित छोट प्राणियन, जल्दिये आप सभ हमार नफरत महसूस करब... अउर हमके भुगतेके पड़त हऽ।"
Will you get this letter posted?,का तु हइ भेजल चिट्ठी पइब ?
"Yeah, he's got the teeth of a rat.","हाँ, ओकर दांत चूहा जइसन हव"
Sheela forced Radha to sing.,शीला राधा से जबरजस्ती गाना गववली।
"Hey dear! You are too much, you are having papayas sitting there instead of helping us, say something.",अरे यार! कमाल करत हवे तु यहां हमार मदद कईला की बजाय बईठल -2 पपीता खात हवे अरे कुछ त वोल
Hello.,नमस्कार
"Aceh is rich of events, attraction and unique culture that it will fascinate anyone.","ऐक में बहुते तरह के कार्यक्रम होला, जवन की बहुते अनूठा होला और जेह की वजह से केहू भी उहवा जाए खातिर आकर्षित हो सकेला।"
Was he to see her again?,का उ उनके फिरसे देखले ?
Latin was once spoken in almost every part of Europe.,एक समय लैटिन यूरोप के सब हिस्सा में बोलल जात रहे।
"Because I have still not found that girl, the mere sight of whose makes me feel something.",का है कि हमके अवली ले अइसन लइकी ना मिलल जेके देख के कुछ होखे लागे ।
And a case of Scotch to the captain at station assignments.,अउर स्टेसन के कार्य में कप्तान को स्काच का मामला।
Ravi sat on his bike.,रवि ओकरे साथे गाड़ी पर बइठ गइल।
... andkilledhisfamily with an ax.,अउर अपने पलिवार के एगो कोल्हाड़ी से मारि डरलअ।
How many players have won the match?,केतना खिलाड़ी मैच जीत गईल हऊवन ।
Mary threw the ball and Billy caught it.,मैरी गेंना फेकलस और बिली लपक लेहलस।
How can I do that?,इ हम कइसे करऽब।
You are not visiting the castle.,तु किला नाई देखत रहत हउअ।
Aren't they the same?,का दूनो एकअ ना होत?
She predicted you would get a job. You did.,ऊ भभिसबानी कइले रहलीं कि काम मिलि जाई अउर मिलि गयल।
Did you see the terminator?,का तु टर्मिनेटर देखले बाडअ ?
You never come here but you steal something.,तु इहाँ कब्बो ना अइला लेकिन तु कुछ चोरवला।
Why do you think they said those things?,तु काहे सोचत हउअ कि उ कहने कि उनकर चिज हउअ ?
The novel 'Gora' has been written by Tagore.,गोरा उपन्यास टैगोर के लिखल हवे।
May I borrow your umbrella ?,तोहार छाता ले सकेलीं का?
How many wells are not working?,केतना कुँआ काम ना कर रहल ह ।
You are the 40.,40 पे आप।
Who is this year's chairwoman of the examination committee.,परीक्षा कमिटी के ई बार के महिलाप्रमुख के बा?
I hoped that it was true.,हमके लगऽत इ सच हऽ।
You'll understand when you see the rock hammer.,तू समझ जइबा जब तू चट्टानी हथोड़ा देखवा।
I didn't. None of us did.,आप पसंद क विकल्प हव अउर पसंद लाने क गलत
Had Boris been learning English?,का बोरिस अंग्रेजी सिखत रही?
I ordered whatever he ordered.,हम उहे मंगइली हऽ जवन उ मंगइलस।
It started to rain while we were playing tennis.,हम टेनिस खेलत रहलीं तबले बरखा होए लगल।
After sometime Bhungar died.,कुछ समय बाद भंगर मर गईल ।
She is too good.,ई बहुत नीक हव।
The dog is as good as dead.,कुत्ता एतना अच्छा बा जेतना कि मरला पर ।
How is the weather today ?,आज के मौसम कैसा ह् ?
We have a winner!,हम एक जीतवइया हईं।
What is the fault of my daughter?,हमरे बिटिया क गल्ती का हऽ।
I think it is a good idea.,हम सोचत हई कि इ बढ़िया विचार हऽ।
We have heard a strange story.,हमहन क एगो अजीबे किस्सा सुनली जा ।
Will you be paid regularly?,का नेमत रूप से तनखाह मिलत रही?
That's where I come in.,ठीक ईहअ हमरे काम आवत हव।
I am determined to yield this point.,हम एही बात पर छोड़े चाहत हई।
You know it's time to do your hair,तुहके पता हव की बाल झारे क समय हव
I was invited by the professor whom I met at the conference.,"हमके प्रोफेसर बोलइले रहले, जवने से हम कॉन्फ्रेंस में मिलल रहले।"
We went Indore.,हमनि इन्दौर गयलीं ।
This news spread like fire.,ई खबर आग के तरह फ़ैल गईल।
"Although Frank enjoyed cooking, he always forgot to buy groceries ahead of time, so he usually went out to eat for dinner.","हालाँकि फ्रैंक के खाना बनावल बहुते पसंद हवे, लेकिन ऊ समय से किराना के सामान लियावल भूल जाने और येही वजह से अक्सर उनके बाहर खाना खाए के जाए के पडला।"
What’s your mother name?,तोहरे माई क नाम का हव?
I've got to speak with you.,हमके तुहसे बाति करेके हव।
The elephant has been caught.,हाथी के पकड़ लेहल गईल बा।
Those who clean their inner self with tears of repentance at last win.,जे आपन भीतर आसुंओं से साफ करेला उहे अन्तिम मे विजयी होला ।
Sweet Jesus.,हे भगवान!
How can you say that Subbu had a genuine love for anyone he came across?,तु कइसे कहि सकल कि सुब्बु केहुके सच्चा प्यार खरतिन सब जगह अइले ?
It is bad to eat chocolate often.,चाकलेट ज्यादा खाना खराब ह् ।
A tree protected me against the heat and the sun.,पेड़ हमके सूरज और गर्मी से बचा लेहलस।
You are buying a house and we are selling.,तु घर खरिदत रहल हउअ अउर हम बेचत रहल हई।
Do you celebrate your birthday ?,का तु आपन जन्म दिन मनावतड ?
We're in danger already.,हम पहिलवॅ से खतरा में हईं।
It is all due to his ambition for fame.,ई सब उनकी उद्देश्य के परसिद्धि में रहे वाला कमी हवे।
"Rama, you are a lazy boy.",रामा तू सुस्त लइका हवा।
"One, two--","एक, दू"
Serpents cast their skin once a year.,सांप साल में एक दाईं आपन केंचुल छोड़ऽल।
"I understand the joke, but Mary didn't.",हम मजाक समझीऽल लेकिन मैरी नॉट।
That clock is ten minutes fast.,घड़ी १० मिनट तेज हऽ ।
Who will know?,कवन जानी?
Did you see the woman ?,का तु ऒरतिया के देखल हऽ ?
Rakesh will be studying physics.,राकेश भौतिक विज्ञान पढ़ी।
Ramesh was busy in studies that's why did not go to watch movie.,रमेश पढ़े में व्यस्त रहऽल एहि से फिल्म देखे नाई गइऽल
We ought to be leaving now.,हमहन के अब जाये के चाही।
Will you enter this forest at your own risk?,का तु जंगल मे अपने खुद के जोखिम पर गइल होब ?
"Don't give unriped ones, give riped ones.","कच्चा मत द्,पक्का द ।"
Don't tell me about the chance I'm taking.,"हमके मोका के बिसे में ना बतवलँ, हम ले जात हईं।"
I have to purchase something.,हमके कुछ खरीदेऽक हऽ।
You're shitting me.,तू हमके उल्लू बनावत हवा?
They don't pay for the repairs!,ऊ मरम्मत खातिन भोगतान ना करलँ ।
I used to work with the woman.,हमार मेहररूअन के साथे काम करे क आदत हऽ।
What if you rape and kill her?,अगर तू ओकर बलत्कार कइके मारि डरता?
Does Neha write a letter ?,का नेहा चिट्ठी लिखली?
How many goats are grazing there ?,केतना बकरी ओईजा चर रहल हई ।
What is 'Bahirana' ?,बहिराना का हऽ?
I took this book.,हम किताब ले लेहली।
We refused them admission.,हमहन क उनसे प्रवेश खातिर मना कर दिहली जा।
It is fine.,ठीक बा।
Night came on and the room grew dark.,रात आइऽल कमरवा में अन्हार हो गइऽल।
You are serving us pakodaa.,तू हमहन के पकौड़ा देहल हऽ।।
"Oh, my God!",हे भगवान!
I live in the city in which I study.,जवने शहर में रहीऽल वहीं पढ़ीऽल।
Don't hurt me.,हमके मति मारा।
"After she graduates this year, Julie will work in her father’s law firm.","ई साल स्नातक पास कईला के बाद, जूली अपने पापा के विधि कंपनी में काम करिहन।"
I asked him if he was feeling well.,हम ओसे पूछली ओके नीक लगऽत रहल।
"Two years ago, Marty Swayzak didn't even know my name.","दुइ साल पहिले, मारटी सवेजेक ओके हमरे नाँव क पता ना रहल।"
"If anybody's lights are about to go out, believe me, they're yours.",केहू क रोसनी बहरे जाये के बारे में हवत हमें विस्वास हव तु तुहार हव।
From tonight She eats here.,आज रात से ऊइहाँ....खइहँ
It's going to be such fun.,अब मजा करे के चाही।
Give sugar in this small bag.,ए छोटा से थैला में तनिक चीनी द।
"Lily played football, so Tomi went shopping.","लिली फुटबाल खेललस, ऐसे टोमी शापिंग करे गइऽल।"
Because you're too important. Still not good enough.,काफी अच्छा हव काहें की हम ना भी महत्वपूर्ण हव इ
Will he be marrying Monika next Sunday?,का उ मोनिका से अगले अतवार के शादी करीहे ।
He wants me to baptise them,ऊ आपन जनेऊ करल चाहत हव
Ragini watches TV.,रागिनी टीवी देखतिऽअ।
Here she comes.,ऊ आवति हव।
King could see through their artificial makeup and their behaviour and went away.,राजा देख सकेऽल कि कृत्रिम मेकअप और व्यवहार उहां से चल गइल।
Ratan wrote a letter to friend.,रतन दोस्ते के खत लिखलस
That can't be right.,इ सही ना हो सकत हव
No such thing as easy time in the hole.,कवनो असान समे ना होला अवकासे में।
The king was so pleased with his music.,राजा संगीत से बड़ा खुश रहऽल।
Let's get up off the floor.,चला खड़ा होइ जा।
You tell me.,"तू हमके बतावा, घंट।"
In future I shall charge you for medical advice.,डॉक्टरी सलाह देवे खातिर अब भविष्य में तोहसे पइसा लेऽब।
Can you arrive at this place early?,का तु ये जगही पर जळी पहुच सकलअ ?
Ila lifted a necklace.,लीला एगो हार उठवली।
I sank into the water.,हम पानी में डूबो देहलीं।
Wake up.,जागा।
Men have fought for their country.,आदमी अपने देश खातिर लड़ल।
You're spoiling Durga,"ठाकुरजी, तू दुरूगा केखरा बकरत हऊं।"
Ram couldn't worry.,राम चिंतित नाई हऽ।
I know what I'm doing. - Uh-oh.,हम हम का करत हईं।
Vijay saw the moon from his window.,विजय अपने खिड़की से चांद देखलस।
Leela has bartered one night of yours for a mere necklace.,लीला केवल तोहरे खातिर एक रात क सौदा कइलस ।
I saw him to do it.,हम ओके इ करत देखली।
Actually you are very beautiful because you are very different from the others.,तु बहुत खुबसुरत हउ काहे कि तु सवसे जादा अलग हऊ
"Me,your father and Anjali are there in this story.",ये कयानी में हम बानी और तोहार पापा और अंजली
Will you speak English?,का तु अंगरेजी बोलब ?
Will you take away my Harsha from me?,का तू हमरे हरखा के हमसे दूर ले जइबू?
We thought that perhaps Pelle would like to become his replacement.,सयद पेले परसिद्दु बनल चाहे इहँवा स्टोन फारम पर।
Understand?,समझें?
Roger gave a grin of sheer delight.,रोजर बड़ा खुश होके मुस्किया देहलस।
My own benefit lies in this.,हमार खुदके एमे फायदा हऽ।
They will guard his house.,उ सब आपन घर क सुरक्षा करत हवें ।
How many watermelons are in your garden?,तोहरे बगइचा में कय ठे तरबूजा हव?
Is it a private or government hospital ?,ई प्राइवेट या सरकारी अस्पताल हवे?
Am I attacking on you?,का हम तोहरी पे हमला करत बानी?
Maher respects his teacher and Omar respects Maher’s teacher but Zayd doesn’t respect Maher’s teacher.,"माहेर अपने टीचर क सम्मान करेंऽल, उमर माहेर क टीचर क सम्मान करऽलं लेकिन जायद माहेर क टीचर क सम्मान नाई करऽल।"
I like to think it was something so beautiful it can't be expressed in words and makes your heart ache because of it.,"सोयल नीक लगत हव की ऊ एतना सुन्नर गावत रहलीं, जेके सबदन में बतावल ना जा सकत हव...अउर येही बजेह से दिले में दरद होत हव।"
I had gone to Lajpat Nagar yesterday.,काल हम लाजपत नगर गईल रहीं ।
Does she know where he lives ?,का उ जानत हई उ कहा रहत हउए।
Why do you think he left early ?,तोह्की काहे लगला कि उ पाहिले छोड़ देलस?
I don't need it for myself.,अपने लिए हमके एकर जरूरत नाई हऽ।
Please give one big size.,एक नंबर बड़ा द।
It may rain tomorrow.,कल बरखा हो सक ल।
The player ran fast.,खिलाड़ी तेज दौड़ऽल।
It is not a pleasant and sunny day.,ई ना त खुशनुमा और न ही गरम दिन बा।
The boy's mother called him inside for dinner.,लइका के अम्मा उनके रात मे खाये खरतीन अंदर बोलवली।
What is the highest mountain in the United Kingdom?,ब्रिटेन में सबसे ऊंच पहाड़ कवन हऽ
I had that fire.,हमके लगते हव की आग रहल।
Let silence be heard...,सान्त होखे दा सुनत रहा...
"Come out, come out, wherever you are.","बहरे आवा, बहरे आवा, तू जहवाँ भी होखा।"
How did you pass your time in such a small village ?,अईसन छोट गाँव में तु आपन समय कैसे बितावेल ।
"Nor afraid of, uh... hot coffee in bed on Sunday mornings either.",हम डरत नाहीं हई....विस्तार में एक काफी रविवार के सुबह भी।
Don't put yourself out on my account,हमारे वजह से अपने आपके तकलीफ में मत डारा ।
The hunter shot the lion.,सिकारी शेर के गोली मार देहले।
Ravi is a fast bowler.,रवि तेज गेंदबाज हऽ।
I'll kill your fear that a man there kills hundred before dying.,हम तोहरे येह डर के मारि देइब कि एगो मरद मुअले से पहिले 100 के मारि के मरत हव।
Who likes these men ?,के ऐ आदमियन के पसंद करत ह ?
Alka caused Ravi to understand the matter.,अलका के कारण ही रवि मामला के समझल ।
And I'd like to know what they are.,अउर हम जानल चाहब ऊ का हवँ।
Bring the helicopter down.,हेलीकप्टर के नीचे ले आउ।
I am just as fond of listening to songs as you are.,हम संगीत सुनलेंऽक शौकीन हईं जइसे तु हउवा।
To see you was a great pleasure.,तु एगो बहुत खुशी देखत रहल ।
"Yeah, have fun now.",हाँ अब मजा हव।
"Milton said that he did not educate his daughters in the languages, because one tongue was enough for a woman.",मिल्टन कहलस उ अपने लइकिन के भाषा नाई सिखइलस काहे से एगो काफी हऽ।
The girl has now become such familiar with everybody that no one can call her an outsider.,वइसे लडकी घर में अइसे घुल मिल गईल बा की केहु ओके पराया ना कही सकेला ।
"Before, sir.","पहिले, साहब।"
This will make you happy.,एसे तोहके ख़ुशी मिली।
I will trust him.,हम ओकरे पर भरोसा करऽब।
Radha made jam.,राधा जैम बना देहलस।
The acting of the actors was good.,कलाकार क अभिनय अच्छा रहे ।
Few things are impossible to diligence and skill.,कुछ चीज बुद्धिमत्ता व परिश्रम से असम्भव ह ।
Abdul works harder.,अब्दुल मेहनत करे ला ।
Have you been thirsty?,का तु पियासल बाढअ ?
Something's wrong.,तुरंत का हव?
Where does Lakshmi have to go ?,लक्ष्मी के कहां जाएऽक हऽ।
We bought a chainsaw that we cut all the wood up with.,हमहन क साथे सब जानी लकडी के कटली जा काहे की एगो खरिदले हई जा ।
I got one rupee.,हमके एक रुपया मिलऽल।
I'll give you a lot.,हम तोहके बहुत कुछ देब।
I worked there for two weeks.,हम उहां दूई हफ्ता काम कइली।
It is inexplicable to the doctor.,एह डाक्टर के बारे में बता पावल बहुते मुश्किल बा।
Do you ever wonder why... you're stuck a fucking lieutenant for life?,आप कबों अचरज काहें करत हवा। आपन जिनगी खातिन एगो कमबखत लेफटीनंट फँसत हवँ?
We can accommodate up to 300 people here very comfortably.,हम 300 लोगन के इहवाँ आराम से खपाई सकत हईं।
Cassette rewinds to the beginning.,कैसेट प्रारम्भ से याद करे के कहल गईल ।
Please give me some books on Sindhi poetry.,सिंधी कविता क कुछ किताब हमके दे द।
We have vacations from Saturday for 25 days.,हम शनिवार से पच्चीस दिन की छुट्टी पर हई ।
You are partly right.,तु आधा सही हवा।
You are very kind.,तु बहुत दयालु हउअ ।
Am I spoon-feeding my child?,का हम बच्चा के एक चम्मच खिया सकेलीं?
He will throw the spear at me.,ऊ भाला हमरे तरफ फेंकी।
"Damn it, you're putting me behind!","बस करा, डुफरेन, तू देरी करावत हवा!"
We must hasten.,हमहन के जल्दि करे के चाही ।
"Come on, Ron!",रॉन चला।
"Being tired, he went to bed.",थकल होये के कारण उ बिस्तर पर गयल।
Bring everyone with the name Harsha.,हर ओके ले जा जेकर नाँव हरखा हव।
Why don't you just stay with your own kind?,पानी गीला हव गीला हो जइवा पिले पेट वाले।
One Sindhi girl is my friend.,एगो सिंधी लड़की हमार दोस्त हवे।
"Bhola Prasad jee is researching on Kalidas ` s Shakuntala , by the way he is also searching for his Shakuntala.",भोला प्रसाद जी हिन्दी साहित्य में कालिदास की शकुन्तला पर रिसर्च करत हवअ वैसे इनेका भी आपन शकुन्तला के तलाश बा ।
Beautiful bowl. I've seen one other like it.,जवन पाथर तीर उपयोग कमल जात रहल आउर लाल एक सषार।
I don't concur with you on that opinion.,हम उ राय पर तोहसे समहत नाई हईं।
And then he went to meet her in her chamber.,आ तब उ ओसे चैम्बर में मिले गयल ।
"Indu, listen to me.","इन्दू, हमार बात सुना।"
Ram reads books.,राम किताब पढ़ लेहऽल।
"Here you go, miss.","आप जाइ, बहन जी।"
Ram must have gone to home yesterday.,राम कलिहां घरे गइल होई।
Had I the wings of a bird I would fly away.,हमार पास पञ्छी के पङ्ख होईत त हम उड जयतीं ।
How many gold-necklaces do you have?,तोहरे लगे केतना सोने के हार हउए ?
Sounds even better from inside.,भितरों से बेहतर लगत हव।
And who are you?,आ तू के हव?
How many more times must you moisten your duster?,केतनी बेर डसटर (झाड़न) गील करबा?
Has she copied the chapter?,का ऊ अध्याय के उतार लेले रहली?
How did they say that John had been fired ?,ऊ लोग इ कईसे कह सकेला कि जॉन के काम से निकाल देहल गईल।
"I will introduce you to Nikita, but you will also have to do my work.",हम त तोहार जान पहचान नीकिता से करवा देईब पर तोहके मोर एगो काम करेके पडी़
I'm right behind you!,हम ठीक तुहरे पिछलँ हईं।
Open all the windows.,कुल खिड़की खोल द ।
I thought if Munna was here...,हम सोचली यहवाँ मुन्ना
Melissa hated the students in her class.,मेलिसा अपने कक्षा क छात्र पसंद नाई कर त।
The long recess is for half an hour.,बड़ा देर से आधा घंटा क छुट्टी हऽ।
I like rice.,हमके भात पसंद ऽब।
I was reading a book.,हम किताब पढ़त रहलीं।
Antibiotics do no good for the common cold .,रोगप्रतिरोधक दवा सामान्य ठंडा बदे अच्छा न हवे।
Mom is working.,माई काम करत बा।
Backdraft blew out the flame. That's it.,बैक डराफट लपट बहरे धमाका से उड़ा दिहलअ।
This car is not only fast but also safe.,इ कार केवल त्व्ज ही न बल्कि सुरक्षित भी चलेला ।
A nigger.,एगो हबसी।
I pretended not to care but I was screaming inside.,हमके तबीयत के परवाह नाई रहऽल हम अंदरवा चिल्लात रहलीं।
Can you wear this clothes?,का तु इ कपडा पहिन सकल ?
What does it show?,ई का दिखईहे?
The dog has not barked.,कुत्ता ना भौकलस ।
Stephen's not staying here anymore.,स्टीफन अब अउर इहवाँ रहल नाही हव।
Does she consider?,का उ बिचार करत हई ?
Bring me some oil and a lump of ice.,तनि तेल और बर्फ क ढेर ले आवा।
My name is Lasse Karlsson from Tomelilla.,हम काम तलास रहल हईं...
"Sometimes back, I had been to Europe for a month.",कुछ समय पहले हम यूरोप में रहुंवी कुछ महीना खातिर ।
"After dinner, the baby woke up his mother with a loud yell.",रात में खाए के बाद लइका उठ गइल और चिल्लाई के अपने माई के बुलावे लगऽल।
I understand you're a man that knows how to get things.,हम समझत हईं की तूहीं ऊ हवा ते जानत हव की चीजन के कइसे पावल जाला।
They used to earn their living through hard labour by catching fish from the lake.,झील से मछली पकड़ के खूब मेहनत द्वारा उ लोग आपन जीविका यापन करेन ।
I am a clerk in an office.,हम ऑफिस में बाबू हईं।
She's close.,इ करीब हव
"Sorry, man, John Wayne time.","छमा करा, अदमी, जान बेन समय।"
How many watches have spoiled?,केतना घड़ी बर्बाद हो गईल ह ।
How'd you know we call him Doc?,तुहके कइसे पता हव की हम ओके डॉक कहींला?
"Come on, move it!",च्ला!
Only about three months.,खाली करीबन तीन महिन्ना
The basic idea is to cope with the very costly damage... ... anddepreciation which can occur.,मूल बाति हव निपटल बहुत महंङ नोकसान...
Take the swab.,स्वाँब लेला
Give money to Ramu.,रामू के पइसा द।
Come back here.,इहवाँ वापस आवा
Something's wrong. - The birds have gone.,कुछ गड़बड़ हऽ। - चिड़ियो चल गइलिन।
The book was given to the best student in the class.,कक्षा के सबसे अच्छा विधार्थी के किताब दिहल गईल रहे ।
I don’t know how deep he had to dig it.,हमके नाई पता कि ओके केतना गहरा खोएऽक पड़ल हऽ।
A prolonged erection (priapism) can damage the penis .,लंबे समय तक उन्नत शिश्न लिंग के नुकसान पहुंचा सकऽल।
We have got enough food to last us three days.,ह्महन क तीन दिन खातिर खाना मिल गईल ।
If not accept my challenge.,अगर हमार चुनौती सोवीकार ना हव।
"You remember the place well, and at night, you slip in hand.","जगह अच्छी तरह से याद कइके, रात में आपन हाथ घुसावा।"
A new car was given to me by my husband.,हमार भतार हमके नया कार देहले हऽ।
"Although he was bred with the law, he became a successful journalist.",हालाँकि ऊ कानून के साथ बढ़ल रहन ऊ पत्रकार बन गईलन।
It's hopeless.,निरास करेवाली हव।
"Bob is handsome, he is, moreover, rich.","बॉब सुंदर बाड़ें, उ ज्यादा अमीर बाड़ें।"
He was a hell of a fireman.,ऊ एगो फयरमैन की एगो नरक रहल।
I shall go if you agree to my proposal.,अगर तू हमरे प्रस्ताव से राजी हउवा त हम जाइब।
Roshan has watched an exhibition.,रोशन प्रदर्शनी देखले हऽ।
They were advocates.,उ सब वकील हवें ।
I will surely help you.,हम पक्का तोहार मदद करऽब।
You were not here.,तु यहवा नाई रहल ।
I look on him as my son.,उ हमके आपने लइका जइसन लगा ल।
Run to the fat foreman!,स्कोल शैतान!
Your friend Andy.,"तुहार दोस्त, एंडी।"
You feel you've been rehabilitated?,का तुहके लगेला कि तु सुधर गइला?
"Nothing , I could not even see their face and Navratri ` s Dandiya is going on these days in Hanuman street , it is difficult to recognize him in the crowd.","कुछ ना और अन्हारे में उनहन क थोबडा ना दिखल और आजकलत त हनुमान गली में नवरात क डाडिया चलत वा, ओके भीड़ में पहचानल भी मुशकिल बा ।"
Did you get your wish ?,का तु आपन इच्छा पइल ?
Tell him about us down on State Street.,राजगली पे हमरे बारे में ओके नीचे बतावँ।
I saw a crying girl.,हम एक लइकी रोवत देखलीं।
I called him at his office.,हम ओके दफ्तर बुलइले हई।
"If she comes to see us, we will go to the zoo.",अगर उ हमनि के देखे आयी त हमनि जू चलब ।
"Meanwhile, Jakhro spoke about the beauty of Kounru.",ए बीचे जाक्रो कौररू क सुंदरता क बात कइलस।
We were prevented from seeing the prisoner.,हमहन क कैदी के देखले से रोकल गईल ।
You can try in trial room.,तु ट्रायल रुम मे कोशिश कइ सकल ।
Don't forget your friend Boidyonath,आपन दोस्त बइदनाथ क ेमत भुलिहा।
Forget about them and come to our matter.,ओनके छोड़ा अउर मुद्दे के बात पे आवा।
The dog frightens the child.,कुत्ता बच्चा के डरावत ह ।
We're gonna get you outta here. Lay down.,तू चलि जा हम इहाँ वाला हईं।
Radha had early lunch.,राधा जल्दिए खा लेहलस।
Why should I listen to any one ?,हम काहे केहू और ऽक सुनी।
This is not needed.,ई जरुरी नईखे।
"Maher thinks that he is strong and Omar thinks that he is strong, but his father does not think that he is strong.","माहेर के लगऽल कि उ ताकतवर हऽ, उमर के लगऽल कि उ ताकतवर हऽ लेकिन ओके बाऊजी के नाई लगऽल कि उ ताकतवर हऽ।"
Had Mary been dancing?,का मैरी नाचत रहुई?
How much is this dress?,ई केतना के ड्रेस हवे?
Fool!,मुरुख।
The cars needs to be driven.,कार के चलावे अके आवश्यकता ह ।
The crowd that gathered cheered him to the echo.,जवन भीड़ इकट्ठा रहल ओकर खुशी गूंज गइ ल।
Will you go to the cinema tomorrow?,का तु विहने सिनेमा जइबअ ?
Can I go to the cinema?,का हम सिनेमा जा सकेलीं?
"It's where the spirit of the forest dwells, and it's a very dangerous place for humans.",उहाँ कवनो आदमी चल सकेला।
You've had a grand-daughter in the meantime.,"तुहरे एगो पोती हव, एह बिच्चे में।"
Few persons can keep a secret.,बहुत कम आदमी रहस्य के बनाये रख सकतन ।
I say it's better here.,येहीं बेहतर हव ।
They always do that.,उ हमेशा करत हव
We are hoping for better weather tomorrow.,हमहन क बिहने अच्छा मौसम क आशा करत हई जा ।
The big yellow dog slept.,बड़का पीयर कुक्कुर सुत गइल।
How many masons are in your village?,तोहरे गाँव में केतना राजगीर हवन?
"On this point, I would not know what to tell you.","येह बिंदु पे, हमके नईखे समझ में आवत कि हम तोहके का कहीं।"
What bicycle?,कइसन सइकिल?
Please change the channel.,चैनल बदल द।
I'll go to Bombay.,हम बंबई जाइब।
Don't hide it from me.,हमसे न छिपावा इ।
Will you sit here?,का तु यहवां बइठबअ ?
This is the list of the rules.,ई नियम के सूची हवे।
I have a brother and a sister.,हमरे एगो भाई और बहिन हऽ।
How many players like to play badminton?,केतना खिलाड़ी बैडमिंटन खेलल पसंद करेलन ।
All the details are given in this.,एकरी बारे में सब तरह के सूचना दे देहल गईल बा।
Show you bliss...,तू सुख देखिहा...
Why do you spend money unnecessarily ?,तू काहे अनावश्यक पइसा भेजत हवा?
The one who works hard gets success.,ऊ आदमी जे कठिन परिश्रम करी सफलता ओही के होई।
What the hell is it then?,"खयर, त ई का हव?"
It wasn't so good as last time.,ई पीछला समय जईसन अच्छा ना रहे।
"I was pulled out of there... by my hero, my Shadow here.",हम मरि गयल रहलीं।
The ball rolled toward Beth.,गेना बेथ के ओर लुढ़कल।
Get the high-rise jet.,ढ़ेर बढन्ती जेट करा।
Shall we go out ?,हमहन क बहरे चलल जा ।
Return to your cellblocks for evening count.,सांझ के गिनती खातिन अपने कोठरिअन में वापिस आव।
I can't walk that far.,हम नाई टहल सकी ल।
Will you not be in the college tomorrow?,का तु विहने कालेज मे नाइ होइबअ ?
Afternoon 12 to 3 and evening 7 to 11.,दुपहरिया 12 से 3 और संझा के 7 से 11।
I bought it approximately a week ago.,एके लगभग एक हफ्ता पहले हम खरीदले रहलीं।
"Yeah, I know how you feel.",हाँ? हम जानत हईं कइसन महसूस होत हव।
Bruce was lying on his bed.,ब्रूस अपने बिस्तरा पर सूतल रहल।
They are teaching Sindhi.,उ सब सिन्धी पढा़वत हवें ।
The letters being written by the engineer will be signed by the director.,पत्र ईजिनियर द्वारा लिखाईल अब निर्देशक द्वारा हस्ताक्षरित होई ।
Sorry to hear about the mannequin.,पुतला के बारे से सुनले खातिन खेद हव।
Can you tell me what material she likes?,का तु हमके बता सकलअ कि उ कवन समान पसन्द करेली ?
Grady?,गरेडी?
I am a government employee.,हम सरकारी कर्मचारी हईं।
You don't need to ask me every time you need to go take a piss.,पेशाब करके खातिर हरदम पूछले क जरूरत ना हऽ। बस जा? समझ में आयल?
I am near-sighted.,हम जल्दिए देखली हऽ।
I'm telling you to stop.,हम आपसे रूकअ खातिर कहत हईं।
Get out.,निकरि जा।
you buy the whole company a drink.,अपने पूरी कमपिनी एक डिरिंक खरीदत हई।
All those who want to go to the market should come with me.,उ सब जे हमरे साथ बाजार जाईल चाहत हऽ ओके हमरे साथ आवे के चाही ।
Is there a reason why you don't look me in the eye? Should I know something? Signe?,तू हमरे आँख में देखकर नात काहें नाही करत।
Uncle! I was thinking something.,"काका, हम एगो बात सोचत हई"
That is my friend.,ऊ हमार दोस्त हवन।
On hearing this Mohammed wanted to test Punhoon and gave him a sackful of clothes to wash.,ई सुनके मुहम्मद पुन्हूं के जांच करे चाहत रहनअ अउरी उनके एक बोरा भरके कपड़ा धोवे के देहनअ।
"Mohan, who is a teacher, reads a lot of books.",मोहन जवन कि टीचर हऽ बहुत किताब पढ़ऽल।
There's a cure for everything... except death.,सब कुछ खातिन इलाज हव... मउत छोडि़ के.
It isn't for such as them to dictate to us.,ई ओह लोग खातिर सच ना हवे हमनी के ऊपर शासन करी। ।
A computerized reservation facility is located at the Golden Temple Complex.,कम्प्यूटर आरक्षण सुविधा स्वर्ण मन्दिर के पास हौ।
Shaunak felt a great love for the cat.,सौनक के बिलारी खातिर बहुत प्यार महसूस भइल।
Will the child have been slept before its mother comes,का बच्चा अपनी माँ के अईला से पहिले सुत गईल रहे?
They are going to ask a question.,उ सब प्रश्न पूछे जात हवें ।
Stupid!,मुरुख!
I am prepared to meet you half-way.,हम तोहसे आधी राह में मिले खातिर तैयार हईं।
Belonged to my dowry.,हमरे दहेज क रहलीं ।
They are nearer to the sun than the earth.,पृथ्वी से नजदीक उ सब सूर्य से हवें ।
Kamla will bring vegetables from the market.,कमला बाजार से सब्जी लियाई ॥।
How many students are brave?,केतना छात्र बहादुर हऊवन ।
"No, I have no enemies here.",हमार इहवाँ केहू दुसमन ना हव।
Don't touch those stones!,तू का कर रहल हव।
Don't worry.,चिन्ता मत करा
Did you get married or not?,तू शादी क लेहलअ की ना?
Your son is here!,आपक पूत इहवां आयल हवॅ।
I found a good parking space because I went to work early.,काम पर हम जल्दी चल गइलीं ऐसे हमके पार्किंग खातिर बढ़िया जगह मिल गइल।
"The beans are very tasty, I should taste a bit.",बीन्स बहुत स्वादिष्ट हव थोड़ा चख कर देखत हईं।
Almost a year.,करीबन एक बरिस ।
Just now Bhairava taught me to use bow arrow to hit target.,ठीक अबहिन भैरवा हमके लच्छ पे धनुहीं अउर बान से भेदल सिखवले हवॅ।
After meeting who did Anu go home.,केकरा से मिलकर अनु घर गयली ।
The treasure was very valuable.,खजाना बहुत कीमती रहे ।
"Hello, my darling.",नमस्ते पिरय
"The orchard is private property, bought and paid for lt will have to be fenced in if we're to save any fruit","बागि नीजी सम्पदा हव, पइसा देइके खरीदल हव, केतनी बेर कहले हईं अगर फल घरे में ले आवेके हव त बाड़ा लगावा, बाड़ा लगावा।"
"""Institutionalized,"" my ass.","""संस्था हअ,"" हमार गधे।"
Everything I own in the whole world is up there.,हम पूरी दुनिया मे अपना सब कुछ उपर हव।
You questioned me infront of everyone.,तू सबके सम्हने सवाल कइले रहला।
How does that poet describe the faces of the children in the classroom?,वर्ग के कुछ लईकन के चेहरा कवि कईसे वर्णन कईले बा?
What did I say ?,हम का कहीं।
"The teacher allowed notes during the test, but all of the students failed anyway.",परीक्षा में गुरु जी नोट्स रखे कहले रहल मगर तबौ कुल लइके फेल हो गइल।
No pizzas in this restaurant.,"ये होटल में कवनो पिज्जा ना हव,"
I like mangoes.,हमके आम नीक लगऽल।
It is a a sad story.,ई बहुते दुखदायी कहानी बा।
You can't come in now.,अब आप में ना आइ सकित।
No other metal is as useful as iron.,कवनो धातु एतना उपयोगी ना ह जेतना कि लोहा ।
It is easy to please my parents.,हमरे माई बाप के खुश कइल आसान हऽ।
Aspasia will not be going out to pasture tomorrow.,असपसिआ कल चरय नाहीं जा रहत हव
Somebody had called for you.,कोई तोहके बोलावल हऽ?
"Sir, he's telling the truth.","महोदय, ऊ सच कहत हव।"
This is the boy whom I punished last week.,एही लड़का के हम पिछला सप्ताह सजा देले रहनी।
You were a teacher in Saraswati High School.,तु सरस्वती हाई इस्कूल में अध्यापक रहला।
To drive a car requires care and skill.,कार चलावे खातिर कुशलता व इमान के जरुरत ह ।
Can you bring a glass of water for me?,का तु हमरे खरतिन एक गिलास पानी ला सकलअ ?
"""You hear what I said, boy?"" I say, ""Yes, sir. I did.","हम कहलीं, हँ साहेब, हम सुनलीं।"
Can I repair you mobile?,तोहार मोबाईल बना सकेलीं का?
I was a little theatrical back then.,त हम एक छोटा सा टेटरेल ना रहल
Can you finish the home work right-now?,का तु घर के काम अब्बे ख़तम कइ सकल ?
I hate you. Leave me.,हम तोहसे नफरत करत हईं।
In love. I get it.,हम एके पावअ खातिन
How many people have kept their word?,केतना आदमी आपन शब्द अपना पास रखुवन ।
"Mary said she could come to the show, but she got sick the day before.","मैरी कहऽल हऽ कि उ देखावे आ सकेऽली, लेकिन उ एक दिन पहिले बीमार हो गइल।"
We are writing in copies.,हमनि कापी में लिख तानि ।
You have not brought the book that I asked for.,तु उ किताब ना ले अइला जवन हम कहले रहली हऽ।
Ram is working.,राम काम करऽत।
Why did you come?,तू काहें आयल?
So... will you tell me?,त...तू हमके बतइबा?
They would have gone.,उ सब शायद चल गईन ।
"Stephen, relax.","इसटीफन, अराम करा।"
How many students are about to come to my home?,केतना छात्र हमरा घरे आवे के हऊवे ।
Ram is drinking water.,राम पानी पियऽत।
Thank you.,सबटाइटल अनुबाद जसपाल सिंह।
What do you do in such programs ?,तु एह लेखा के कार्यक्र्म मे का करत हउअ ?
Man is the only animal that uses fire.,आदमी इकलौता जानवर हऽ जवन आग क इस्तेमाल कराल।
Mr. Friese?,मास्टर फिर इस?
Some brother. Shit!,कुछ भाई।
Think of the devil and the devil is here.,सैतान क नाँव ला अउर सैतान हाजिर
"Not as your king,",तोहरे महराजा जइसन नाहीं!
I had worked.,हम काम कइलीं।
Here is the present from my uncle.,ई हमारी चाचा के तरफ से उपहार हवे।
They are returning back the money.,उ सब पैसा लौटावत हवें ।
My cat chases rabbits.,हमार बिलरिया खरगोश दौड़ावत हऽ।
I like to play cards with friends.,हमके दोस्तन के साथ ताश खेलब नीक लगा ल।
I think it'll take years.,हमके लगत हव सालन लगि जाई।
The woman lying on the mat is perhaps asleep.,चटइया पर लेटल औरत शायद सूत गइल।
I enjoyed my Kashmir trip a lot.,कश्मीर दौरा पर हमके बड़ा मजा आइऽल।
No one is allowed in the dining room!,रसोइयां में केहू के अनुमति ना हव!
I beat it.,रत्त चाँप: 1
"You must learn to cook, mustn't you?",का खाना बनावल ना सीखे के चाही?
"In addition, I would like for you to sweep the kitchen floor.","आगे में, हम चाहत बानी कि तू रसोईघर के फ़र्स के साफ़ कर द।"
"What do you think, Brian?","आप, बरायन, कालगत हव?"
"If I haven't known that, I wouldn't believe you.",हाँ हमें पता हव
Did I work?,का हम काम करीं?
Mary told the story to John.,मैरी जॉन के कहानी सुनइलस।
Can I still do that?,हम अब अइसन कइ सकत हईं?
It's really pretty outside.,सच्चो में बहरे सुन्नर हव।
Is he accusing him?,का उ उनके पर आरोप लगावत हउए ?
You sure this is where you saw her?,का तोहके यकीन हव कि तू उहवाँ देखला?
You did not switch off the lights before leaving.,तु छोडले से पहिले बिजलिया नाई बुझवल ।
Ila sent Anu the necklace.,इला हार के अनु के भेज देहली।
What did you do to that little girl?,आपके लगत हव की छोट लइकी खातिन का कइला?
The shop opens at morning 8 O' clock.,दूकान सुबह में 8 बजे खुले ला।
And they were right.,अउर उ सही रहल
I have to ask you something.,हमके तोहसे कुछ पूछेऽक हऽ।
"Yes, sir!","हाँ, महोदे।"
Who did he say that to?,केसे कहला?
interest.,बिआज ।
"Yes, My father had this dream.",हं हमरा पिताजी क इहे सपने रहे ।
We may not do a good job in a hurry.,हमहन से हाली मे एगो अच्छा काम ना हो सकेला ।
I am in second year.,हम दूसरे साल में हईं।
"Shame on You, It is because of your this behavior that we are without children.",हि: शायह तोहरा रही स्वभाव से भगवती आजतक तोहके वे ओलाद रखले हई
We .will stay there for two or three days only,हमहन क दु या तीन दिन की खातिर उहवां जायेके ।
"Stephen, can I talk to you a minute? - Yeah.","इसटीफन, हम तो हरे करअ खातिन एक मिनट बात कइ सकत हईं?"
There is one fan in each room,हर कमरा में एगो पंखा बा।
What a beautiful night!,का इ सुन्दर राती बा !
Fighting 17th!,लड़ा 17 वाँ।
Hey you keep quiet now.,हे तू अब चुप रह।
Where will I get such a girl?,कहवां मिली हमके अइसन लइकी
They live under the same roof.,उ सब एक छत के नीचे रहेला ।
I made the trip in 3 1 /2 hours.,साढ़े तीन घण्टा में जतरा कइ लिहलीं।
"No, he's not.","नाहीं, ऊ ना।"
We do not have any right to build the castles of our happiness by hurting them.,हमके कवनो हक ना हकी इनके दुख पहुचाके हम आपन खुशी क महल खड़ा करी ।
How is an Ombudsman chosen in Sweden?,स्वीडन में लोकपाल कइसे चुनल गइल हऽ।
How many bicycles do they buy?,उ लोग केतना साईकल खरीदींह ।
Can you count money for me?,का तु हमरे खरतिन पइसा गिन सकलअ ?
"As they finished the meat, they became sages and started giving forecasts.",माँस खाईल बन्द क के उ सब सन्यासी बन गईन आ भविष्यवाणी करे लगन ।
Can you tell me the reason ?,का तु हमके कारन बता सकलअ ?
I sent a letter which arrived three weeks later.,हम चिट्ठी भेजली जवन तीन हफ्ते बाद पहुंचऽल।
I was embarrassed.,हम झेंप गइल रहलीं।
Girls have changed a lot today.,लइकी कुल आज बहुत कुछ बदल देहली हइ ।
I didn't think it was going to be this big.,हमके ना लगल रहल कि एतना बड़ा होखअ जात रहल।
What I don't have are the rocks.,जवन ना हव ऊ हईं चट्टानन।
"Oh, no!","याकुल, डरा मत।"
Ultimately Allaudin and Abro themselves entered the battle field.,आखिर में अल्लुद्दीन अउरी अबरो खुदही लड़ाई के मैदान में उतर गईले।
What a tall man !,का इ लम्मा अदमी हउए !
What can Mars not destroy?,मंगल ग्रह का नष्ट नाई कै पाई।
How many sentences have you made?,तु केतना वाक्य चुकल हउअ ?
Next to the red one.,लाल वाली के बगले ।
Did Tom go to school?,का टाम स्कूले गइल बाने ?
There were just two hours for the guests to arrive within that time Sudha got the whole meal ready.,समय पर पहुंचे खातिर मेहमानन के लगे खाली दुई घंटा रहल और सुधा पूरा खाना बना लेहलीं।
I had the most terrible nightmare I ever had.,हम एगो...भयानक खराब (बाउर)
I would have purchased a scooter.,हमके स्कूटर खरीदे क बा।
"Don't trouble me, already I'm mad unable to find her.",हमके परेसान मत करा हम पहिलहीं से ओके ढूंढत ढूंढत पागल होइ चुकल हईं।
You will be tired tomorrow if you don't go to bed soon.,आज न सुतल त कल थाक जयीब ।
My sister must wash the dishes.,हमार बहिन बर्तन धोई।
#With a long list of victims#,# पीडि़तन के एक लम्मी सूची के संहे #।
Leela told him that the poor servants would serve you and meet all your needs.,लीला बतइले हऽ कि एगो गरीब नौकर तोहार सेव करी और जवन जरूरत हो ई देई।
No.,नाहीं।
Who are the main four pillars of ancient reign ?,पुरान जमाना के राज के 4 स्तंभ के हऽ?
Something's coming... Something...,आ रहल हव कुछ खुद से बड़ा
They wanted that we should accompany them.,उ लोग चाहत हवें कि हमनी क उनकर साथ देवेके ।
"Just give me one more chance to prove it, Mr. Grady.","बस हमके एक अउर मोका दा ई साबित करे खातिन, सूरी गरेडी।"
I don 't want to.,हम ना चाहित।
Broke Captain Hadley's heart to shoot him.,कपतान हेडली क दिल टूट गयल ओके गोली मरल में।
That boy tells lies.,उ लड़का झूट बोलत हऽ ।
You watch.,आप देखत हवँ।
"You're lucky, because it snow On the day of your pilgrimage.","तू भागसाली हऊ, काहें की बरफ पड़ रहल हव....अपनी तीर्थ यात्रा के दिन।"
Who gave you that knife ?,तोहके उ चाकु के देहलस?
Do not insult the weak.,कमजोर क अपमान मत कर ।
"But don't worry. It's not too strong for your father, Pelle.","लेकिन तुहार पिता संभाल सकत हव, पेले काहें ककी मजबूत हव।"
Indo-U.S relations are on a all-time high.,भारत अमरीका संबंध हमेशा बढ़िया रहल।
There are 50 flats in our society.,हमहन क सम्ाज में ५० गो फ्लैट हवं स ।
Did you Kewell blow a whistle ?,का केवेल तो सिटी बजईबअ?
I own a red and a black car.,हमरे लगे एगो करिया और लाल कार हऽ।
He was flurting and chasing girls.,ऊ तनी कमजोर अदमी रहल।
Look at me.,बरुक्स हमके देख।
I have come to Adipur earlier.,हमके जल्दिए आदिपुर आवेक होई।
I sent a letter.,हम चिट्ठी भेजलीं।
"A bevy of beauties are coming, buddy.","एगो खुबसूरती क बाढ़ आवति हऽ, आर।"
To the right.,दहिने ओर।
Is Sindhi language also being taught in your university ?,का तोहरे विश्वविध्यालय मे भी सिंधी भाषा पढावल जाले ?
Will you buy a new dress?,का तु एकगो नया कपडा खरीदब ?
How many students are wasting their time?,केतना छात्र आपन समय बर्बाद करत हऊवन ।
I want to get out!,हम बहरे निकलल चाहत हईं!
The boys are in that room.,लइके ओ कमरा मे हऊए।
Ram eats hungrily.,राम भुखा के खाऽत।
Do you have any work ?,तोहरा के कवनो काम बा ।
Did I help the poor people ?,का हम गरीब लोग के सहायता करीं?
Human is the superior in this planet.,इंसान सबसे बड़हन हऽ ब्रह्मांड में।
I expect to get a prize.,हो सकऽल हमके इनाम मिले।
How many poor are not healthy?,केतना गरीब स्वस्थ ना हऊवन ।
Does he always go there?,का उ हमेशा वहवा जात हाउए ?
How dare you pass comments on Indu?,तोर हींमत कइसे भइल इन्दू पर छींटाकसी करत हवॅ
"Calm down, Mrs. Vaitkus.",", सरीमती वेटकस सान्त हो जा।"
That's how wars start.,अइसे ही युद्ध शुरू होत हव
We apologize for the late arrival of this train.,हमहन क एह ट्रेने के देर से आवे खातिर माफ़ि मांगत हई जा।
I too have to go.,मुझे भी जाये के हव।
Experience has taught us many lessons.,आपन अनुभव से भी हमनी के जीवन में बहुते कुछ सिखिला सभे।
My sister can read.,हमार बहिन पढ़ सके ले।
Karim is tall but Abdul is taller.,करीम लम्बा है किन्तु अब्दुल और लम्बा हऽ।
Can I go to the temple?,का हम मंदिर जा सकेलीं?
Let me go!,हमें जाये दा!
I hear that your brother is in China.,हम सुनलीं तोहार भाई चीन में हऽ।
You're hurting me!,तकलीफ होति हव।
The Sisters have taken quite a liking to you.,बहिनन तोके काफी पसन्न करत हईं।
I am an officer of Sindhi language.,हम सिंधी भाषा क अधिकारी हईं।
You should thank me.,तुहके हम्मअ सुकिरिआ देवअ के चाही।
Ram saw Mohan.,राम मोहन के देखले हऽ।
On one side was self respect and love for one's land and on the other side was greed and a blind sense of revenge.,एक तरफ आत्म सम्मान रहे अउरी अपनी मात्रभूमि से प्रेम दूसरी तरफ लालच रहे अउरी बदला के अँधा भाव।
The boy is my cousin.,लइका हमार चचेरा भाई हउए ।
Was Nitin a famous lawyer ?,का नितिन जानल मानल वकील रहल हवन?
But their daughters...,लेकिन ओकर बिटिअन।
"Come on in, Jack.","भित्तर आइ जा, जैक ।"
The sky is blue now!,अब आकाश नीला बा!
It was this book that John bought at the fair.,इहे किताब के जॉन मेला से खरीद के ले आईने।
Who has been hiding the truth?,के सत्य के छुपा रहल ह ?
My home is in a village.,हमार घर गांवे में हऽ।
IKids can scare you to death.,लइकन डेरवाइ के तुहार जान निकाल सकत हवँ।
Raju went home and had lunch.,राजू घरे गइल और दोपहर क ।
Last night's count.,काल्हि राती क गिनती?
We're from Vermont.,हम बरमोंट से हईं।
Who don't you think who has Maria spoken to ?,के नाई जानत जवन मारिया से बतियवले रहल हउए ?
O warrior!,हे जोध्धा!
What is the name of Kavita's brother ?,कविता के भाई क नाम का हऽ?
No. It was really great to see my mom. Just really hard saying goodbye.,"नाहीं, ई देखअ के रहल वास्तो में माई महान हव लेकिन अलबिदा कहे खातिन बहुत मोसकिल।"
It is surprising that he did not succeed.,ई सुनके आश्चर्य होत बा कि उ सफल ना भईलन।
Thief!,चोर!
You were prudent.,तु बुद्धिमान रहला।
My father reads Ramayan everyday.,हमार बाउजी रोज रामायन पढ़ें ल।
Ram will answer this question.,राम इ सवाल क जवाब देई।
"Come on, Bruno!",आवा बरुनों!
Ram is driving the car at a high speed.,राम बहुत तेज कार चलावऽत।
The girl ran a needle into her finger.,लइकी अपने अगुरी मे सुई लगावले।
Don't you do this ?,का तु इ ना कइला?
Riding a bicycle is easy.,साइकिल चलाइब आसान हऽ।
Damn!,लानत हव!
Do you have your homework ready?,का तु आपन घर के काम तैयार कइल हउअ ?
We all despise a cowardly boy.,हमहन सब जानी एगो डर्पोक लईका के थुथकार देहली जा ।
Maria Ricci.,रिच्ची मारिया ।
"Some of you could get killed, because of me.",इ ऐसे भी बदतर एक सौ गुना हो जाई
You can put it wherever you like.,तु जहाँ पसंद हो वहीं रख सकला।
What's the next thing you remember after you were brushing your teeth?,आपन दाँत बुरुस कइले के तुरत बाद क तुहके का इयाद हव?
Hey.,अरे।
Are you going now or what ?,का तु अब्बे जात हउअ अथवा का ?
We still haven't gotten a fire report.,हम अबहिन भी एक आग क रिपोट ना मिल गयल हव।
Does he watch the game?,का उ खेल देखत हाउए ?
"See, he was here!",देखाऊ येहीं रहल!
"Nils, go and get some water for your father.",निल्स अपने को पानी दिहा।
[Whispering] Did the fire look at you?,(फुसफुसा) तुहरे में आग लगत रहल?
That kid's long gone and this old man is all that's left.,"उ लइका अब ना हऽ, इ बुढ़ा ही रह गयल हऽ।"
I must leave today.,हमके आज करेऽक होई।
"Why won ` t I go brother , how will I feed my wife if I don ` t work?","अरे जहिह काहे न भाई, मेहनत ना करीह त अपनी मेहरारुआ के खिअईहंअ – पिअईहंअ कहा से ।"
Is this the kind of dress to wear in school ?,का ई स्कूल में पहिन के जाए वाला कपड़ा हवे?
I opened the door so she could come inside.,"हम दरवाजा खोल देहलीं, ताकि उ अंदर आ सके।"
They sat before the counter.,ऊ लोग काउंटर के सामने बईठल रहे।
We'll take responsibility for her.,हम येकरे खातिन जिम्मेदारी मान जाइब
"Colonel, as you unwrap me,","करनल, आप हमके खोलले के रूप में"
Kill her?,मारि डालित?
Will you have white-washed the whole house within a week?,का तु एक हफ्ता के अन्दर पुरा घर सफेदी करबअ ?
There is no one who has not lost a friend.,केहु अईसन नईखे कि जे दोस्त न खोवले होके।
You don't speak Russian.,तु रसियन मे न बोलअ।
King came to the palace in the evening.,राजा सांझ क जगह पर अइलें।
I hate homework!,हमके घरे क काम से नफरत हऽ।
I visited the city that John comes from.,जहां से जॉन आवऽल हम उ शहर घूमली।
You had not been packing your bag.,तु आपन झोला नाई भर गइल रहल ।
You will sleep better if you get a new mattress.,तु बढिया से सुतब अगर एगो नवका गद्दा पइब ।
I would have asked a question.,हमके तोहसे सवाल पूछेक बा।
Have you made lunch?,का तु लन्च बना लेहल ?
Do you speak English?,का तु अंगरेजी बोलेल ?
I like folk music a lot.,हमरे लोक संगीत बहुत पसंद हऽ।
"Do you want coffee, tea, or soda?","का तु कांफी , चाय या सोडा चाहत हउअ ?"
You were bringing flowers.,तु फुलवा लावत रहल हऽ ।
Will you come with us ?,का तू हमहन के साथे अइबा?
I have to reach the office.,हमके दफ्तर पहुंचेक हऽ।
"You also have a weakness, you believe something very easily.",तोहरा में एगो कमी भी वा कि राऊर केहु की वात के बडा जल्दी मान लेईला ।
We rounded the bent at high speed.,हमहन क बहुत जोर से बेल्ट के बन्हली जा।
Flour is used for making bread.,ब्रेड बनावे खातिर आटा के इस्तेमाल होवे ला ।
It's strong.,ई मजबूत बा।
"A young Rajah once said to his Vizier, ""How is it that I am so often ill ?""","एगो युवा राजा अपने वजीर से कहलन कि ""ई कईसे होला कि हम बीमार पद जानी?""।"
What is it called in Sindhi ?,एके सिंधी में का कहल जाला?
My wife used to say I'm a hard man to know.,हमार मेहतरू कहत रहल हमके समझल मोसकिल हव।
Ram went office early today.,राम आज जल्दी ऑफिस चल गइऽल।
There must be a way round the problem.,समस्या के बीच एक राह होई।
... fromstayingin aplacewhere something like that happened.,अइसन जगही रुकले से जहवाँ ले हमरे संहे ना होखअ वाला हव ।
There he befriended many people of nobility and aristocrats.,उहाँ उ कई बड़हन और अभिजात वर्ग के लोग के साथ दोस्ती कईलें।
My grandmother once saw Queen Victoria.,हमार आजी महारानी विक्टोरिया के देखले हऽ।
"You can't do this, Rud!",तू हमरे संग अइसन ना कइ सकत।
You understand the sentence.,तु सेन्टेन्स समझ गइल ।
Uh... huh.,उह...हुह।
They both went down embracing each other under the water.,पानी के भीतर एक दूसरे के शर्मिन्दा करत उ लोग गईन ।
How does the poet describe some of the children in the classroom?,वर्ग के कुछ लईकन के कवि कईसे वर्णन कईले बा?
This iron ball was found in the boar's body.,उ दर्द में रहल।
"""I'll see you in hell before I see you in Reno.""",हम तोहके रीनो से मिलले से पहिले नरक में मिलब।’
A fair little girl sat under a tree.,एगो साफ़ सुंदर लड़की पेड़ के निचे बईठल रहे।
There is no facility for sending telegram in this post-office.,ये डाक खाना में तार भेजे के कवनो सुविधा नईखे।
No.,नाही
I am the person that is to blame.,हमहीं हईं जेके ऊपर बड़ा इल्जाम हऽ।
Shyam does not eat food.,श्याम खाना ना खइलें।
In which room is Mrs. Nandwani ?,मिस्टर नंदवानी कवने कमरा में हवें।
"I am thinking, what I should drink.",हम सोचत हईं कि हमके का पीएऽक चाही।
I opened the door.,हम दरवाजा खोल देहलीं।
"Nobody had bothered to plant new ones, had they?",का केहूँ व्यक्ति व्यक्ति ऐसे परिचित रहे कि नया पौधा लगावे के चाहत रहें ।
How many retailers are in your street?,तोहरे गली में केतना फुटकर विक्रेता हवन।
"Sri Lanka went in first on a very wet wicket, and so they lost the match.",श्रीलंका पहिली बेर गील पिच पर खेलले अउर मैच हारि गइल।
Couldn't you make it a bit more?,का थोरी अउर जिआदा ना लगा सकेला?
Four months.,चर महीने।
Some of the ruffians were escaped convicts.,कुछ रसियन अपराधी भाग गईल रहन ।
"Hey, Otis is it-- - [Otis] It's jumpin' floors.","अरे, ओटिस इ हव [ओटिस] इफर्स जम्प इन हव।"
"You have become the bride ` s aunt now, search a good groom for yourself.",अब त तु दुलहन क बुआ हो गईली अब ते अपने खातिर कवनो अच्छा दुल्हा त चून ले ।
Rama replied that he could not do so.,रामा जवाब देहलस कि उ नाई कई सकऽल।
You do too know.,तू जानत हवा।
Everything takes its due course only.,सब कुछ एहि क चलते भइल हऽ।
Does he know how to feed children?,का उनका के बच्चन के खियावे आवेला?
The boys hid themselves.,लइके खुद के छिपवने ।
How can fearlessness be cultivated in a person?,एगो आदमी की अंदर में निडरता कईसे भरल जा सकेला?
They say it has no memory.,ऊ कहलँ एकर कवनो इयादी ना होत।
I hate borrowing money.,हमके उधार लेवे से नफरत हऽ।
You should have come to the office yesterday.,तोहके कलिहा कार्यालय आ जाइल चाहि ।
"Look. If we're lucky, Pelle, we'll get wild strawberries.",अगर हम भाग्यसाली रहली त हमें जंगली स्टराबेरी मिल जाई।
Few towns in India have public libraries.,भारत क कुछ शहरन में पुस्तकालय बा।
My greatest pleasure is that I sit here in the sun.,हमार परम सौभाग्य बा कि हम इहां घामे में बइठल हईं।
That wretched girl of Hori's,"देखा ना, होरी क ऊहअ मनहूस लइकी।"
Sit down.,बइठ जा।
Donkey?,जधा?
I don't remember having ever seen him.,हम याद नाई बा कि हम ओके कभौ देखले हई।
Please get coke for us.,सुनत बानी हमहन क खातिर केके मीली का ।
"Fine morning, isn't it?","सुहानी सुबह, का नाहीं?"
I understand.,हम समझ गइलीं।
I did not hear it.,हम नाई सुनाइऽल हऽ।
Wait at Monte Sacro.,मोंटे समास में रुकिहा।
She will be staying with us now. - Yep.,मिससिग्ने ने हमरे संग ही रहिहँ।
They live in Kalyan.,ऊ लोग कल्यान में रहेला। ।
Whom can I ask other than you to rescue Mohini from Lotiya?,मोहिनी के लोटिया के इहवा से छुडा के लावे खातिर तोहरी अलवाऔर केसे कहब ।
You are becoming more and more impudent day by day.,तु दिन ब दिन बहुते बेशरम होत रहत हउअ ।
Fine.,ठीक हव।
These are the names of days.,इ सब दिनन के नाम हवें।
Everybody wants to be on their way as early as possible.,सभे जल्दी से जल्दी आपन राहि पकरल चाहत हवँ।
"Whatever we say , whatever we think , our children get the same effect.",जवन हमहन क कहल जाला सोचल जाला ओटीक असर त हमहन की लइकन पर पडेला
Do you want to see movie or not ?,का तु मूवी देख चाहत हवा कि नाही?
My perception about you was absolutely correct.,हमार राय तोरी बारे में बिलकुल सही रहे ।
Let me hear it once more.,हमके इ एक बार और सुने ऽद।
We came here in 1980.,हमनि 1980 में ईहां अयलीं ।
Why not?,काहें नाहीं?
He kept notebooks.,उ नामांकन पुस्तिका के रख लिहलस ।
Mary likes every man.,मैरी हर केहू के पसंद करेली।
Nobody cares about that one.,के हुओ हव की एक के बारे में परवाह ना हव।
"If you told me the truth, it would be easier to help you.",सच बता देत रहत त मदद करे में आसानी होतअ ।
Tim! Tim!,टिम?
Don't pander to him,ओके सिर मत चढ़ावा.
They are burning out the entire forest.,उ लोग पूरा जंगल जलावत हवें ।
They're more akin to autohypnosis a kind of self-induced trance.,ई जुड़ल होलँ अटोहिपनोसिस से...जवन अपने से परेरित समाधी क परकार हव….
Jack.,जेइक
Stephen!,इसटीफन!
I feel a severe pain in my head.,हमार कपार भयानक पिराऽत।
"According the information from our spies,",हमरे खोपिया बिभाग के अनुसार।
We are like moon and lion's union...,हम हन चन्दा अउर सेर के जोड़ी जइसन हईं
How many silk saris does your mother have?,तोहरे माई के पास केतना रेशम क साड़ी हव?
What did you do for the Independence day programme ?,आप स्वतंत्रता दिवस के कार्यक्रम खातिर का करब?
"Why? You are here to entertain me , your behavior is exactly like her.",काहे इहां मन लगावे के लिए तु त हऊवअ तोहार स्वभाव भी त एकदम ओही की जईसन हऽ ।
Who could want more?,ऐसे अधिक के चाहत हव?
I know a shop.,हम दुकान जानीऽल।
I fear that I shall fail.,हमके डर हऽ कि हम गिर न जाइ।
"O Hamlet, speak no more!","ए हैमलेट,ज्यादा मत बोल।"
A boy is in the house.,एगो लइका घर मे हउए।
Bring water for me.,हमरे लिए पानी ले आऽव।
Promise to come again.,वादा करा फिर अइऽब।
It was at Versailles that the treaty was made.,जब वर्साइल में रहली त एक समझौता भइल रहऽल।
"I have no chillies, so I thought I'd take a couple","हमरे लगे मरचा ना हव, त हम सोचलीं थोड़ा सा ले लेत हईं।"
That means don't come in.,"जब हम इहवाँ हईं, एकर माने हव की काम करत हईं। एकर माने हव भित्तर ना आवा’।"
Rama ran fast.,रामा तेज दौड़लस।
Hey boy!,बेटा!
We figured it got in his clothes in a gas state from the fire.,राज में हमके एक आग गैस ओकरे कपड़ा में लगल मिलल।
That's why they are created.,सेना नवजात सेना एक मानव के रूप में ना होवे चाही हजार हव
We visited Paris last September due to a business meeting.,पिछ्ली सितम्बर मे एगो काम की खतिर् हमहन क पेरिस गईली जा।
What is the age of your son ?,तोहरे लइका के उमर का हउअ ?
You will laugh if I tell you the truth.,अगर हमतोहके सही –सही वता देई त तू हस देवू
"It fell short of my hopes,",ई हमारी आशा से छोट बा।
Come here for a minute first.,पहले एक मिन्ट खातिन इहवाँ आवा।
What would happen if I pressed this button?,ई बटन दबायब त का होयी?
It was his custom.,ई उ लोग के रिवाज हवे।
He'll be first.,ऊ जीती।
Mumbai is the largest cotton textile centre in country.,मुंबई देश में सबसे बड़हन कपड़ा क ठिकाना हऽ।
"Uh, are you saying there is a difference where a cow stands?",हमें बतावा ऊ कहवाँ खड़ी होत हव।
We neared the top of the hill.,हमहन क पहाडी की चोटी पर गईल रहली जा ।
What time does the movie start?,कवना समय पर फिल्म शुरु होला ?
Isn't he handsome!,का उ सुन्दर नाई हाउए ।
It has been few days.,कुछे दिन भईल ह ।
Which English king had sex wives?,कवन अंग्रेजी राजा के छौगो पत्नी रहे ।
I have not worked.,हम काम नाई कइलीं।
Tushar wants to eat sweets.,तुषार मिठाई खाये चाहला।
I had left home.,हम घर छोड़ देहले हई।
If you ask do I know...,अगर आप हमसे पूछतअ हवा त
The letter which you wrote never arrived.,जवन पत्र तु लिखल उ कबो न पहुंचल ।
Does it tell the one about the man... whose sons pulled down his pants and showed his-- - Noah?,का इसमें उ आदमी क कहानी हव जिसमें ओकर बेटा उसकी पैट निचे खीच देत हव?
Leave me alone or you'll have trouble!,छोडि़ दा हमके नाहीं त तू मुसेबत में परि जइबा।
"You’re coming to the party, aren’t you?",तु पार्टी मे आवत हउअ कि नाई आवत हउअ ।
What is 'palau' ?,पलाऊ का हऽ?
Where we goin'?,हम-जाई कहवाँ?
A certain man fell among thieves.,एक निश्चित आदमी चोर सब के बीच में गिर गईलन।
Did you work?,का तु काम करत रहल ?
I see him daily.,हम ओके रोज देखीऽल।
You must go whether you hear from him or not.,तु ओसे सुनला या ना तोहके जरुर जाए के चाहि।
Kevin Abdela.,केबिना अब्देला
A directorate for sports will be set up in Kerala by the government.,सरकार केरल में खेल निदेशालय बनावेऽक तैयारी में हऽ।
This is a conspiracy.,ई खुराफात हऽ।
I do not like fish.,हमके मछरी नाई नीक लगऽल।
That's how he put it.,ईहअ ऊ कहअ।
"Since the president is ill, he cannot attend the meeting.",जइसन अध्यक्ष बीमार हउए ओहि से उ मिले नाई आ सकत हउए।
I'm known to locate certain things from time to time.,"हाँ, हम कुछ बातिन के पता लगाव खातिन जानल जात हईं समे समे पर।"
This is tight for me.,इ हमरे लिए कसल हऽ।
Am I behaving differently?,का हम कुछ अलग व्यवहार करत बानी?
"This done, she returned to the old man with a lovely smile on her face.","एके कईला के बाद, ऊ बुढा आदमी के साथे वापस अयिली अउरी उनकी चेहरा पर सुंदर मुस्कान रहे।"
How many people got surprised?,केतना आदमी आश्चर्यचकित भऊवन ।
"Next morning at breakfast his wife said to him, ""George, I think I can tell what is amiss with our clock.""","अगिला सुबाह ओकर पत्नी ओकरा से कहली,"" जार्ज, हमर हिसाब से हम जाना तानि कि हमनि के घडी के साथ का भईल बा ।"
"In two months, you will have the woman from the village opposite.",दुइ महिन्ना में दुसरे गाँव से एगो मेहरारू इहवाँ आई।
"As you like, but you should purchase it quickly.","जइसन चाहा, पर एके तुरंत कीने क चाहीं।"
I have to save this coupon because I don’t have time to shop right now.,हमके इ कूपन सम्हार के रखेऽक पड़ी काहे से खरीदारी करेऽक टाइम नाइ ब।
"You're really ready to fight fire this time, huh, Brian?","आप बरायन हो, ई सबय आग से लड़य खातिन वास्तव में तइयार कर रहल हव।"
We've been waiting for half an hour.,हमनि आधा घंटा से इन्तेजार कर तानि ।
"Soon after, I heard that he had died.","थोड़ी देर बाद, हम सुनली की उ मर गयल।"
We hope.,हम आशा करतानि।
I want to buy a camera.,हमार कैमरा ख़रीदे क मन बा।
Do you deny that you stole the watch ?,का तु नकार देहल कि तु घडी चोरवले रहलह ?
The teacher had not tested our English.,गुरुजी हमन क अंग्रेजी नाई जंचलें।
Yeah. I guess so.,"हँ, हमके लगत हव ।"
The farmer has not been sowing out the seeds.,किसान बीज के बुआई नईखन कईले।
Don't bicker with me.,हमसे झगड़ा न करा।
This is your own company.,इ आपन खुद क कम्पनी हव।
There are many different people in Europe.,यूरोप में बहुतेरे लोग हवें
I am not saying anything.,हम नाई कुछू कहत हईं।
Ram made a mistake.,राम गल्ती कइलस।
"Oh, thank you.",अन्दर आवा अउर गरम से हो।
Mary said that Jane thinks that Jolly knows her.,मैरी कहलस कि जेन सोचत रहल कि जॉली ओके जानऽल।
Give it to me.,एके हमके दे दअ।
It is working.,इ काम करत बा।
"Come on, man.",आदमी चल।
Forever and ever and ever.,हमेसअ खातिन...अउर हमेसअ।
Raju is tormented because of headache.,राजू कपारे के दर्द से बेहाल हऽ।
Even if it rains fire...,कबों जदी आग क बरखा होखअ...
I used to decorate the house.,घर सजावे क हमार आदत हऽ।
Will you be ill if you eat so much?,का तु ढेर खइब त बिमार पड जइब ?
I think you hurt my head real bad.,हमके लागत हव की तू हमरे सिरे पे अच्छा खासा मार दिहले हवा।
And you will lose.,चीटी
They often encourage me to work harder.,ऊ लोग हमके अक्सर कठिन परिश्रम करे खातिर प्रेरित करेला।
I'm coming here to warn you.,"देखा, हम इहवाँ तोहके चेतावनी देवअ आयल रहलीं।"
We have not been sailing on the lake.,हमहन क झीली मे ना पंवर पवले रहली जा ।
Alka needs time to study Sindhi.,अलका के सिन्धी पढे खातिर समय चाहीं ।
"Starting tomorrow, you're going to be... with the toughest company in the city.","कल सुरू, तू हो जा रहल हवा...सहर में सबसे कठिन कंपनी के संहे।"
This is a big country.,ई एगो बड़ा देस हव।
Is she sick ?,का उ बीमार हई ?
"Yes, sir.","हँ, साहेब।"
You sow in a certain way.,तू एगो बहुते निश्चिन्त हाल में दीखलअ।
Once she came to meet him.,एक बार ऊ उनसे मिले के खातिर अयिली।
"Okay, Mom.","ठीक हव, माई।"
Then change it!,त फिनू एके बदलि दा ।
These mangoes are so cheap that they cannot be good.,इ आम सब एतना सस्ता बा कि इ सब बढ़िया आ होइहें।
Ila liked Mohan.,इला मोहन के पसंद कईली।
"Kunal is very intelligent, but his brother is rather slow.",कुनाल बहुत बुद्धिमान ह लेकिन ओकर भाई थोड़ा कम ह ।
We got it!,हमे ये मिल गयल।
There we get all kinds of clothes.,हमहन के सभी प्रकार के कपडे मिलते है।
But still the place you live in is that much more drab and empty that they're gone.,"आउर जब उ उड़ जाले, मन खुशी मनावेला लेकिन फिर भी उनके गयले से जगह सुन्न और खाली लगत हऽ।"
I have to buy thing from market.,हम बाज़ार से चीज़ कीनेऽक ब।
I am good.,हम नीक हईं।
This is KDK 1 calling KDK 12.,केडीके1 बोलावती हव केडीके 12 के
I do not see how we can let you continue in this class... when it is clear that you do not understand the basic tenets.,हम तुहँ कइसे इस वर्ग में रहे दे सकत हई... अगर तू बिलकुल परारंभिक बात नाही समझ पावत हवा।
Indu is mine.,इन्दू हमार हव।
I don't like tea.,हमके चाय नाई पसंद हऽ।
Two mozzarellas and a full bottle.,दो मोत्जारेला अउर पूरा बोतल
You've gotta stop just showing up on the roof like this.,तू होबा रुकल सिरफ ये तरे छते पे देखात हवा।
Ask at the nearest health center .,नज़दीकी स्वास्थ्य केंद्र में पूछा।
"What might be done, if men were wise !",आदमी समझदार रहतन त क हो सकत रहे ?
Have they done their homework?,का ऊ लोग आपन गृह कार्य पूरा कर लेहल?
We need to aware people so that they can understand the importance of nature.,हमन के जरूरत हऽ लोगन के जागरूक कइले क ताकि उ प्रकृति क महत्व समझें ।
I prefer tea than coffee.,हम काफी की जगह चाय लेब।
"Otherwise, they will resume.",अन्यथा ये फिनू इहँ करिहैं।
Ram was eating an apple.,राम सेब खाऽत रहऽल।
King me. -Chess.,राजा हम।
I sent a letter to my best friend.,हम अपने प्रिय दोस्त के चिट्ठी भेजलीं।
Dig in.,अन्दर खुदाई।
I cannot bring myself to do it.,इ हम नाई कइ पाइऽब।
Is she your girlfriend ?,का उ तोहार गर्लफ्रेंड हई ?
I want to take her not by stealing eyes but I want to take her in front of everybody.,"हम ओके आँख चुराके ना, आँख मिलाके ले जाईल चाहत हई ।"
"Come on, Stephen!",इसटीफन चला!
Is it good?,ई ठीक होई।
I'll give each and every one of you a good thrashing!,चुप रहा दुष्टों
My sister can speak Marathi.,हमार बहिन मराठी बोल सके ले।
Who gave Ali the strength to brave the bitter cold?,अली के एतना ठंड झेले लायक शक्ति के देलस?
Where's my brother?,कहवाँ हमार भाई हव?
I hadn't planned on it.,ना हम तय ना कइले हईं।
I think he did it just to feel normal again if only for a short while.,खाली थोड़ी देर खातिन सही।
"And if you see something, whistle.","अउर कुछ देखायल, सीटी बजाई दीहा।"
Because if you leave any lumps... the inspector will see them and he'll fine you.,काहें की अगर तू गाँठ छोड़त हवा.....त निरिछक ओके देखि लिहँ अउर तुहरे पर डंड कइ दीहँ
Someone's hurt?,हव कवनो चोट
We got a fire to go to.,हम पर जाये के खातिन एक आम मिल
I have a query concerning your previous reply.,हमरे लगे तोहार पहिलका जवाब से जुड़ल कुछ सवाल हऽ।
I live in Dombivli.,हम डोंबीवली में रहीऽल।
You lost it. That's life.,आप एके हेरबा देहलीं।
But Capece's going.,लेकिन केमपेसे जाइ रहल हव ।
How many players will not play game?,केतना खिलाड़ी खेल ना खेलिहे ।
Can you please answer to my questions?,का तु हमरे प्रश्न के उत्तर दे सकलअ ?
The littlest McCaffrey!,लिटिलेस्ट एमसी केफरे।
Thought I might try for my high school equivalency.,हम सायद सोचत रहलीं आपन पढ़ाई करअ खातिन
Make sure it's not one less.,तय कइ लीहा कि ऊ एको कम न होखँ।
Let's get the living home.,उ सास लेत हवें।
"Yeah, I think you're going to find out, Brian.",हाँ हम तुहें बरायन पता लगावे खातिन जा रहल हव।
My husband is not keeping well.,हमार पति नाई संभार पावत हवें।
He used to have a car.,ओकरे लगे एगो कार रहल।
I can’t find the key!,हमके चाभी नाई मिलऽल।
How many washers can not wash this dress?,केतना कपड़ा धोवेवाला ए ड्रेस के ना धो सकेलन ।
Lift your chin a little. There. Yeah.,नाही आपन ठोड़ी उठावा।
Fetch the boy a book.,लइका एगो किताब लाईल।
"Excuse me, I wanted to ask you one thing.","माफ करिए, हम तोहसे एक चीज़ पूछे चाहत हईं।"
"Way to go, Bull.","रस्ता जइहा, बुल।"
"It's Grady, Mr. Torrance.","गरेडी: हम गरेडी हईं, सरी टॉरन्स।"
May success attend you !,बहुत सारा सफलता तु प्राप्त कईल ।
I like music programs.,हमके संगीत क कार्यक्रम पसंद हऽ।
Look how scared he is.,"देखा, ऊ केतना डरल हव।"
The lecturer said that Akbar won the respect of all races and classes by his justice.,लेक्चरर कहल कि अकबर अपने न्याय से सब जाति और वर्ग क सम्मान जीतऽल।
We have not been climbing a mountain.,हमहन एगो पहाडे प ना चढत हई जा।
Who do you think that Bill saw ?,तोहके का लागला कि बील का देखले होई?
How long this train would stop here ?,इहां ट्रेन केतना दूर रुकी?
We changed the meeting from 2 to 4 pm.,हमहन क पंचायत के २ से ४ बजे तक बदल देले हई ।
Good day.,सुभ दिन.
"How was her mother, who was she, she could answer these questions herself.",ओकर भाई कईसन रहे कवन रहे ए सवाल क जवाव उ खुदे दे सके ।
We asked him to go.,हमहन क ओसे जाये खातिर कहली जा ।
The newborn?,तुरतअ जनमल?
I emptied the dishwasher so my sister could set the table.,हम डिशवॉशर खाली कई देहलीं तब हमार बहिन मेज सजा सकऽल।
Touch me and you will cry in pain...,हमके छुअला अउर तू दरद से चिल्लाये लगबा...
You! Stop!,बन्द कर!
They do not work.,ऊ लोग काम ना करेला।
You were in class.,तु कक्षा में रहला।
"Why, no, sir.","काहें ना, सिरीमान।"
"You bastard, Kongstrup!",अइसन मत करा!
They had not been working.,ओ लोग काम नाही करत रहे।
We go for picnic at Diwali.,हमहन क दिपावली में पिकनीक पर जायेके ।
Anu had the intention of telling mother everything.,अनु माई के सब कुछ बतावे के चाहत रही ।
No big deal,कवनो बड़ बात ना ह ।
Amit has shaved off his beard,अमित अपन दाढी के मुडवा लेलन ।
We had gone for a picnic yesterday.,हमसब कल एगो पिकनिक खातिर गईल रहनीजा ।
Does he want to be a doctor?,का ऊ चिकित्सक बने चाहत बाने?
Does her dog bark at night ?,का उनकर कुत्ता रात में भुंके ला?
Because I am engaged to be married.,काहे की हम बियाहल हइ।
I am stumped.,हम जोर से चललीं।
Thankyou for pleasant evening.,बेहतरीन सांझी खातिर धन्यवाद।
I have written the book.,हम किताब लिखली हऽ।
Be diligent and you will succeed.,मेहनत करा सफल हो ब।
His pulse is very weak.,येकर न बुज कमजोर हव।
Will you come with me ?,का तू हमरी साथे अईबअ?
Am I working?,का हम काम करत बानी?
I bought it for seventy rupees.,ऐके हम 70 रुपया में कीनली हऽ।
"The travellers, all of whom had seen the chameleon, could not agree about his colour.","राही, जे ही गिरगिट देखलस उ ओके रंग से सहमत नाई हऽ।"
We met an old Sadhu walking to Varanasi.,हमहन क बन्ारस जाये खातिर एगो पुरान शाधु से बात कईली ज ।
You come tomorrow at 11 a.m.,तु काल्ह 11 बजे आवा।
Music lessons boost the I.Q. scores of children.,संगीत सिखले से लइकन क आई क्यू बढ़ऽल।
Is it Ram's place ?,का ई राम के जगह हवे?
What do you think of that?,तु उनके बारे मे का सोचत रहल ?
I'm hungry.,हम भुखाइल हईं।
I couldn’t go out because my dad came home.,हम बाहर नाई पइलीं काहे से बाऊजी घरे आ गइल रहलें।
Write it all down.,सब लिखत जा.
Kindly bring toilet paper.,टॉयलेट पेपर ले आ व।
Show me what Smiley taught you.,इसमाईली आपके का सिखवलअ हमके देखावा।
Rama said that he was very busy then.,राम कहऽल हऽ कि तब उ बड़ा व्यस्त रहऽल।
The aircel number you are calling is busy.,"आप जिस एयरसेल नम्मर पे फोन करत हवॅ, बेअस्त हव।"
"This was a big step, huh?",इ हूह एक बड़ा कदम रहल?
I practice football.,हम फुटबाल के अभ्यास करत हईं।
Maybe you'd better go somewhere else,त कतों अउर जाइके करूं।
They will feel good.,उ सब अच्छा महसूस करत हवें ।
"Kaka Jee has given me your marriage ` s responsibility , tell me , what do you prefer Love marriage or arranged marriage.","काका जी तोहार बागडोर अब हमरी हाथे में दे दिहलअ, अव इ वतावअ जनाव कि लभ वियाह करव की अरेन्ज बियाह"
"And we make these stubborn , weak men believe that the relationships of heart are made from beat not from these principles.",और हम इ जिददी कमजोर मर्दन के एहसास दिलावत हई कि दिल क रिशता धड़कन से बनेला उसूल से ना ।
You set me up with those chemicals?,तू हमके ओ रसयनन के संहे लगल।
Let's be reasonable.,हमें थोड़ा तर्क संगत होवे के होई
He told me it's the strongest thing there is.,"इ सान्त हव फिनू भी कुछ भी निकल सकत हव,"
"No, sir. Not especially.","नाहीं, साहेब, कुछ खास नाहीं।"
What is age got to do with it?,एकरी साथ में का उम्र बा?
How are you feeling right now ?,अब तोहके ये समय कईसन लागत बा?
I always done the laundry around here.,हम हमेसा इहवाँ के आसपास कपड़ा धोअल कइलीं।
"Okay, let's get out of here.",चला इहवाँ से चलि जा।
Let me teach you someday.,सायद तू हमके कवनो दिन तोहके सिखाव देवा?
"What d'you got, Adcox, a big deal?",का डी आप एड काक्स एक बड़ी वात ना मिल गयला।
What do you want me to do with this? - Shhh.,तू हमके एकरे संहे का करावल चाहत हवा?
Mumbai is a very costly place to live in.,मुंबई में रहब बड़ा महंग हऽ।
"All right, Bull.","चला सब ठीक हव, बुल।"
It was very hungry.,ई बहुते भूखा बाने।
One hardly knows what to do.,कवनो एगो जानत ह मुस्किल से कि का करे के ह ।
Come on men!,मरदन पे आवा।
It's Wednesday.,आज बुधवार हवे।
"Major in philosophy, because there's no way to make a career out of that.",परेडोमिसलजेमो लगातार काहें की कुछ भी स्थायी हव
"If I were you, I wouldn't marry him.",हम तू रहतीं त ओकरा से ब्याह न करतीं ।
I want to go home!,हम घरे जायल चाहत हईं।
Ram has a holiday today.,राम क छुट्टी हऽ आज।
Who am I that I should object?,हम के हईं आपत्ति करे वाला।
You should have immediately gone there.,तोहके तुरंत इहाँ से जाए के चाहि।
Which language does get elevated in the poetry of Sachal Sarmast ?,सचल सरमस्त कविता क कवन भाषा मिलऽल।
I have to be on diet.,हमके भुखल रहेक हऽ।
Where are you going to?,तु खान जात हवा?
His office is the first door on the left.,ओनकर करयालय बाईं तरफ क पहिला दरवजा हव।
Sharp pain can bring sharp pleasure.,तेज दरद तेज खुसी ले आइ सकत हव।
We teach Sindhi.,हमहन क सिन्धि पढावे के ।
I was riding back to Galveston... after evacuating a column of women and children.,लड़ाई में खुद वरेइओ गालविस्टन के बाद हमने ओके देखले रहली अउर ओकर मदद की पेशकश की
I am going home next Sunday.,हम अगले एतवार के जाइऽब।
You really look like someone who is having his birthday.,लगत रहल तुहार जनमदिन हव।
"Kongstrup, come out and help an old sweetheart!",काँगस्टरप बाहर आवा अउर पुराना परेमिका की मदद करा।
I turned back and kept looking him again and again but he kept on going.,हम ओके घुम – घुम के देखल रहली मगर वो चलत ही रहल ।
I'm sorry to hear that.,"ओह, धत्त, बायरन।"
So what? So's the whole damn world.,इ दुनिया में एक सराप हऽ।
Merry Christmas!,हमार किरिसमस!
Who is it?,के हवँ?
Did you open the box ?,का तु बक्सा खोल देहल ?
You must plant your seeds in another field.,तुहँ आपन बीज एक दूसरे खेत लगावे के चाही.
She saw what he did.,ऊ ओमें का देखले रहलँ।
After the partition we wandered too much.,बंटवारा क बाद हमन चौंक गइलीं।
Is she phoning a friend?,का फोन एगो दोस्त हाउए ?
Don't make it mine.,हम नाहीं। बइठक खतम।
First of all we have to create awareness among the people so that they understand the importance of the safeguard of these forests and are thus able to help us.,"सबसे पहले हमन के लोगन के जागरूक करेक पड़ी तब उ लोगन के जंगल के बचइले क महत्व समझ आई, तब हमन क मदद कई पइहें।"
I do have something to say.,हमके कुछ कहेऽक हऽ।
There are many objections to the plan.,योजना में कई गो रुकावट बा।
I'm sure you will find there's a whole lot more of me to like.,हम तोहके पसन्न करे खातिर हमरे क उहवाँ से पूरे बहुत अधिक मिलि जाई यकीन हव।
Who does the man like ?,के आदमी के पसंद करा ल।
Help!,मदत करा!
Raka broke the glass.,राका गिलास तोड़ देहलस।
You're thieves!,तू चोर हउवा !
What did you do to set him off?,ते पंगा का लहले रहले वइसन भी?
How nicely you're feeling shy!,केतना बढि़या सरमात हव!
"Do you want tea, coffee, or espresso?","का तु चाय , काफी या एस्प्रेसो चाहत हउअ ?"
I got a schedule to keep.,हमके समे से चलेके हव!
How many words have you learned ?,तु केतना शबद याद कइ चुकल हउअ ?
All congratulated him on his birthday.,सब ओके ओकरे जन्मदिन पर बधाई देहऽल।
Ravi works hard.,रवि मेहनत कइऽल।
A letter needs to be sent.,पत्र के भेजे के चाहत रहे ।
We cannot go to Delhi.,हमहान क दिल्ली ना जा सकत हई जा ।
An author who was famous during the freedom struggle lived in that cottage which overlooks the lake.,एगो लेखक जवन स्वतंत्रता संघर्ष के दौरान मशहूर रहल उ झोपड़ी में रहत रहऽल झीप पर ध्यान नाई देऽल।
Today is Tuesday.,आज मंगलवार ह् ।
Watch the door.,केहू दरवाजा देखा।
Do you know how I knew your name was Doc?,का तू जानत हवा हम कइसे जान गइलीं तुहार नाँव डाँक हव?
What are the advantages of hobbies?,शौकीनी के का फायदा होला।
Bonaparte was born a Corscian.,बोनापार्ट कोर्सीकन में पैदा भइल रहल।
Allaudin was overwhelmed to see such courage of a child.,अल्लऊद्दीन एगो बच्चा के अईसन साहस देख अभिभूत हो गयिलस ।
They don't qualify.,ऊ जोग ना हवँ।
Was he stopped ?,का उ रुक गईने ?
"Will you wait for me, or do you want to go ahead?",का तु हमरे खरतिन इन्तजार करब अथवा आगे जाइल चाहतड ?
Wait a second.,एक मिनट रुका।
What information does the author give about Gondwana?,गोंडवाना क बारे में लेखक का जानकारी देहले हऽ।
The burden of running the country cannot be carried by the army.,सेना देश क भार नाई उठा पाई।
"You know, I never found clowns that funny myself.",आपके पता हव कि हम अपने आपके जोकर कबों मजाक ना मिलल।
"All children, close the books.",कुल लइके किताब बंद कइ देहलें।
"Omkar! Believe me and call the doctor tomorrow, understood?","ओमकार तु हमार मान त विहान वैध जी के बुला ले, बुझले?"
"I, uh-","हम, उहऽ"
Don't you have the lotus root ?,का तोहरे लगे कमल के जड ना हउए ?
Not a word more.,एक बात अउर ना।
I know him for an American.,हम उ अमेरिकन के जानीऽल।
We have come.,हमनि आ गयलीं।
Few men reach the age of one hundred years.,कुछ आदमी सौ वर्ष के उम्र के पास तक पहुँच गईल हऊवन ।
How many computers do you want to sell?,तु केतना कम्प्युटर बेचल चाहत हउअ ?
Who are you ?,तु के हवअ ?
Luckily he escaped unhurt.,भागशाली है चोट लगे से बच गइल ।
We are kind to you because you are kind to us.,हमहन क तोहरी खातिर करत हई जा काहेकि तु हमहन खातिर करत हव ।
I also hate the art films.,हमहू कला फिलिम से नफरत हऽ।
Doesn't he go home ?,का ऊ घर ना जईन्हें?
I have been invited to the party.,हमके पार्टी में बोलावल हऽ।
Did you see that ?,का तु ओहके देखले बाढअ ?
To enter there is certain death.,प्रिय भगवान क जंगल?
I met my uncle.,हम अपने चाचा से मिललीं।
Has Benjamin broken the rules?,का बेंजामिन नियम तोड़ देहलन?
Where is waiting room ?,प्रतीक्षालय कहवा बा?
Write your exams.,आपन परिच्छा दा
I can do this on my own.,इ हम अपने तरीके से करब।
We have so much to do.,हमहन क ई करे खातिर जादा हवे ।
Get the cart ready.,रेक्सा ले आव।
How many jobs you do?,तु केतना काम करत हउअ ?
I shall bring my camera with me.,हम अपने साथे आपन कैमरा लाइब।
"Hey!Step-mothers are not always bad, and after all we all are there to look after the baby, how will the baby be in trouble?","अरे ! सौतेली माई का हमेशा खराब होली, और फिर हमहन जवन हई जा मुन्ना के देखे के खातिर ओके दुज कइसे मिली"
Why has the campaign been so crazy?,प्रचार में एतना पागलपन काहे।
You were carrying a box.,तु एगो बक्सा ढोअत रहल ।
You're happy to let things slide,तू त चीजन के बिगड़ले में खुस होत हवा।
I don't know what happened. You love him.,हम ओके का करय के हव पता ना का भयल प्यार तू
How many scooters does your father have?,तोहरे बाऊ के लगे कय ठे स्कूटर हव?
And would you do me the extraordinary honor of marrying me?,विल्ट तू हमें बहुत बड़ा सम्मान अउर हमसे सादी करबू?
And they are proud of it.,आ उ सब एपर गौरव करेला ।
Ram shouted loudly.,राम जोर से चिल्लाइल।
I am going to resign the job.,हम नौकरी से इस्तीफा देवे जात हईं।
Raju will play hockey.,राजू हॉकी खेली।
Can you meet me in the college?,का तु हमसे कालेज मे मील सकलअ ?
My parents were poor though they were of noble birth.,हमार माई दादा बड़ा कुल क रहले भले गरीब रहल।
The weather forecast said it's going to snow tonight.,"अरे, मउसम पहिले के कयास के अनुसार बरफ पड़े जाति हव आजु राति।"
"With all his learning, he was far from being a pedant.",सबकुछ सीखले क बादो उ लटकले से दूर रहऽल।
You can have no excuse for talking bluntly.,बिना बनावट के बात कर क कउनो ।
There was free boarding and lodging facility for them.,उहां उ लोगन खातिर मुफ्त रहले और खइले क इंतजाम रहऽल।
Who else came with you ?,तोहरे साथे अउर के आवत हउए ?
This is the place were we camp.,ई उ जगह हवे जहां हमनी के केंप लागी।
The process is called code mixing.,ई प्रक्रिया के कोड मिक्सिंग कहल जाला।
Too bad!,बहुत खराब बात हव!
The night is long that never finds the day.,रात बहुत लंबी हऽ दिन नाई हो पाई।
How many patients have recovered?,केतना रोगी ठीक हो गईल हऊवन ।
You stink of the mouth!,तुहरे मुँहे से बदबू आवत हव।
I am Gujarati,हम गुजराती हईं।
I have to go to airport.,हमके एयरपोर्ट जाएऽक हऽ।
If this postcard reaches my home then my father will think that I am alive no more.,इ चिट्ठी अगर हमरो घरे पहुचत तअ पाप बुझतअ मो भगवान के यहाँ चल गईली ।
I think that Sam won the race.,हमरे ख्याल से सैम दौड़ जीत जाई।
IKeep America clean.,"बेनडी: ओह, नाहीं! डेनी :"
That footballer is talented.,उ फूटबालर तेज हवे ।
Are you visiting the castle?,का तु किला देखत रहल हऽ ?
How did these things come about?,ई चीज कईसे आईल रहे?
Today it will be difficult for me.,आज इ हमरे लिए मुश्किल होई।
"Less soot here, more heat.","इहवाँ कम करिखा, अधिक गरमी।"
Rumor has it you're a real cold fish.,अफवाह हव की तू एक असली ठंढी मछरी हऊ।
What is your main festival ?,तोहार मुख त्योहार का हउए ?
Don't move.,कदम ना हव।
Hope.,आसा।
Where do you come from ?,तु कहवा से आवत हउअ ?
I usually am free on Sundays.,हम अक्सर इतवार के फ्री रहीऽल।
You're very kind ...,तू बहुत दयालु हवँ।
"Uncle, will you bargain with him?",त तु उनसे मोल – भाव करबअ काका ।
Did he throw the ball?,का ऊ गेंद के फेक देहलन?
"Remember, Red hope is a good thing maybe the best of things.","याद रखा, रेड, आशा अच्छी होले। शायद सबसे अच्छी।"
I enjoy this weather.,हम इ मौसम क मजा लेहली।
At what time will this train reach to Bombay ?,ई ट्रेन कवनी समय मुंबई पहुंची?
They came here then we went to see the pond.,उ सब इहाँ अईन तब हमहन तालाब देखे गईनी ।
"I mean, all the way... - to America! - America!","मतलब, दूर अमेरिका।"
This boy is stronger than Hari.,ई लड़का हरी से भी मजबूत हवे। ।
I rejoice at his good fortune.,हम अपने भाग से खुश हईं।
"And next time, be sure!","अउर अगली बेर, सुनिसचित रहिहा!"
The United States has a big navy.,अमेरिका के लगे बड़हन नौसेना हऽ
Really cognac?,असली कान्यैक रहनँ?
But don't forget that every letter will be written with my blood.,लेकिन मत भुलइहा कि हर अच्छर हमरे खून से लिखल जाई।
Why did you let him go for the soup?,तू ओके जूस के खातिन जाये काहें दिहला?
We played a round of golf.,हमहन क के चारो ओर खेलले रहली जा।
"No thanks, Not hungry.","नाहीं, धन्नबाद हमके भूख ना हव।"
"Goddamn it, Stephen.",इसटीफन ई धत् तोरे क।
He was all alone when I saw him.,जब हम ओके देखलीं तब उ बिल्कुल अकेला रहऽल।
One evening a beggar came to my door.,एक शाम एगो भिखारी हमरी दरवाजा पर अईलन।
I like my coffee strong.,हमके कड़क काफी पसंद हऽ।
Come here.,इहवाँ आवा।
I must impress it strongly upon you.,हम एकर प्रभाव तोहरे ऊपर देखऽब।
I told her that Bill is coming.,हम ओके बता देहली कि बिल आवऽत ऽब।
"We'll take the dog with us, eh?",हमहन क अपनी शाथे कुक्कुर ले लेवेके । ।
"No problem, Mr. Ullman.","कवनो समिसा ना हव, सूरी उलमन।"
"You're scared of room 237, ain't you?","तू कमरा 237 से डेरात हवा, न?"
Who do you want ?,तोहके के चाहत हउअ ?
You gonna miss it Come on.,आप ई इयाद करअ वाला हवॅ।
Something terrible is coming. And we must all be ready.,आ रहल हव अउर हम सब तइयार कइले हव
How long does it take to get there?,ओके पयिला में केतना समय लग सकेला?
I was having tea.,हम चाय पीयत रहलीं।
"If I had to immitate you, I could.",तोहर नकला करे के रहती हमरा के त हम करतीं ।
They stole what?,ऊ का चोरवली.
Have you brought me a letter ?,का तु हमरे खरतिन एक चिट्ठी ला भइलअ ?
I met him yesterday.,हम ओसे कलिहां मिलल रहलीं।
"You were inquiring about Prof. Chaudhary, they are his daughters Puja and Nisha, and dear Puja he is Mr. Kailashnath, your father ` s friend.",आप प्रो० चौधरी के लिए पुछत रहली हऽ इ हई उनकर वेटी पुजा और निशा और पुजा वेटी इ हवअ के लाश नाथ जी तेहरी पापा के दोस्त्
The noise (speakers ) is barely audible.,हल्ला बहुते मुश्किल से ही सुनाई देत बा।
I shall keep back nothing from you.,हम तोहसे कुछ छिपा नाई सकीऽल।
How did Mr. Lamb’s meeting with Derry become a turning point in Derry’s life?,डेरी क ज़िंदगी में कइसे मिस्टर लैंब से मुलाकात रोचक मोड़ ले आइल।
Which do you prefer?,तोहके कवन पसन्द हउअ ?
May I read my book ?,हम आपन किताब पढ़ सकी ल।
I wouldn't think of it.,हम एके ना सोचब ।
Lincoln emancipated four million African slaves.,लिंकन ने 4 लाख अफ्रीकी गुलाम के ले आइऽल।
Which drama company are you from?,कवने नाटक कमपिनी से तू आयल हवा?
She was thirty-seven eight years younger than you.,"ऊ 33 क हव, आठ सालि तुहसे छोटि।"
Kindly bring soap.,साबुन ले आवा।
Will you play with us today?,का तु आजू हमरे साथे खेलब ?
Did they invent new gadgets?,का ऊ लोग नया गैजेट के आविष्कार कईले?
We wrote.,हमहन क लिखली जा ।
"You live in the city, don't you ?",तु शहर मे रहल कि तु नाई ।
Listen to me once.,खाली एक बेर हमार बात सुनिला।
Even now you can spend if you have.,अबहिनों अगर तोहरी पास कुछ होक त तू खर्च कर सके ल।
I fed you mangoes.,हम तोहके आम खिलइलीं।
I'm old enough to go to the mountain.,हमार अब पहाड़े पे गइले क समे आइ गयल हव।
Understood it clearly.,बेलकुल साफ तौर से समझलीं।
"He is here since noon , I have become very close to your brother-in-law.",अरे दोपहरे क आईल हई हमार त बहुत अच्छी धनिष्ठता हो गईल वा आपके साले बाबु से ।
We picked ten baskets.,हमहन क दश गो दौउरी उठवली जा ।
Had they worked hard?,का ऊ लोग कठिन काम कईले रहे?
Now exact time is 11.00,अब ठीक 11।00 बजत बा।
"Hadley's got him by the throat, right?","हैडली ओके बहुत तंग कइलै, सही?"
May I pay by cheque ?,का हम चेक से भुगतान कर सकेलीं?
I wanted to know that her life was full by satisfying,पता चलल हव कि ओकर जीवन सन्तोख वाला हव अउर हम चाहत हईं।
"Hey, Brian?",अरे बरायन?
Someone else will have to fill in the holes with cow dung... so the foreman doesn't find you out.,अउर केहू अउर के गोबर सेद्दे दयरे के होई।
Jasper...,जरूर तुहार मदद ना कइ सकत संभवत:
Ravi walked leisurely.,रवि इत्मीनान से चलि गइऽल
We village elders still exist.,हम गाँव क बुजुरूग अबहिनो मजूद हईं।
After the ceremony he went and fell on his bed.,समारोह के बाद उ बिस्तरे पर गिर गइल।
Will he be here on Monday?,का उ सोमार के यहवा होईहे ?
We are the future. Anything is possible If you just believe. - Nice.,"कुछहू सम्भव हव, अगर तू ठीक अगला"
"The door was open, the lights were on.",ओके ऊ कमरा में जरूर जाये के चाही।
"I'm going to look after him until he's big enough to fly. Oh, no!",हम एकर देखभाल करब जबले ई उड़अ लायके ना होइ जाई।
Her beauty is making me sing...,ओकर सुन्नरता हमार गीत बनलि हव...
By whom was grammar taught to you ?,केकरा से तु गरामर पढल ?
"I thought, maybe you were afraid that I'll be too different.",हमने सोचलीं की हम अलग ना हईं डर हव की बहुत हवा
And he found himself with face to face with Moomal.,आ मूमल के आमने सामने उ अपने के पवलस ।
Got air in your tyres?,टावर में हवा हव?
I am bent on attending the meeting.,हम बैठक में जाए खातिर ब्याकुल हई।
"You have given your word, Sher Khan.","का तोहके आपन बचन इयाद ना हव, सेरखान।"
Do you have to do that?,आपको अइसन कइले क का जरूरत हव?
This is the key of your room.,ई हमनी के कमरा के चाभी हवे।
Now please come with us.,"कृप्या, अब हमनी के साथ चलल जाव।"
We can't afford so much tobacco,हम एतना तमाखू ना पी सकित।
I make sausage rolls for the party since morning.,हम सुबह से पार्टी खातिर ससेज रोल बनावत हई।
How dare you fall in love with Simran?,तु सिमरन के साथे प्यार कईले क जुर्रत कइसे कइलअ ?
"Rajasthan, Gujarat, Uttar Pradesh, Maharashtra, Chattisgarh and Delhi states of India has established Sindhi Sahitya Academy.","राजस्थान, गुजरात, उत्तर प्रदेश, महाराष्ट्र, छत्तीसगढ़ और दिल्ली भारत क इ जेतना राज्य हवें सिंधी साहित्य अकादमी बनइलें हवें।"
I was confused drunk.,हम उलझन में रहलीं...नशा में।
"Bull, we're early on this one again... and it ain't even broke out yet.","बुल, हम फिनू से ई एक पे जलदी करत हईं...अउर ईहो अबहिन ले बहरे तोरले ना हव"
What's going on? - You're not going to Seattle?,उ इहवाँ मत आना
We'll hope for happiness and blessings on the three of us.,हम तीनों खुँसी अउर आसिरवाद खातिन आसा कै सकत हई।
Her name Tamayan,ओकर नाँव हव तमयन।
I may help you.,हम तोहार मदद कई सकीऽल।
Who wants to drink water?,के पाने पियल चाहत?
And at midnight the ogress came once more,अउर आधी रात में दानवी एक बार फिनु आइल
You should talk less and work more.,तोहके काम जादा आउर बात कम कर के चाहि।
You are five years older to me.,तु हमसे पाच साल बढहन हउअ ।
"I couldn't be angry with him, if I tired.",अगर हम थकल हई त ओसे रिसिया नाई सकीऽल।
"No problem, go ahead.","कवनो बात ना, पूरी सुनावा।"
Will he not write a letter?,का ऊ एगो चिट्ठी न लिखिहें?
They waited (for) about an hour.,ऊ लोग एक घंटा से इंतज़ार करत रहे। ।
Because you have done this I shall punish you.,काहे की तू इ कइल हम तोहके सजा देमे।
Was he on holiday ?,का उ छुट्टी पर रहने ?
This man talks most.,ई आदमी अधिक बात करेला।
I do not know who is there.,हमके नाई पता कि उहां के हऽ।
Are you going to sing a song?,का तु गीत गावे जात रहल बाडअ ?
You don't trust me. With my life. I'm just saying that...,का आप हम पर बिश्वास रहत हव ओकरे संहे
I am going to play.,हम खेले जात हईं।
The war was so intense.,भयानक युद्ध रहल।
"Your wife appears to be stronger than we imagined, Mr. Torrance.","जेतना हम सोचले रहलीं तुहार मेहारारू बोसे मजबूत परतीत होत हव, सरी टॉरन्स।"
Of Krishna and Rama the latter works the harder.,कृष्णा व राम के बाद वाला कठिन काम कईल रहे ।
I shall be returning home soon,जलदिअ घरे लवटब।
Do you know what they said just now?,तू जानत हवा कि ऊ का करत हवॅ?
"See, Pelle?","इ देखा, पेले।"
You seem angry.,तु गुस्साइल लगत हउअ ।
I have been trying to talk to you since morning.,हम सुबह तोहसे बात करेऽक कोशिश करत हईं।
How many people will not change their phone?,केतना आदमी आपन फोन ना बदलीहे ।
I saw a big tent on that ground.,हम मैदान में बड़ा तंबू देखलीं।
Does he go to school?,का उ स्कूल जात हाउए ?
"Danny's not here, Mrs. Torrance.","डेनी इहवाँ ना हव, सिरीमती टॉरन्स।"
You must either stay home or go with us.,या त तु घरे रुका या हमहन के साथ चला।
He's all right.,ऊ सब ठीक हव।
"Even though the boy ate the pizza, you could tell that he wanted to be outside playing.","यद्यपि उ लड़का पिज्जा खायिने हऽ, लेकिन आप ई कह सकें ली कि उ बहार खेले जा सकेंलन।"
The rivers of America are larger than those of Europe.,अमरीका के नदी यूरोप के नदी से ज्यादा बडा ह् ।
"Like I said in prison, a man will do anything to keep his mind occupied.","जइसन हम कहनी, जेल में, आदमी आपन मन लगावे खातिन कुछ भी करी।"
Meet me tomorrow.,हमसे बिहान मिला।
I could never get like that.,हम अइसन कभो भी ना हो सकत हईं।
Bring the toolbox.,औंजार क बक्सा ले आवा।
Did it look at you?,ई तुहरे पे लगत रहल?
I'm sure my mother would help if you asked her.,हमके भरोसा हऽ कि हमार माई मदद करी अगर तू मदद मंगऽब त।
I'm not gonna be going long. - Don't rush.,हम पकड़य खातिन जल्दी ना हव
Whose photo is this ?,ई केकर तस्वीर हवे?
"Do you really think I'd risk all I've worked for... all my savings and be a hunted outlaw, do ya?",तुहके लगत हव की हम आपन सारी बचत खोकर अपराधी बन सकत हईं?
My boss called me last night.,हमार मालिक हमके रात में बोलइलें।
I prefer very much that he should go now.,ओके अब जाए चाही इ हम ज्यादा चाहत हईं।
I was the second in command. My abilities to control emotions served her well.,हम कमान में दुसरा रहल मददगार की शक्ति भावना
I gave him letter to write.,हम ओके एगो चिट्ठी लिखेऽक देहलीं।
I do not know.,हम ना जनतीं।
Go on.,पर जाईं।
I always thought it happens to others.,हम हमेशा सोचीऽल इ दूसरन के साथे होत होई।
"If I had that book, I would give it to you right away.",अगर हमार पास किताब् होईत त हम तोहरा के दे देयतीं ।
We shall go since you desire it.,हमहन क राउर की ईच्छा के बाद यहवा से चलल जाई ।
Me stepmother as well.,हमार दादी भी।
Then today is his turn.,तो फिनू ओकर बारी हव।
"Do you want beer, wine, or wisky?","का तु बीयर , वाइन या विस्की चाहत हउअ ?"
I figure we owe him that much for the beer.,हमके लगत हव हम ओके बीअर खातिन एतना करेके चाही।
Little learning is a dangerous thing.,थोड़ा सीख खतरनाक होला।
What a silly dog.,केतना मूर्ख कुत्ता ह ।
Get me his files.,ओनकर फाइलन हमके मिलत हव।
"Repeat it, please. Which is lighter-- a ton of feathers or a ton of lead?",यदि आटे की एक पाउण्ड की लागत 12 पइसा हव त बारूद की एक बैरल की लागत?
You need money?,पइसा?
I knew.,हम जानत रहलीं।
I saw it on TV.,हम एके टीबी पे देखले हईं।
How many humans have treated you well?,तु केतना अदमी के अपने दवाई से ठिक कइले हउअ ?
"Major Jasper Whitlock, Ma'am.",का सुशरी अपना नाम जेस्पर सैनिक?
How can I reach airport ?,हम एयरपोर्ट कइसे पहुंच सकी ल।
The girls will sing ghazals.,लइकी कुल गजल गइहे ।
I like no one.,हमके केहू नाई पसंद हऽ।
Is it too far from here ?,इहां से का ऊ बहुत दूर बा?
My friend saw the Prime Minister yesterday.,हमार दोस्त कलिहां प्रधानमंत्री के देखलस।
Landlord Ray has his own troubles.,मकान मालिक रे अपनही मुसीबतन में फँसल हव।
I'm burning up in here!,हम एकरे भित्तर जरत हईं।
When does your father go to Europe?,तोहार बाऊ कब यूरोप जालन?
This is undeniable.,ई बात से मना ना कईल जा सकेला।
Should I've to give birth to a daughter for him?,का हमके एकरे खातिन एगो बिटिओ पइदा करेके पड़ी?
I had never thought that my daughter will make a compromise but would not love.,हमार बेदी समझौता करी और प्यार ना करी इ त हम कवो सोचले ना रहली
What would you do if you had a million dollars?,करोड रुपैय्या होत त तु का करत ?
I saw a girl.,हम एगो लइकी देखलीं।
"If a girl plays with a boy, she will win.",लईकी लईका के साथ खेली त लईकी जीत जायी ।
The story is well written.,कहानी बढ़िया से लिखल गईल बा।
I have told you the facts.,हम तोहके तथ्य बता देहलें हईं।
"So her mother put a lump of frank incense before her, and asked her what it was.","येही से उनकर मम्मी उनकी सामने धूप के ढेर लगा देहली, अउरी पुछली की बतावअ ई का रहे।"
"After my death, You'll sleep with all the cadets of the village.",हमरे मउत के बाद...गाँव क सब खेतिहरन के संहे सोअल।
I went to the kitchen and made a sandwich.,हम रसोई में गइलीं सैंडविच बनइलीं।
"Sister-in-law, have you gone to sleep?","ठाकुर जी, का सुत गइल हईं?"
Was the movie good ?,का फिलिम अच्छा रहे?
I need some light.,हमें कुछ प्रकाश की जरूरत हव
There’ve just been some men arrested.,इंहवा तुरत कुछ आदमी पकडल गईल।
I have informed him that he has succeeded.,हम ओके बता देहली कि उ सफल हो गइल।
"You're out some smokes, son.","तू कुछ धुमरपान से गइला, बेटवा। हम तोहके बता देईं।"
I love him because he is generous.,हम ओसे प्यार करीऽल काहे से कि उ उदार हऽ।
Why don't you go?,तू जाते काहे ना?
What is it?,का हव?
"This idea on which he based his philosophy, is very difficult to comprehend.","ई विचार जेपर उनकर दर्शन आधारित बा, ओके समझ पावल बहुते मुश्किल बा।"
Does she want to build a house?,का उ घर बनावल चाहत हई ?
There are Chinar trees in Kashmir.,काश्मीर मे चिनार क पेड़ बाटे ।
Rohan returned from Delhi yesterday.,रोशन कलिहां दिल्ली से लौट आइऽल।
I would have given a splendid party to all of you.,हम तू सबके शानदार पार्टी देहले होतीं।
Mr Jones is my teacher.,मिस्टर हमार गुरुजी हऽ।
Raka writes fiction.,राका कहानी लिखलस।
"Hi, Ronald.","हाय, रोनालड।"
I knew that you had booked a flight for tomorrow.,हमके पता हऽ तू बिहान के फ्लाइट बुक करइले हवा।
Here is the book you want.,ई किताब हवे जवन तोहके चाहत रहे।
"Your dad died... saving my life, and these people were killin' firemen for money.","हमरे बापे क मउत होइ गइल ....हमरे जीवन क बचत, अउर ये लोगन के पइसा खातिन हतिया, फयर बिरगेड रहल।"
I am not keeping well.,हम बढ़िया से नाई धरील।
Can I borrow your umbrella ?,का हम तोहार छाता ले सकेलीं?
I could not prevail on him to attend the meeting.,हम ओके बैठक में भाग लेवे क जोर नाई दे सकीऽल।
"I cannot see, for it is very dark.",हम नाई देख पइलीं काहे से अन्हार रहल।
Jesus.,"ओह, यीसु।"
"Remember this, Ronald?",रोनाल्ड ई इयाद हव?
This film is terrifying the children.,ई फिल्म बच्चा सबके डरा देहलस।
Ravi is angry because he has not received his books.,रवि रिसियाइल हऽ कि काहे से कि आपन किताब नाई मिलऽल ओके।
Revenge.,धत।
We trust him completely.,हमके ओकरी पर पूरा विश्वास हऽ ।
Ram found out that Sita was very ill.,राम के पता चलऽल कि सीता बहुत बीमार हऽ।
"At heart, I'm a city girl, so-- so I'm returning.",हम आपन ख्याल रखेके सिखल हई हम तय कइ लिहले हईं...।
It was a stormy night.,इ एक तूफानी रात हव।
The men had not completed their work by sunset.,सूरज डूबे से पहले आदमी काम नाई खत्म कई पवलस।
Come on.,चला.
An M.P. gets Rs. 2 crore a year for developing his constituency.,एक एम पी साल में २ करोड़ पावेला आपन चुनाव क्षेत्र के विकास बदे ।
What did I steal?,हम का चोरी कइले हईं?
We walk for 5 KM.,हमनि 5 किलोमीटर चललीं ।
Some more than others.,कुछ अन्य तुलनायें
These are the boys who work hard.,ई उहे लड़का सब हवन जे कठिन मेहनत करेलन।
"If I asked you to stay in the car, would you?","अगर हम गाड़ी में रहअ खातिन तोहके पूछल, का तू"
We came here so that we can go there together.,हमहन क एके संहे ओहीज जा सकत हई जा एसे की यहवां हमहन क आईल रहली जा।
Bring that book.,उ किताब ले आव ।
What can I do ?,हम का कई सकींऽल।
I had to.,हमें पड़ल
Kaka did not understand the meaning of that question.,काका इ प्रश्न के अर्थ न समझेला ।
Mine was.,पूरी तरह से परिपूर्ण हव
Please let us allow to go for a picnic.,तनी हमहन के पिकनिक जाए खातिर आज्ञा दा।
He wants me and Alice to join him...,"उ जानत हव की इ परिवार जीवित हव कबो ना हो हमारी जब की,"
Ashok buys fruits for himself everyday.,अशोक रोजे फल खरीदे लन आपन खातिर ।
"I called him, but he gave me no answer.",हम ओके बुलइलीं लेकिन उ हमके जवाब नाई देहलस।
We stayed at his house.,हमहन क ओकरी घरे पर रुकल रहली जा ।
We know every child.,तु जानत हव कुल लईका हव स ।
They couldn't have chosen a better woman for the job if I may say so.,"उ काम खातिर कौनो बेहतर महिला के न चुनल जा सकत रहे उ लोग्वन द्वारा, हम त ईहें कहब।"
How horrible!,केतना भयानक!
Which communication skill does help in building friendship?,कवना प्रकार के वार्तालाप के तरीका मित्रता बनावे में मदद करेला ?
"If today is Friday, he is here already.",आज शुक्रवार हऽ त उ पहिले से ईहा हऽ ।
They have not been planting trees.,उ लोग पौधा न लगावत हवें ।
Where are the traces of ancient civilization in India and Pakistan ?,भारत और पाकिस्तान कहां पुरान सभ्यता क निशान बा।
Take it... take it...,ई लेला...ई लेला।
Ram sent his son to the city.,राम अपने लइका के शहर भेजले हऽ।
A score of 70 or above will get you an 'A' grade.,सत्तर से ऊपर के अङ्क पे ए ग्रेड मिलि ।
We were supposed to come yesterday.,हमनि के कला आवे के रहे ।
See now we are late for the graduation ceremony.,अब वी० ए० की खातिर देरी हो गईल न ।
Mumbai is famous for its textiles.,मुंबई अपने कपड़ा क खातिर मशहूर हऽ।
Maher said that Maher likes his teacher and Omar said that he likes Maher’s teacher.,माहेर कहऽलं कि माहेर अपने टीचर के पसंद करऽल उमर कहऽलं कि उ माहेर टीचर के पसंद करऽल।
"If they are late, I am going to be angry.",अगर उ लोग देर से अयिहें त हम नाराज हो जयिब ।
You were lucky to get out of his clutches.,तु उनके चन्गुल से बहरे निकलले खरतिन भाग्यशाली रहल ।
I gave her a gift.,हम ओके तोहफा देहली।
No.,नाहीं’
Don't have!,डेनी:
"Be careful, not to wake the baby.","सावधान रहीं ,बाबू के मत जगाईं ।"
"I can extend no other mercy to you"", said the Raja, ""except permitting you to choose what kind of death you wish to die.",राजा कहऽल कि अब हम और दया तोहरे पर नाई देखा पाइऽब एकरे अलावा कि तोहके आपन मौत अपने हिसाब से चुनेऽक मंजूरी दे देई।
You once lived in Benares;,तू एक बार बनारस में रहला
The rain comes from above.,बरखा ओहर से आइल।
See.,देखय वेजा सदस्यों पिताजी
To reign is worth ambition.,राज करे खातिर दाम महत्वकांक्षा हऽ।
Where can I do registry ?,हम कहां रजिस्ट्री कराइब।
"You know, Pelle, I've been thinking.","अरे, पेले..."
Most writers are merely rehashing old stories lf their stuff is popular shouldn't my stuff be even more popular?,जादेतर लेखक महज पुरान कहनिअन के नया रूप देलँ जदी ओनकर माल लोक पिरिअ हव.... अउर हमार माल अधिक लोकपिरिअना होखअ के चाही।
Masa TOCHIZAWA lighting:,मसा तोचीजा परकास:
"She said she was glad I knew, that she hated all the sneaking around.",ऊ कहलअ की ऊ खुस रहल की हम जानत रहलीं कि ओके चोरी चुपके नजर रखले से नफरत रहल।
We see you've served 20 years of a life sentence?,तोहरे फाइल के अनुसार तू जीवन भरे क सजाइ 20 साल काट लिहले हवा।
"You have to cross a whole ocean, Pelle.",बीच में हव एक बिसाल सागर।
This is what I want.,ई उहे हवे जवन हम चाहत रहनी।
You're mine now.,तू अब हमार हवा।
How will you do a favour to her?,तु उनके पक्ष मे कइसे करब ?
I laughed at him.,हम ओकरे पर हंस देहली।
Thank you.,धन्यवाद
We are not enjoying our holidays.,हमहन क अपने छुट्ठी क मजा ना लेत हई जा ।
How did the dog find its way home?,कुत्ता कईसे घर के रास्ता पाऊवें ।
You have written the lessons.,तु पाठ लिख भइल हउअ।
I think that you know each other.,हमरे ख्याल से तू एक दूसरे के जानऽल।
They would have gone for a visit.,उ लोग भ्रमण के लिये गईल हुंव ।
"Hey, Sean-man.",अरे साँन अदमी।
It's an absorption catalyst used in toxic waste accidents.,ई जहरीला छूटन दुरघटनन में इसतेमाल एगो अपने में सोखल उतपरेख हव।
We are watching movie.,हमहन क फिलिम देखत हई जा ।
Why are you shouting?,तु काहे चिल्लात रहत हउअ ?
Inspite of this there are some people who want to learn and teach.,एकरी अलावे इहां कुछ अईसन लोग बा जे लिखे अउरी पढ़े चाहत बा।
All Sindhis do not earn.,कुल सिंधी नाई कमाऽल।
"But Malhotra, you wear boring clothes.",लेकिन मल्होत्रा तु त बडा बोरिंग कपडा पहिनेलअ ।
My elder brother is coming.,हमार बड़ भाई आवत हवें।
Where are you working ?,तु कहवा टहलत रहत हउअ ?
Look out!,बाहर देखा!
Do as you think best.,जवन सही लगे ओके कर।
Can you lose your head?,का तु आपन मुखिया खो चुकल हउअ ?
"We did not go, as the weather was too stormy.","हमके जाये के ना रहे, जइसन की मौसमों बहुते भयानक रहे।"
Get up!,तनीं उठा।
She said that- - She said that the sleeves should be let down a little bit.,आस्तीन निचा होवे चाही।
"The Council leaders, Dad, Quil's grandpa, and Sue Clearwater.",दादा अउर क्या लोग मुकदमा साफ पानी
Where will we get tickets for Indore ?,हमके कहवां से ईन्दौर की खातिर टिकट मिल जाई ।
Just stop it and get lost!,बस करा अउर भागि जा।
This is my chance to get out!,ई बहरे निकरले क हमार मोका हव! देखात ना का?
What money !,कईसन पईसा?
Ravi said that he had bought a new car.,रवि कहलस हऽ कि उ नई कार खरीद के लाइऽल हऽ
The rich are not always happy.,अमीर लोग हमेसा खुश न रहे लन ।
"’Take off your hat', the king said to the Hatter.","टोपी वाले से राजा कहलस, आपन टोपी उतारा।"
They play tennis.,उ लोग टेनिस खेलेन ।
Where is cobbler shop ?,मोची क दुकान कहां हऽ।
What a pity ...,भगवान दया करँ।
Mary shut the door.,मैरी दरवाजा बंद कई लेहलस।
"Apu, the son:",अप्पू बेटवा।
You follow 17 in the truck.,अपने टरक में 17 क पालन करँ।
"Amy watches football on television, but she never goes to a game.",एमि फूट्बाल दूरदर्शन पर देखेले लेकिन कबो न खेलेले ।
I must not go outside.,हम बहरे खेले नाई जाब।
Or is it because of this?,चाहे फिनू ई एह वजह से हव?
You're really out of your head.,कराउन? तू पागल हवा?
Will you please come to my wife?,किरिपया का तू हमरे मेहरारू से मिलअ आइ सकत हवा?
The way was long.,लंबा रास्ता हऽ।
any girl will fall for us.,त कवनेहूँ लइकी हमरे मरिमिटी।
Do not go near the smelly,‘बदबू’ लगे मत अइहा।
How badly you have done your work !,तु केतना खराब तरह से आपन काम कइ चुकल हउअ ?
Yeah?,हाँ।
Somebody is standing at the door.,केहु दुवार पर खड़ा बा ।
They are talking to the police.,उ पुलिस से बात कइ रहल हव
Don't forget:,मत भुलिहा
This story is well written.,ई कहानी सही से लिखल गईल बा। ।
Even I did not know what I was speaking but I understood that I have started loving you.,हम खुदे ना जान पइली कि मो का कहत हई लेकिन हम वुझत रहली की हम तोहसे प्यार करे लगली ।
You may look everywhere.,तु सब जगहि लउक सकल ।
"Antonio, you look for the tires.","अनटोनिओ, तू टयर देखिहा।"
You can ask for help whenever you need it.,तु मदद खरतिन पुछ सकल जब तोहके एकर जरुरी लगी ।
Do you like their new house ?,का तोहके उनकर नया घर पसंद आईल?
"Easy, Ronald.","असान, रोनाल्ड।"
Do you like this ?,का तु इहके पसन्द करत हउअ ?
"Wait, let him go.","रुका, ओके जाये देवल जाये।"
You may not wish to do the work.,तु काम कइले के इच्छा नाई कइ सकल ।
Was my sister feeding our dog?,हमार बहिन अपनी कुत्ता के खियावत रहली का?
"Fun, isn't she?",ऊ मजेदार ना हव।
You know you could be sued for libel?,पता हव तुहरे पे मोकदमा कइल जा सकत हव सिकाइत खातिन?
I'm blunt.,हम लंठ हईं।
Our fruit disappears. I complain and the mother says:,"हमार फल गायब हो जात हव, हम सिकायत करत हईं अउर माँ कहत हईं"
Look at him.,ओके देखा।
All my stuff's up there!,हमार सभी समान उहँवा हव!
I am a businessman.,हम व्यापारी हईं।
How many notes can you give me?,तु केतना नोट्स हमके दे सकल ?
Ram made Anil beat Ravi and he couldn't laugh.,"राम अनिल के रवि क पीटे क कहलस, लेकिन उ हंस नाई पाइल।"
My uncle is younger than my father.,हमार चाचा बाउजी से छोट हवें।
"And who knows, Pelle?","अउर कवन जाने, पेले।"
... thatitwaswhattheold-timers used to call cabin fever.,ई ऊहअ हव जेके पुरान अनभवी केबिल बोखार कहलँ ।
"Oh, excuse me.","ओह , हमके माफ करिहाँ।"
You show.,तु देखावा।
Was John at Mary's party?,का जान मैरी के भोज मे रहल ?
Stop playing.,खेलब बंद करा।
"Hey rickshaw puller, hurry up.","हे रिक्सावाला,जल्दी कर।"
It was impossible to lift the box.,संदुख के उठावल असंभव रहे।
Do you hear that?,तू सुनला?
A swordsman came.,एगो तलवार क परीछन करे खातिन
"Grab a chair, Bill.","तुहसे मिलिके खुसी भइल। एगो कुरसी ले ला, बिल।"
Ashitaka!,आशीटाका!
I myself thought of writing a letter to Roshan.,हम रोशन के खुदे चिट्ठी लिखेऽक सोचत हईं।
Let's move it.,ओकरे खातिन ई कदम चला।
I cannot eat too much sweets.,हम ढेर मिठाई नाई खा सकी ल।
After some time that girl gave birth to a baby who was named Chanesar.,कुछ समय बाद उ लड़की एगो बच्चा के जन्म दिहुवे जेकर नाम चान्सर रखऊवे ।
"Well, I think she's is either Russian or Polish.","ठीक बा, हमके लागत बा कि या त उ रसियन होयिहन या फिर पोलिश।"
How this word would be pronounced ?,ई शब्द के उच्चारण के तरह होई?
"Shorbojoya, the mother:","सोरो बोजोया, माई।"
I met Hari who had just returned.,हम हरि से मिलऽली जवन तुरंत लौट के आइल रहऽल।
It's a horse apple.,एगो घोड़ा क सेब।
I wish I were dead.,काश हम मर जईती ।
"Mary heard the frightening noise again, and the sound was one that would frighten the bravest of people.",मैरी उ भयानक शोर दोबारा सुनलस और आवाज उ बहादुर लोगन में से एक क रहल।
Saint Kawarram was born in 1885 in the village of Sindh knowns as Jarwarni.,संत कंवर राम क जनम 1885 में सिंध के जरवानी गांव में भइऽल।
In which subject does Vinod have to write an article ?,विनोद कौने विषय पर लेख लिखी।
Can I have some water ?,का हमके तनिक पानी मिल सकेला?
I'll carry your youth like a palanquin...,हम तोहार जवानी पालकी जइसन ढोइब...
Ram gave Ravi a book.,राम रवि के किताब देहले हऽ।
... there'soneotherthingIthink we should talk about. Not to sound melodramatic...,एगो अउर बाति हव जवने बारे में हमअ लगत हव हमके बात करेके चाही।
Return it to me.,येके हमके वापस करा।
Will he not come back soon?,का ऊ जल्दी वापस ना अयीहें?
Can you make me fool?,का तु हमके मुरख बना सकलअ ?
The streets were flooded.,सड़क पर बाढ़ आइल रहऽल।
I'm the guy who can get it for you.,हम हीं तोहरे खातिन जोगाड़ कइ सकत हईं।
"And the most important thing is that there is no noise, there is peace.",आ सबसे बड़ी बात रहे कि उहाँ कवनो शोरगुल ना रहे खाली शान्ति रहे ।
Will he return in a year?,का उ एक साल मे वापस अइहे ?
That's no answer.,ये कवनों जबाब ना हव
Will Hari buy a good book?,का हरि अच्छा किताब खरीदिहें?
"I was annoyed, still I kept quiet.",हम नाराज रहलीं तबौ शांति रखलीं।
I suggest that this rule be changed.,इ हमार सुझाव हऽ कि नियम बदल सकऽल।
How many people are living their life?,केतना आदमी आपन जिंदगी जी रहल हऊवन ।
I refuse to answer the question.,हम सवाल के जवाब देए से इनकार करत हईं।
"Man, you're gettin' cheap in your old age.",यार तू अपने बुढ़ापे में सस्ते मिल रहल हव।
We're going to make a new rule:,हम एगो नयका नेयम बनावअ जात हईं।
Was he in Berlin ?,का उ बरलीन मे रहने ?
Now!,अब!
What colour do you like?,कवन रन्ग तु पसन्द हउअ ?
I have two horses.,हमरे लगे दूई घोड़ा हऽ।
"He hasn't come, madam.",ऊ ना आयल हवॅ रजकुमारी।
We eat by seven in the evening.,हमहन क साझी क सात बजे खाईल जाला ।
Is he cooking rice?,का ऊ चावल बनावत हई?
What is there that I do not know?,उहाँ पर का बा जेकरा बारे में हमके जानकारी नईखे। ।
Let's go!,चला चल!
I like it although it's very expensive.,हमके इ पसंद हऽ हालांकि इ बहुत महंग हऽ।
Let me try if I can spin also.,हमके कोशिश करे द अगर हम घुमा सकी ।
"The file says that he is a dangerous culprit , but my memory says that he was an innocent , emotional but impassioned youth who was ready to die for his motherland.","फाइल कहत बिया कि इ एगो खतरनाक मुजरिम बा मगर हमरा दिमाग कहत बा कि इ मासूम जज्बाती मगर जोशीला मर्द था, उ अपना देश की खातिर मरे के लिए तैयार रहे ।"
That's all right.,की सब ठीक हव।
East Timor declared itself independent from Portugal on 28 November 1975.,पूर्व तिमोर अपने के पुर्तगाल से स्वतंत्र २८ नव० १९७५के घोषित कईलस ।
Thanks.,धन्नबाद।
I'm his lieutenant.,हम ओकर लफटीनंट हईं।
And she used to remain virgin.,आ उ कुंवारी रहल ।
Mahabaleshwar is cooler than Panchgani.,महाबलेश्वर पंचगनी से बढ़िया हऽ।
You must be eating a lot.,तोहके जादा खाए के चाहि।
I want you to call your father.,हम चाहत तू अपने पापा के फोन करा।
Now Junagarh is a famous place of Gujarat.,अब जूनागढ़ गुजरात के एगो प्रसिद्द स्थल हवे।
"I know, well--",हमें पता हव अच्छी तरह से।
Where is your book ?,तोहार किताब कहाँ हव?
"Munnabhai! Police has put the raid at Badkey ` s place, yet I am saving the money , this is today ` s ransom.",बड़के के अड़डा पर पुलिस क छापा पडल बा मुन्ना भाई! फिर भी हमहन क आपन माल वचावत हई जा इ रहल आज क हफ्ता ।
"I know you're good, but all that paper leaves a trail.","हमके पता हव की तू नीक हवा, अंडी लेकिन ई सब कगजे पे निसान छोड़ जात हवँ।"
"Go check out the Snowcat and the radio, and you'll see what I mean.","जा अउर सनोकैट अउर रेडियो क जाँच करा, अउर तुहके पता चली हमार मतलब।"
"Hey Rajesh! Come here, your father-in-law is a very interesting person.",अरे राजेश इहां आवज न इ जवन तोहर ससुर जी हवअ न बडा दिलचस्प इन्सान हवंअ
I understand you want a vacation.,हम समझत हईं कि तोहके छुट्टी चाही।
"Thing is, see I don't read so good.",बात ई हव....हम ओतना अच्छा ना पढि़ पाइत।
Everyone is laughing at me.,हर केहू हमरे पे हँसत हव।
Hunting tigers is a favourite sport in this country.,ये देश में चिता के शिकार कईल सबसे पसंदीदा खेल हवे।
Which boy knows which book Mary bought ?,कवन लईका के पता ह कि मेरी कवन किताब खरीदलस ?
It would be as easy as breathing with me.,हमरे संहे इ असान के रूप में आप सांस लेवे खातिन होई
Things are looking up.,हालत अब ठीक लउकता।
What is the traditional dress of Bhakti folk dance ?,भक्ति लोक नृत्य में कौन नरखा पहिरल जाला।
It'll be lots of fun.,बहुत मजा आई ।
What about-,लेकिन पेले...
Thank you for your letter.,तोरे पत्र खातिर धन्यवाद?
The train will leave from here in the morning.,इहां से ट्रेन सुबह में निकली।
When Sasuee and Punhoon met something inexpiable happened.,जब सैसुई और पुनहून मिलऽल तब रोचक भइल।
Was she there ?,का उ वहवा रहली ।
Those are not good.,उ सब अच्छा न हवें ।
"If you had worn a lighter jacket, the car driver would have seen you earlier.",हल्का जैकट पहनल रहतअ त गाडी के चालक तोहरा के देख लेतत ।
You're not gonna grow.,तू कबौ बड़ा ना होवा।
"If we boil water, it vaporises.",पानि के उबालब् त उ भाप बन जायी ।
Maigret will imitate Poirot with enthusiasm.,मैग्रेट बड़ा उत्साह से चित्र बना लिहें।
The rats gave us a great deal of trouble.,चूहावा बहुत बड़ समस्या दिहुवे ।
We learn a new language here for ten months.,हमहन क यहवां दश महीना खातिर यहवां एगो एगो नई भाषा सखली जा ।
Including her!,ऊ हो!
Kolkata is the biggest city in India.,भारत में कलकत्ता सबसे बड़ा शहर हवे।
There were many people in the library.,पुस्तकालय में बड़ा आदमी रहऽल।
In a fire?,आग में?
"If it's OK by you, I will leave early today.",तोहार साथ ठीक बा त हम जल्दी चल जयेब ।
Your dad would puke if he saw how you shit on his department.,ऊ तुँहके अपने बेभाग पे गन्दगी देखलअ की कइसे अगर तुहरे बापे के उलटी होई।
While traveling I had to put up with a good deal of discomfort.,सफर करत के हम असुविधा क कुल व्यवस्था रखी ऽल।
Who gave you the chocolates?,तोहके चोकलेट्स के देहलस।
Ravi didn't beat Ram.,रवि राम के नाई मरऽल।
Have the children laughed about the joke?,का बच्चा सब मजाक पे हंसल रहले?
"Drink boost and take rest, my son!",जूस पीआ अउर अराम करा लइको!
"Where do you think you're going, you cabbage head? We have to talk to your father!",तू कहाँ जा रहल हवा गोभी सिर?
"She will not sacrifice herself by being a daughter,sister and wife at every step.","वो बेटी, बहिन, बीवी बनकर कदम - कदम पर अपना के कुर्बान ना करिहें ।"
We came first to Delhi.,हमहन क दिल्ली खातिर सबसे पहिले आईल रहली जा ।
My arm ain't worth a damn.,हमरे हाथ में एगो दुकान के लायक ना हव।
What keeps you hanging around here?,तू एहवा कवनी बात में फंस गईल बाड़अ।
Sure?,यकीन
We are going to arrive at the airport.,हमनि एयरपोर्ट पहुंचतानि ।
I cannot express how sorry I am.,हम नाई बता सकींऽल कि हम केतना शर्मिंदा हईं।
Do you have bread ?,का तोहरे लगे रोटी बा ?
Is my carriage ready ?,हमार गाड़ी तईयार बा का?
"Késakichi, shut up and work.",केसाकिची’ चुप रहर अउर काम कर।
That’s what I call a good job.,का यह के हम अच्छा नौकरी कह सकेली।
This is as good if not better than that.,बेहतर न सहि त ठीक हऽ ।
I have forgotten my swimming trunks.,हम तैरे के ट्रंक्स भुला गइलीं।
It's an exciting story.,ई बहुते मजेदार कहानी बा।
The man is honest that's why the man is trusted.,आदमी ईमानदार होल एहि से आदमी भरोसा कर ल।
The trees were blown down by the wind.,पेड़ निचे झुक गये हवा के कारण।
"Don ` t make me more angry saxena, you have done it all, you are the root of all the problems.","हम के और गुस्सा मत द सक्सेना, सव कईल धईल तोहर हऽ सारे झगडाक जड़ त हवे ।"
I am about to leave this place.,हम इ जगह से जात हई।
Me either.,हम या केहू और।
An air-conditioned restaurant.,वातानुकुलित रेस्टोरेंट।
"Yes, I think this brother.","हऽ हं , इ त समझत हई भइया"
What did I tell you ?,हम तोहसे का कहलीं।
Does he want to divorce her?,का उ उनसे तलाक चाहत हउए ?
I can get it in a couple of days.,हमके एक दुइ दिन में मिल सकति हव ।
Get a lot written today?,टाजु काफी लिखला?
You can't go upstairs.,तू उप्पर ना जा सकत हवा.
"Because I went to work early, I found a good parking space.",काहे की हम जल्दी काम चाहत हइ हमके अच्छा गाड़ी रखेके जगही मिलल ।
You're acting like I just saw you last week.,हम अबहिन पिछले सप्ताह आपने देखा की तरह आप अभिनय कर रहल हव।
"No, you're not leaving!",नाहीं तू इहवाँ से ना जात हवा!
Rama came earlier.,राम जल्दिए आ गइल।
The novelist and poet is dead.,उपन्यासकार अउरी कवि दुनों लोग मर गईल बा।
This flower is full of thorns...,ई फूल कॉटन से भरल हव...
Tell me the news as you have heard.,हमके बताऽव जवन समाचार तू सुनऽल हऽ।
Do you know who did?,का तू जानत हऊ की के लिहलस?
Shame on you to use a poor cripple so!,तोहके एक गरिब अपन्ग काम मे लाये खरतिन शरम आवे के चाहि।
I found her an interesting partner.,हम ओके मज़ेदार साथी पइलीं।
You know what I'm trying to say?,तेके मालुम हऽ हम का कहेके कोशिश करत हई।
This could turn into a blood bath.,उहवाँ क पहिचान ना हव जेसे एक हम
"Sealed off, brick by brick.",सील बन्न। एक एक ईंटा ले।
Have you advised him?,का तु हमके सलाह दे चुकल हउअ ?
We have not sailed a lot.,हमहन क बहुते ना पवरली जा।
"I like to read, and I also like to write.",हमके पढ़ब और लिखब नीक लगऽल।
Which kind of room do you want ?,तोहके कवने तरह के कमरा चाहि ?
What is it?,इ का हव?
This is my book.,ई हमार किताब हवे।
You are flying a kite.,तु पतंग उड़ावत हवा।
Can you teach me diving?,तु हमरा के डाईविंग सीखा सकेलअ
Ram ordered him to go.,राम ओके जाए क कहऽल।
[Captain] Mask up.,(कपतान) उप्पर मुखउटा।
"I am very delighted to meet Prem today,now you also must send Rajesh Babu here.",आज प्रेम से मिलके बडा खुशी भईल एक बार राजेश बापू के भी इहवा भेज देई ।
"Anu, who is standing, is tall.","अनु, जे खडी बाडी, लम्बी हीय ।"
Once he came on the bank of a canal for hunting.,एक बार ऊ शिकार करे के खातिर नहर के किनारे पे अयिलन।
Here is the doctor who cured me of malaria.,ई उहे डाक्टर हवन जे मलेरिया से हमार उपचार कईल।
Will she not sing a song?,का उ एगो गीत गावत होइहे ?
Miss Marple is conscious of the problem.,मिस मारपल समस्या के लेके चौकन्ना हईं।
It needs to be done with care.,एके ध्यान से कईला के जरुरत बा।
Stop crumpling my upper cloth.,हमार दुपट्टा खींचल बन्न करा।
These signs speak well for the prosperity of the people.,ई लक्षण से लोग के समृद्धि के बारे में अच्छा से पता चलेला।
Alice would've seen if she wanted to make an army.,ऐलिस देखा की उ सेना के एक होई बनावल चाहत हव
There are no neighbours I can talk to,कवनो परोसी ना हवँ जेसे हम बात कइसकीं
I'm surprised they've let it go on this long.,"हमरे खातिन आश्चर्य के रूप में समय की अनुमति निम्नासुर हव, शायद उ येकरे पीछें हव"
Do you know her?,तू ओके जानति हऊ?
"He's a friend of yours, and Brooks is a reasonable man.","तू ओके चोट ना करत हवा, ऊ दोस्त हव, अउर बरुक्स समझदार हव।"
Immediately the Sultan hurries to his capital.,तुरंत सुलतान जल्दीबाजी में अपने राजधानी आ गयल।
Does John pronounce well ?,का जान निक से बोलत बोलत होइहे ?
You had to hear.,इ का हव?
Your book is not here.,तोहार किताब इहाँ ना हव।
What was the terrible deed done by the mariner?,नाविक काव सबसे बुरा कइलस।
The elephant was eating fruits.,हाथी फल खात रहे।
"Hey, we all need friends in here.","अरे, इहवाँ हम सबके दोस्त क जरूरत हव।"
"Anyways , search every nook and corner of the city and close all the ways to go out , it is very necessary for me to catch this man.","खैर शहर क कोना कोना देखो और बहरे जाये वाला कुल रास्ता बन्द कर द,ए आदमी के पकडल हमरे लिए बहुत जरुरी बा"
Put it out!,येके बहरे रक्खा!
I was going to eat the sweets but I saved them for my sister.,हम मिठाई खाए जात रहलीं लेकिन अपने बहिन खातिर बचा लेहलीं।
It does not work.,ई काम ना करेला।
I wrote the letter in his very presence.,हम ओके रहऽत में इ चिट्ठी लिखलीं हऽ।
All that I said had no effect on him.,कुल मिलाकर जवन कहलीं ओह पर कौनो असर नाई हऽ।
Didn't you go home ?,का तु घरे ना जाला?
We expect an improvement in business.,हमहन क व्यापार में सुधार क उम्मीद रखत हई जा ।
"""Get busy living or get busy dying. """,जियले में रमगल रहा चाहे मरले में लगल रहा।
I shall not go unless I am invited.,हम नाई जाइऽब जब तक हमके न्योता नाई मिली।
Where did boys go ?,लईका लोग कहवा गईने ।
Will my clothes get wet if it rains?,अगर बारिश होयी त का हमर कपरा गीला हो जायी?
It was a poem that John wrote.,ई ऊ कविता हवे जेके जॉन लिखले हवे।
Where's Jacob? Did he already...,कहवाँ हव याकूब पहिले से ही हव
They will start on Wednesday and will reach here on Thursday.,उ लोग बुधवार के शुरू करी आ बृहस्पतिवार तक इहाँ पहुची ।
I'm a writer.,हम एगो लेखक हईं
What did Calpurnia dream of?,कल्पूर्निया का सपना देखलस?
"Anything you say, Lloyd.","तू जवन कहा, लॉयड।"
"Brown was not feeling particularly happy that morning, and this may be the reason that he was glad of Mass’ company.","ब्राउस भिनहीं खुश नाई रहल, हो सकला कि मास कंपनी के कारण खुश होखे।"
"That is why I say , everything that happens , happens for the best, do one thing , join the office from tomorrow.","एहो से मो कहीला कि जवन होला अच्छे होला, तु अइसन कर की बिहान से आफिस पकड़ ले ।"
What are we gonna do about this?,हम लोगन एह बाटे में का करत हईं?
Please stay outside.,बहरे रहँ।
"Had he worked hard earlier, he would not have failed.",अगर पहिले मेहनत कराले रहतन त फ़ेल न होतन ।
Atrocious?,बहुत बाउर भयल?
"Accompany me in my death, Bhairava.","मुअत छन हमरे संहे रह, भैरवा।"
Please translate this.,एकर अनुवाद करा।
I might have gone to him.,हो सका ल ओके साथे जाई।
The fight only lasted five rounds.,पांच बार लड़ाई भइल।
"Had I known earlier that nonsense girls like you come here to study , I would have never come here.",हमके पहीले पता रहत कि यहवाँ पर तोरी जईसन वेशर्म लइकी पदे अबती सअ त हम यहवाँ कवो ना अवती
My mother went.,"हमार माँ गई,"
What's an item like this usually go for?,ई आमतोर से केतनी क आवत हऽ?
You would have gone.,तु चल गयल होबा।
Will you read this book?,का तु इह किताब के पढ लेब ?
I am leaving,हम छोड़त हईं।
The girls are dancing.,लइकी कुल नाच रहल हइ।
I'll come back later with a couple of sandwiches.,हम बाद में वापस आ जाइब कुछ सन्डबिच के संहे।
I have no enough cash.,हमरे लगे पर्याप्त नकद नाई हऽ।
Open here.,इहां खोलअ।
This tiger is a carrot-eater.,ई चिता गाजर खाए वाला हअ।
Yes.,हाँ
Rustam made twelve runs.,रुस्तम 12 रन बनइलस।
I live in this forest all by myself.,हम अपने आप इ जंगल में रहीऽल।
Do you have a television set ?,का तोहरे लगे टेलिफोनवा के सेट हउए ?
Ram was angry.,राम रिसियाइल रहऽल।
This one yes and this one no.,ई वाला हँ अउर ऊ वाला ना ।
Sometimes I go shopping with my mom.,कभौ कभार हम माई के साथ खरीदारी करे जाइऽल।
Could I borrow your bicycle ?,का हम तोहार साईकिल ले सकेलीं?
Omkar! Why are you sitting alone and quiet in this dark?,"ओमकार ए ओमकार ,अरे ए अन्हारे में काहे गुमसुम होके बईठल हउवा बेटा ।"
Will he ever forget my kindness?,का उ हमार एहसान भुला गईल होईहे ?
This work can be done.,ई कम कईल जा सकेला।
Bhairava will win!,भैरवा जीती।
Will Sita not go to market?,का सीता बाजार ना गईल होईहें?
What do you want from her?,तू ओसे का चाहत हवा?
You never know when friendship turns into love.,यार कब दिलदार बन जाय पते ही ना चलेका ।
We were listening to the radio all evening.,हमहन क साझी क रेडियो सुनत रहली जा ।
I should be surprised.,हमके चौंकेक चाही।
"My friend invited me to a party, but I do not want to go.","हमार दोस्त पार्टी में बोलइले हऽ, लेकिन हम जाए नाई चाहत हईं।"
We liked the jokers gimmicks.,हमके जोकर क चालबाजी पसन्द आ गईल ।
Is there fresh fruit in the market ?,का बाजार में ताजा फल हवे?
It seems too good to be true nevertheless it is a fact.,सच भइल नीक बा।
He will come like an erupting volcano.,ऊ एगो फटत जुआलामुखी जइसन देखाई।
What did you do?,तु का कइल ?
Rama is the oldest boy in the eleven.,रामा 11वीं में सबसे बड़हन लइका हऽ।
The Shawshank Prison Library.,सँासें क जेल कीताब घर।
"For the moment, Mr. Grady.","येह पल खातिन, सरी गरेडी।"
Mice with matches.,मंचो के संहे चुहा।
It's alright.,इ ठीक हव
Who's that?,ऊ के हव?
Ram made Ila teach the child a song.,राम इला के कहऽल कि लइका के गीत सिखाऽव।
When did you tell her that Bill is coming ?,तु उनके कब बतइब कि बिल आ रहल हउए ?
The committee decided the matter without leaving their seats.,समीति आपन जगह छोड़े बिना बात क निर्णय क देहलस ।
I was the first to arrive.,हम सबसे पहिले पहुंचल रहलीं।
"King, prayers must be over before this 8 planet gathering ends.","महराजा, ये एकट्ठा 8 गरहन के हटले से पहिले हमके पूजन करेके होई।"
This is what we do. You should be happy.,हम देखा एक संघ काम करय में सहमत हव
This happened.,ई भईल।
We are not working.,हमनि काम नईखे करतानि ।
I'm confused.,हम कुछ समझि ना पावत हईं।
I wished to sell it to you.,हम इ तोहके बेचे चाहत हईं।
"""l smell humans!",हम मनुष्य क गंध सूंघ लेइत हव।
Can you see me?,का तू हमके देखि सकत हवा?
You can park on either side of street.,तु सडकिया के ओर पार्क कइ सकल ।
I wash myself when I get up.,हम जब उठी ल त खुद तैयार होईऽल।
I work.,हम काम करीऽल।
As you are here you may as well see it.,जईसन की तु यहवा हउअ तु यहके ठीक से देख सकल हउअ।
Ravi has a very big burden.,रवि पर बहुत भारी बोझ हऽ
Does she use mobile?,का उ मोबाइल चलावत हई ?
Can you cut the vegetables without knife?,का तु बिना चाकू के सब्जी काट सकल ?
I like this part when she does that shit with her hair.,ईहअ हमार पसन्दीदा हींसा हव जब ऊ अपने बालन क सत्तानास कइ लेत हव।
Was she walking home?,का उ घरे चलत रहली ?
Who will believe her ?,के ओकरा पर विश्वास करी ?
What is the capital of the Republic of Ireland?,आयरैंड गणराज्य क राजधानी का हऽ।
I can write.,हम लिख सकी ल।
Will the owner sell the farm?,का मालिक फार्म के बेचिंहन?
My house is in the village.,हमार घर गांवे में हऽ।
My father is not at home.,हमार बाउजी घरे नाई हवें।
"I've been told the beasts there are all giants, just as they were in the dawn of time.",हम जानत रहली कि उ जायल चाहत रहल... इ अब तक नाह! अपने बोगि में रहा।
"I did my grocery shopping today, consequently, our cupboard is full.",आज किराना क हम खरीदारी कइलीं हऽ ऐही से अलमरिया भर गइल हऽ।
I am so glad to hear it.,हमके इ सुनि के बड़ी खुशी भइल।
I'm not sure which key.,हमके बिस्वास ना हऽ कवन चाभी हऽ।
Which man do you wonder when they will appoint ?,तोहके केकरे पर सक हव कि उलोग केके भर्ती करिहं।
"I had complete trust on you Chandan! I thought that if my love and affection has strength, I will definitely get you.","तोहरा बडा भरोसा रहे चन्दन: हम त समझत रहली , अगर हमरा नेह छोह में बक होई त हम तोहके जरुर पा लेइब ।"
What did I do?,हम का कइलीं।
And suppose he's innocent.,अउर मान ला की ऊ निरदोष हवअ।
I know the answer.,हमके उत्तर पता हऽ।
The papers were strewn about the room.,पन्ना के रुम में बिखेरल रहे ।
I gotta focus.,हाँ हमके लगत हव....।
"They used to look after the herd, cultivate their small piece of land and led a contended life.",उ सब झुन्ड देखेन आ छोटा जमीन बोयेन ओर विवादित जिन्दगी जियेन ।
No. We haven't.,"नाहीं, हम ना हईं।"
I bought a cycle.,हम एगो साइकिल खरीदली।
They will be with you until you're alive...,"जब ले तू जिअत हऊ, ऊ सब तोहरे संहे रही...."
How many useless newspapers will you study?,तु केतना बेकार अखबार पढबअ ?
Will you have story book?,का तोहरे लगे कहानी के किताब बा ?
Relax.,सान्ती रक्खा।
That's great!,ये बढि़या हव!
My dad used to say that a man bows his head only in front of three women.,हमार पापा कहत रहे कि मर्द का सिर सिर्फ तीन औरतन की सामने झुकेला
The boy reading a book is rich.,लईका जवन किताब पढ रहल बा धनी ह ।
"Ah, Inspector--","आह, निरीछक"
Rani came out of the room.,रानी कमरा से बाहर आ गइऽल।
No one with black clothes be allowed to enter the fort.,काला कपड़ा पहिनल केहूँ के भी किला में प्रवेश करे के अनुमती न मिली ।
Is this mango ripe or unripe ?,ई आम पाकल बा की कच्चा?
Will she have been praised by her mother ?,का उनकर बड़ाई उनकी माता के द्वारा कईल जाला?
I want to purchase a colored T.V.,हम रंगीन टीवी खरीदे चाहत हईं।
Elias isolates himself a lot.,एलियास खुद को बहुत अलग रखत हव
I think playing hide and seek with me in public is your intention...,हम सोचत हईं हमरे संहे लुका छिपी खेल रहल हऊ लोगन में तोहार मतलब हव...
Elmo Blatch.,एल्मो बलाच।
Will Bill be staying?,का बिल रुकिहें?
Either of these roads leads to the railway station.,ई सब रास्ता रेलवे स्टेसन जाला।
I've been very clear on this point.,हमके लगत हव की हम एह बाती पे बहुत साफ हईं।
A major feature of the fort and palaces is the superb quality of stone carvings.,किला व महलन के मुख्य चित्र पत्थर नक्काशी के महानतम गुण ह ।
Anil sells elephants and horses.,अनिल हाथी अउर घोडा बेचे लन ।
No other planet is so big as Jupiter.,कवनो अन्यगृह एतना बड़ ना ह जेतना कि बृहस्पति ।
I am sending a letter.,हम चिट्ठी भेजत हईं।
We are in fact a multicultural society.,हमन वास्तव में बहुसांस्कृति क समाज हईं।
I have travelled many hundreds of miles with them.,हम ओकरे साथे कई सौ किमी चलले हईं।
What is the time for games?,खेलेऽक समय का हऽ।
You may displease him.,तु ओके दुखी कर सकला।
"Come on, hon.","चलो छोड़ा, हॉन ।"
Thank you much.,बहुत धन्नबाद।
Excellent!,बहुत बढ़िया।
I can't believe you said that.,हम तुहके विस्वास ना होत की कहले
Has Stephen gotten back yet?,इसटीफन् अबहिन ले वापस मिल गयल हव।
"If I decide anything is mine,",अगर हमके कवनो चीज पसन्न आइ गइल
We had given her an apple.,हमहन क ओके सेव देहले रह्ली जा।
It was much regretted that he was absent.,ई बात के बहुते अफसोस रहे कि ऊ अनुपस्थित रहलन।
You did what you had to do.,आपके का करअ के रहल कइले रहला।
One day while on hunt they came across a Jogi in the forest.,एक दिन शिकार करत समय उ लोग जंगल में एगो जोगी के देखल लोग।
"Your separation, Marianne.",आप का सम्बन्ध टुट गयल मेरिअनि
I drank some tea and felt better.,हम चाय पियलीं तब नीक लगऽल।
I want to roam this city.,हम इ शहर में घूमे चाहत हई।
I wouldn't know.,पता नाहीं।
"It is not his words, it is his thoughts.",इ उनकर शब्द न हवे बल्कि ई उनकर सोच हवे।
I hope he will be alright.,हमके उम्मीद बा उ ठीक होइह।
I am sleepy.,हम सुत गइलीं।
They may or may not work harder.,उ चाहे हऽ चाहे नाहीं कड़ी मेहनत् कर सकत हऽ ।
This child is ill.,ई बच्चा बीमार बा।
What do you really think?,तोहार असली सोच का हउए ?
Hang on.,हम आशीटाका हई! हम दुरे से पहिले आ गइली।
Pull up Badshah!,खींचला बदसाह!
"One day he sent for Cassim and said to him, 'You are now old enough to earn your living, so you must sat off, and make your own way in the world.'","एक दिन ऊ कासिम के बुलावाले अउरी कहलन कि, 'अब तू बहुते बुढा हो गईल बाड़ा, अब तू ई काम धंधा छोड़ द, अउरी दुनिया के आपन रास्ता खुदे ही बनावे द।"
I shall return within an hour.,हमके एक घंटा में लौटऽक पड़ी।
Cover me!,हमके कवर।
"No, not that bitch there.","नाहीं, नाहीं उ कुतिया नाहीं।"
A long time.,काफी लम्बा समय से हव।
Raju will go to Jaipur with his friend today.,राजू आज अपने दोस्तन के साथे जयपुर जाई।
[Speaking Lithuanian],[बोलत लिथुआनियाई]
Ow-ow-ow.,"ओउ, ओउ, ओउ"
Who did you know all this?,त तू ई सब कहवाँ से जनला?
We are not going to open the door.,हमहन क केवाणी खोले खातिर ना जात रहली जा ।
"The one you saw must come from ""the middle house.""",जवन तू देखला ऊ बिच्चे वाला घर’ से आव के चाही।
How did Ryder lose the carbuncle?,राइडर कैरबंचल कइसे हार गइल।
They go to their school at 7.00 a.m.,उ लोग अपने विद्यालय ७ बजे जान ।
The old Okan?,"बुढि़या, ओकन’?"
I'll just give you two some privacy then.,तो हम कुछ गोपनीयता देवे खातिन आप करब?
"If I were you, I'd tell him what happened.",हम तू रहतिं त बतयती ओकरा के का भईल।
What have you decided to do?,तु का करे के निश्चय कई चुकल हउअ ?
My arm!,अरे हमार हाथ!
See these cotton sarees !,ए सूती के साड़ी के देखा !
Marathi is spoken in Maharashtra.,महाराष्ट्र में मराठी बोल ल जा ल।
I been in here most of my life.,हमरे जीवन क जिआदेतर इहवाँ गुजरल हव।
I killed my father And I killed my mother.,हम अपनं पिता को मार दिहनी....अउर हम अपनी माँ
"Dear God, bless me with light.",भगवान हमके आसिरबाद दें।
He's very dangerous man.,ऊ बहुतअ खतरनाक अदमी हव।
Will Rohit do his work?,का रोहित आपन काम कईले होईहें?
"sir, those are pens.","सर, उ कुल कलम हऽ।"
How is he? Is he okay?,ऊ कइसे हव?
What? What are you saying Rupa? Did you listen sisters? Our Rupa forgot the Gayatri Mantra.,"का इ तु का कह हई रुपा , सुनलु बहिन जी हमार रुप गायत्री मन्त्र भुला गईली"
Thousands of Victorian workers joined educational associations in an attempt to better themselves.,हजारों के संख्या में विक्टोरियन कार्यकर्ता लोग शैक्षणिक सम्मलेन के अपनी भलाई के कोशिश में शामिल भईल।
Ravi was angry because he had not received his books.,रवि रिसियाइल हऽ कि काहे से कि आपन किताब नाई मिलऽल।
I'm afraid you won't do too well here unless you brought supplies.,"हमके डर हव कि तू कुछ खास न कइ सकबा, इहवाँ जबले तू सपलाई ना ले आवत हवा।"
The car is blue.,कार नीला ह ।
Come to me after five days.,पांच दिन बाद हमरे लगे आऽव।
I have arrived yesterday.,हम कलिहें पहुंच गइल रहलीं।
"My friend Asha Deshpande and her friend, Meena Patil.",हमार दोस्त आशा देशपांडे और ओकर दोस्त मीना पाटिल।
Let me see his face properly,हमके ओकर चेहरा ठीक से देखअदा।
This institution is a very good example of social service.,सामाजिक सेवा के एगो बहुते बढ़िया उदहारण के रूप में इ संस्थान जानल जाला।
Continue to advance and along the valley.,अउर घाटी के किनारे-किनारे आगे बढ़े।
I shall see you after lunch.,हम दोपहर क खाना खाएक बाद मिलब।
"But there's nothing I'll ever gonna want, more... than Edward.",का केहू अउर हम का एडवर्ड की कामना करत हई फिनू तू गलत हव
Saint Kanwar Ram attracted all with his devotional singing and dance.,संत कंवर राम सबके अपने तरफ भक्ति क भजन और नृत्य से खींच लेहले।
Which are the best?,कवन सबसे अच्छा बा ?
"Boys don't have to go out to work, you said.",काम नाही करय के पढ़त हव-उ...।
Can you tell me about him?,का तु हमके उनके बारे मे बता सकलअ ?
Sarita wanted four sarees.,सरिता के चार साड़ी चाही।
You can shut up or get out !,तु चुप रही सकल नइ त बहरे चल जा।
Which don't you know who bought ?,का तु नाइ जानत हउअ कि के खरिदले ?
May I ask a question?,का हम एगो सवाल पूछीं?
I felt happy because I moved to the US.,हमके खुशी महसूस होऽत काहे कि हम अमेरिका जात हईं।
Tell them that your father is Lasse-- Lasse Karlsson from Tomelilla. It's all right.,तुहं पता नाहीं हव तुहरे पिता का नाम लेसे कार्लस्सन हव।
What an awful weather !,का इ खराब मौउसम बा !
"I think it appropriate... that we recognize the two asswipes... probationary firemen, among us today, who were officially baptized... into the world of old man fire.",हमके ई उचित लगत हव...हम दो एस वाइप्स समझत हईं की....परिवीछा के अधीने फायर बिरगेड।
He will come if you call him.,उ आयीहन तु बुलायिह त ।
Will all the witnesses have given their evidence before he arrives?,का उनकी पहुंचला से पहिले ही सब गवाह आपन आपन बयान दे देहले रहनअ?
A bandage is also tied on his head.,ओकरे हाथे में पट्टी कसल हऽ।
[Fitzgerald] I couldn't have wished for a better life.,(फिजराल्ड) हम एगो बेहतर जिनगी खातिन कामना कइले हईं ना कइ सकलीं।
How many booksellers are selling the great books?,केतना किताब बेचे वाला महान किताब बेच रहल हऊवन ।
How many publishers are in your office?,तोहरे कार्यालय में केतना सम्पादक काम करलन?
Rupert is not going to dial the number.,रूपर्ट नंबर नाई मिलावे जाऽत।
There's no need to worry so.,चिन्ता करे क कवनो बात नाहीं हऽ ।
We are thinking of going to Lonavala.,हम ऊ लोनावाला के पास जाये खातीर सोचत हई ।
I hear he has passed all right.,हम सुनलीं सब ठीक भइऽल।
Then I'll have enough money for my ticket.,फिनू हमरे पास होई टिकट के खातिन पर्याप्त पैसे।
I must study you thoroughly.,हमके ठीक तरे से येके समझ के होई।
"And I can see that love today, but it is not for me.",और आज हमके व प्यार दिखलबा लेकिन उ हमरा खातिर ना ।
When should I leave here?,हमके इहा से कब जाएऽक चाही।
Agra is a historical city.,आगरा एगो ऐतिहासिक शहर हवे।
India expects this of every man.,भारत के हर आदमी क इहै उम्मीद बा।
Good.,अच्छा हव।
There's just no work for you people!,बस कवनो काम ना हव तुहन लोगन खातिन!
You became breathless by climbing just these many steps?,खाली इह कई सीढ़ी चढ़ में तु हाफ लगला।
You had given this to Tina when she was beginning a new life.,तु ई टीना के दिहले रहलअ जब उ एगो नई जिनगी शुरु करे जात रहे त
And now I'm-- I'm going to change yours.,अउर अब हम तोहार बदलअ खातिन जात हईं।
But he is attempting to use that very talent against your will.,लेकिन ऊ येही परतिभा क उपयोग कइले क परआस करत हव...तुहरे हीछा के बिरोधे।
"Oh, my God.","ओह, हमार भगवान।"
You burned people!,तूँ लोगन के जरा दिहलअ!
One makes progress with his own his own hard work and not through recommendation.,उहे तरक्की करा ल जे खुद और खुद के कड़ा मेहनत कराल न कि सिफारिश से।
You may go.,तु जा सकत हउअ।
It burns almost completely away when you light it.,आपके ई रोसनी जब ई करीबन पूरे तरे से दूरे जलत हव।
Will he not have been taking the examination since Monday?,का उ सोमार से परीक्षा नाई लिहे ?
You probably wanted some book of mine.,तु शायद कुछ हमार किताब चाहत हवा।
Make hay while the sun shines.,बहत गंगा में हाथ धोऽल।
