en,bho
These glasses suit people with round faces.,ई चस्मा सब गोल मुंह वाला पर अच्छा लगेलन।
"Mr. Bartel, do you regret your crimes?","सिरी बरटेल, आपके अपने अपराधन क अफसोस हव?"
cheap and durable.,सस्ता और टिकाऊ।
The men were very hungry.,मनइए बड़ा भुखाइल रहलें।
Do you want to narrate how you killed my father?,का तू हमके ई बतावल चाहत हवा कि तू हमरे पिताजी के कइसे मरला?
"Over the big meadow, beyond the rice fields","धान के खेत से परे, बड़े घास के मैदान के पार।"
Will my crush smile at me?,हमरा से प्रेम करे वाला हमके देख के मुस्कुरयिहें का?
"I really get under that ice cold skin of yours, don't I?",वास्तव में आप सफल जेवजी के तहत हप की अपने बर्फीले त्वजा
Has he disclosed your secret to everyone?,का ऊ तोहार राज/गुप्त/निजी बात के सबके सामने बता दहनअ?
You only bang on the roof when you got something on your mind.,आपके अपने दिमाग पे कुछ मिल गयल जब आपके खाली छते पे धमाका।
"I wrote him a friendly letter, thanking him for his help.",हम ओके दोस्ताना चिट्ठी लिखली हऽ और मदद खातिर धन्यवाद देहली हऽ।
"No, I don't.","नाहीं, हम नाहीं।"
I have never seen a tiger.,हम कभौ बाघ नाई देखले हईं।
It is very simple.,ई बहुते आसान बा।
"Right, Heywood?","ठीक हव, हेवुड?- हम"
What is it?,का भयल?
He is not happy.,उ खुश नईखन।
I got one!,एक मिल गया!
This one thing is enough to prove how good a lover he is.,खाली ई एगो चीजुअ साबित करति हव कि ई केतना नीक परेमी हवॅ।
It is worth seeing the film.,ई फिल्म के देखल फायदा वाला रहल की ना।
I accept that I should not have slapped Rajesh.,हम मानीऽल हमके राजेश के नाई मारेऽक चाहत रहऽल।
Get over there.,ऊहाँ जा।
I gotta go. I'll be back.,"हमें जाये के हव, लेकिन हम बापस आइब"
"Although my boss called me last night, I didn't answer the phone.","हालाँकि हमके पिछली रात हमार मालिक फोन कईले रहलन, लेकिन हम उनकी कॉल के जवाब ना देहल चहनी।"
I just lost my concentration and my animal turned on me.,हम सिरिफ आपन एकगरता खोइ दिहलीं अउर हमार जानवर हमके दे दिहलअ।
I don't recall seeing her there.,ओके उहां देखले बादो हमके याद नाई हऽ।
I had purchased a lottery ticket.,हम एक लॉटरी क टिकट खरीदली।
How many sisters do Kishan have ?,किसन के केतना बहन हई ।
"This one here, you told me but I forgot.",इ का हव पेले? लगता नाही हव की हम कबों देखल हईं।
My uncle is still in hospital.,हमार अंकल अबिहनो अस्पताल में हवें।
He's as good as dead.,तू सरत लगा ला...
The multi-millionaire Mr. Sen is the richest in this town.,कई गुना लखपति मिस्टर सेन शहर में सबसे अमीर मनई हवें।
Ravi fell down the stairs.,रवि सीढ़ी से नीचे गिर गइल।
We embrace the trials of our lives...,हम आपन जीवन क परिछा के गले लगावत हईं...
Did he show you the picture ?,का ऊ तोहके तस्वीर दिखवलन?
I feel hungry.,हमके भूख लगऽत।
He likes himself.,उ अपना के पसंद करेलन।
They did not shout at me.,उ हमरे उपर चिल्लात न हवें ।
And the newborns won't know they even exist.,एक लाभ देबा हमें-हम संगठित करय की जरूरत हव
"I've a reason, King.",एकर एगो कारन हव महराजा
I have nothing more to teach you.,हम तुहै सिखा दिहले हई।
I don't have any on me.,हमरे अलावा केहू नाई हऽ।
How much is your amount ?,केतना तोहार रकम ह ।
... secondthoughtsaboutthe job . I'm intrigued.,ई नोकरी छोड़ेके बेबस कइ देत हव ।
We are not as poor as they.,हमहन क व्े के रुप मे गरीब ना हई जा।
"Rama said, ""I am very busy now.""",रामा कहऽत कि हम बड़ा व्यस्त हई।
It's a clear day.,दिन साफ़ बाटे।
[Coughing],खाँसी
Next day he asked Noori as to what was it all about.,अगिला दिन उ नूरि से पुछलस कि सब का रहे ?
I saw him only once.,हम ओनके एक बार देखलीं ।
Amelie closes the door.,अमेली दरवाजा बन्द करत हिय ।
And I also know this that you both love each other a lot.,और हम इहो जानत हई कि तु दुनो एक दुसरे से बड़ा प्यार करेलअ ।
Do you know the girl who started in grade 7 last week?,का तू लडकि के जानत हउअ जवन पिछले हफ्ता ग्रेड ७ मे शुरु कइले ?
You never let me know when something like this happens.,तु हमके कब्बो नाई जान पइब जबले कुछ ये तरह आक्समिक घटना न घटे।
I'll teach Sindhi.,हम सिंधी पढ़ाइब।
"If I were you, I would have asked him to pay me back.",हम अगर तू रहतिं त ओकरा के कहतीं हमार पैसा वापस देवे खातिर ।
Has the warning-bell rung ?,का चेतावनी वाला घंटा बजल?
Will you only eat or work on the mill also?,सिरिफ खाये के हव की चक्की भी चलइबू?
Does he need me ?,का उनके हमार जरुरत बा?
Do not come in front of me.,हमरे समनवा ना पड़ा।
You don't want to do this.,तु अइसन कइ लना चाहत हवा।
Does he go to tution?,का ऊ टयूसन जालें?
I brought vegetables.,हम सब्ज़ी खरीद लाइल हईं।
Ram studies in the school.,राम स्कूल में पढ़ऽत।
May comes after April.,अप्रैल के बाद मई आव ल।
This convinced everyone.,ई सबके मना लेई।
On the joyous occasion of the baby ` s birth both his grandfather (maternal/paternal) will dance wearing similar clothes.,वच्चे की जन्म की खुशी प दोनो दाना और नाना एक ही ड्रेस में नाची लोग
"You can love more than one person at a time. I've seen it, with Sam, Emily, and Leah.",तू अचानक ब्यक्ति प्रेम कइ सकत हव अउर अधिक से अधिक एक हव हम एके देखत रहल
"Jesus Christ, Marty.","ईसामसीह, मारटी।"
Please come at night.,राति म आवा।
Ravi cut the unripe banana.,रवि कच्चा केरा काट देहलस
Dead.,मर चुकल हव।
What'd you do?,का तू करत हवा?
"No madam, we do not have steel furniture.",ना मैदम जी हमहन क स्टील क दुकान ना हवे ।
Did you enjoy the movie ?,का तु फिलम के आनन्द लेतड ?
"I live in London, which has some fantastic parks.",हम लंदन में रहीऽल जहां बेहतरीन पार्क हवें।
a pair of thieves,चोरन की जोड़ी
"No, I'm staying.",ना हम
It is shocking !,यह सद्मित करे वाला हअ।
"Yeah, you should.",हाँ तुहँ मिले के चाहीं।
Do you get time for studies ?,का तोहके पढ़े के समय मिलेला?
What a large noise !,का इ तेज हल्ला होत बा !
Have you not been to the party?,का तु पार्टि मे नाइ होबअ ?
Bookish knowledge alone would not help.,खाली किताब क जानकारी मदद नाई करी।
At what time will this train leave from here ?,कवनी समय पर ई ट्रेन इहां से चली?
Most people get what they deserve.,बहुत लोग उहे प्राप्त कईल जौना खातिर उ पात्र रहल ।
I didn't break it.,हम नाई तोड़ऽली हऽ।
How many bungalows does Mary have?,मैरी के लगे केतना बंगला हऽ।
"The stinking, you went to that bitch last night.","बदबू, का काल्हि रात तू ओ कुतिया के लगे गयल रहला।"
I do not remember.,हमके नाई याद हऽ।
Give the order.,आदेश देहल जाव।
Will he be ready?,का ऊ तैयार होईन्हें?
I write to him now and then.,हम ओके तब और अब लिखली।
John was laughing before Mary drew a circle.,मैरी के गोला बनावे से जॉन हंसत रहल।
Can you look forward?,का तु आगे तक देख सकलअ ?
"Skeets, come on. Give me that, you shithead.","अरे, इसकी, अइहा तनी, ऊ हमके दीहा, गोबर गनेस।"
I tell you it's nothing.,"कहली न, कुछू न हव।"
Now he must go back to his palace and leave her to face the fate.,अब उनके अपनी जगह से वापस जाए के चाही और उनके सच के सामना करे के खातिर छोड़ देवे के चाही। ।
I don't have much money with me.,हमरे लगे बहुत पइसा नाई हऽ।
Which type of person is this?,ई कवनी किशिम के आदमी बाडन?
They that are whole have no need of a physician.,जे अपने आप में सम्पूर्ण हटे वोके डाक्टर क जरूरत न बाटे ।
Mr. Verma was the leader of Socialist Party for years.,सालन से मिस्टर वर्मा सोशलिस्ट पार्टी क नेता रहलं।
This film is exciting.,ई फिल्म उत्तेजित करे वाला रहे।
I have diabetes.,हमके डायबिटिज़ हऽ।
Each lesson is being taught everyday.,हर पाठ रोज पढ़ावल जाऽल।
Lost your bottom jaw?,निचे क जबड़ा गयल?
It is difficult to understand the reason.,वजह समझब मुश्किल हो गइल हऽ।
Tatsu strain a lucky,ततसू एगो भगसाली।
What time is it now ?,अबहीं का समय होत बा?
Your father became a butterfly?,तुहार पिता एक तितली बन गइलँ?
But this- this party's for girls.,लेकिन ई परटी लइकिअन खातिर हव।
Who arrived late ?,के देर से पहुँचुवे ?
But he killed these guys.,लेकिन ऊ एनलोगन के मार डरलअ।
My captors were taking me to prison.,हमके पकड़े वाले हमके जेल ले जात रहऽल।
How many of you can solve this?,तोहन लोगन मे से केतना जने एहके हल कइ सकेने।
Who's your brother?,आप का भाई केह हव?
"Most of the time, these episodes with kids are never explained.","जिआदेतर, लइकन क ई परकरन समझ में ना आवत हव।"
"She is not an Indian , she has been brought up in London and these London girls are peculiar.",हिन्दुस्तानी ना नह लन्दन में पलल बढल हीय और ये लन्दनवाली कुछ अजीव तरह क होली स ।
Does this car belong to you ?,का ई कार आपके हवे?
"You got a problem with drilling, Probie?",अपने डिरलिंग पैरोबी के संहे एगो समीसा हव?
When will you go to office tomorrow ?,तु बिहान कर्यालय कब जइब ?
We can go for a walk if you like.,हमनि टहले जा सकीं ला अगर तोहर मन बा ।
Bye dad.,नमस्ते - बाय पिता जी।
The boy readily admitted his mistake.,लइका आसानी से आपन गलती मान लहले।
Does she speak at all?,का ऊ सब कुछ बता देहली?
It's just a bullshit word.,इ सिर्फ एक बकवास हऽ।
Have the Torrances' things brought to their apartment.,का टारंस पलिवार क समान ओनके कमरे पे आइगयल हव।
She has been calling this number many times.,ऊ येह नम्मर पे कई बेर काल कइले हव।
You just gotta twist and turn... same as the eel in that frying pan.,तूहँ फराइंग पैन में मछली की तरह छटपटाना होई।
What is the name of this village ?,ई गांव का नाम हवे?
They were not using their calculators.,उ सब आपन कैलकुलेटर प्रयोग ना करत रहें ।
I can ill afford to lose him.,हम ओके बीमार से हार सकीऽल।
He loves me a lot.,हमके बडा प्यार करेला ।
Cocks crow in the morning.,कउआ भिन्हिए बोलाल।
Are there any stamps in the drawer.,का दराज मे कौनो स्टेम्प हउए !
Maybe he thought of them on the streets or his child growing up not knowing her daddy.,सायद ओनके सड़की पे अइले क खिआल चोहे बापे के गइले बगर ओकरे बच्चा क बढ़ल।
Radha has written a letter to Gita.,राधा गीता के चिट्ठी लिखलस।
Its extreme cold today.,आज बहुते ठंडा हऽ ।
I was unwilling.,हम इच्छा नाई रहल।
One cannot be too careful of one's good name.,केहू एतना सावधान ना हो सकेला केहू के अच्छा नाम पर ।
"What are you, scared of the dark?","लइको, तू अन्हारे से डेरात हवा?"
And I don't smell any worse than some people I know.,अउर हम कुछ लोगन से अधिक गंध ना देत हव।
I'll be very surprised if that egg isn't broken.,चला देखत हईं
But I couldn't even touch her.,लेकिन हम ओके छू तक ना पवलीं।
I have to figure out what to tell people... Whu I won't be home for Christmases.,हम बोजिज हव निकालय खातिन का बहरे मत बतइहाँ हम काहें लोगों को
How did you find the fair ?,तु मेला के कइसे पता लगइब ?
"It never snows in Auckland, does it?",आकलैण्ड में कबो बर्फ ना गिर हऽ न?
The dog had barked.,कुत्ता भौंकले रहे ।
Let Durga come with me; I'll give her something to tide you over,"छुरगा के हमरे संहे भेजा, हम ओके दे देइव कुछ समे पार करअ खातिन ।"
What took you to the aiport ?,तु हवाई अड्डा पे का ले गइल ?
I murdered the child.,हम बच्चे को मार डलली।
Will you be able to reach at my place by yourself ?,का तु खुद हमरे जगहि पर पहुचले लायक होब ?
This poor-fellow was crying under the pressure of loans and they were enjoying.,ई बेचारा गरीब आदमी ऋण के भार से रोवत रहन अउरी ऊ सब मजा लेत रहे।
Kalidas is often called the Shakespeare of India.,कालिदास के प्राय: भारत के शिक्सपीयर कहल जाला ।
"Matt has benefited from his exercise program, now, he is slim and energetic.","मैट के कसरत से फायदा भइल हऽ, अब उ पातर और जोशीला हऽ।"
My God!,हे भगवान!
"No! You're not thinking clearly, don't do that!",ना हम काफी ना लगत हव
Everyone leads a difficult life.,सब लोगन क जीवन मुस्किल भरल हव।
Until graduation.,तक परिवर्धन - परिवर्धना?
That's it.,ई मरलीं।
"So, I couldn't find a partner in this birth.",येह लिये हमके एह जनम में कवनो साथी ना मिलल।
They are using him to free load.,ऊ ओकर मुफुत में इस्तेमाल करत हवँ।
Mango grows in India.,आम भारत में उगे ल ।
They will stitch the clothes.,उ सब कपड़ा स्टिच करेला ।
I don't know him properly.,हम ओके ठीक से नाई जानीऽल।
It also tells the sacrifice of Sorath.,एके सोरठ के बलिदान भी कहल जाला।
People mainly do agriculture here.,इहां के लोग मुख्य रूप से किसानी करेला।
Who knows Music ?,के संगीत जानत ह ?
Who took you to the airport?,के तोहरा के हवाईअड्डा से ले आऊवे ?
"Our hoard is little, but our hearts are great.",लेकिन हमार दिल महान हवे।
I praise him only when he deserves it.,हम ओकर तारीफ तब करऽब जब उ ओकर हकदार होई।
That way Dodo and Chanesar were stepbrothers.,येही से डोडो अउरी चनेसर सौतेला भाई हवे लोग।
They fought bravely.,उ सब बहादुरी से लड़्ल ।
So put the knife down.,त चक्कू नीचे रख।
The longest river here is Sindhu.,इहां के सबसे लंबा नदी सिंधु हवे।
The boy whose book I took is angry.,जवने लइका के किताब हउए ऊ गुस्सा मे हउए।
The next day was warmer still.,अगिला दिन फिर भी गरम रहे ।
I don’t want to go to her house!,हम ओकरे घरे नाई जाए चाहीऽल।
Can he kill you?,का ऊ तोहके जान से मार सकेलन?
Are you leaving the college?,स्कूल छोड़के ?
You don ` t leave me like this.,तु हमके ए तरे छोड़ के मत जाईल करअ ।
It was a horrible night.,ई भयानक रात रहे।
Take this parcel over to the post-office.,ई पार्सल के डाक-घर ले जा।
The news that the enemy landed spread like wild fire.,शत्रु के उतरला के खबर आग के तरह फयिल गईल।
It is time to go home,ई समय घर जायेके हवे।
We've lived here since 1994.,हमहन क १९९४ की बाद से यहवां रहल जाला।
It has not worked.,ई काम ना कईलन।
A supervisor has students that he must interview.,एगो सुपरवाईजर के पास छात्र रहे लन जिनकर साक्षात्कार ओकरा करे के रहि ला ।
It is a beautiful school.,ई सुंदर स्कूल बा।
"To save few bugs, you hired an auto instead of a taxi.",कुछ पइसा बचावे खातिर तू टेकसी के बजाय आटो कइ लिहला।
A girl whom Ravi thinks everyone will choose.,एक लड़की जेकरी बारे में रवी सोचेलन सब उनका के पसंद करेला। ।
You're going overboard.,प्रेट जेरूजस
I spoke plainly that you might understand.,हम साफ कहलीं हऽ तोहरे समझ में आ गइल होई।
How many buses are going to Maharani Baag?,केतना बस महरानी बाग के जा रहल ह ।
What does your mother bake?,तोहार माई का पकावत हेव?
Brother also had to come today but there is no news of him yet.,भइया आजौ आवे के कहले रह ल मगर अब ले कौनो ख़बर नाइ बा।
This place is wonderful.,ई जगही अद्भुत हव।
The dog chased the sheep.,कुत्ता भोड़ के पीछा करुवे ।
The Volturi don't give second chances.,ओके दे दा एक करय क मउका ना दिहला दूसरा एक
Will you go to market?,का तु बाजारे जइब ?
"Third day after this, a comet will fall, according to the horoscope of the princess, this will bring calamity to us and this kingdom, King.","येकरे तिसरक दिन एगो धूमकेतु गिरी, रजकुमारी के भभिस के अनुसार ई हमार अउर हमरे राज में तरासदी ले आई, महाराज।"
"As you think, your fiance is not a good man.","जइसन तू सोचति हऊ, तोहार होखअ वाला पती एगो अच्छा अदमी ना हव।"
"Those assholes were closing' firehouses, gettin' our friends killed for money.","ऊ बेकूफन पइसा खातिन मारि डरलँ हमरे दोसतन के मिलत हव, आग घरन के बन्न भित्तर गयल।"
Who is the best boy in the class?,वर्ग क सबसे बढि़या लड़का के हऽ ?
I have a query regarding your previous reply.,हमरे लगे तोहार पहिलका जवाब खातिर कुछ सवाल हऽ।
I would have purchased a ticket.,हमके टिकट कीनेक होई।
Where have you taught?,तु कहवा पढा चुकल हउअ ?
I am in great pain.,हमके बड़ा दर्द होऽत।
The captain was annoyed at his not having carried out his orders.,कप्तान उसका आदेश न मानने के कारण उसपर गुस्सा हो गया ।
You have had to spend hard times.,काफी कठिन समे तोहके बितावअ के परल हव ।
"If it rains, the match will be cancelled.",बारिश होयी अगर त खेल रद्द हो जायी ।
I insisted on going.,हमार जोर जाए पर हऽ।
The mark is getting bigger.,निशान क बढ़ाई...
Not the ones that support risk killing you. You won't.,जोखिम बात पर जीवन तू का स्टेवलज्म ना अ
Your wife has phoned.,तोहार मेहरारु फोन कइलेस।
"Who lives there, I knew the fact that he will not come.","उहाँ के रहेला, हमके कारन मालूम बा कि उ ना अयिहन।"
"Engine 115, right?",इंजन 115 सही?
I'm not sure.,हमके पक्का पता ना।
Not an evil word did he ever say to me. Not once.,उ बुरी बात कबौं ना कइलँ।
Kanta has written a novel.,कान्ता एगो उपन्यास लिखले दिय ।
"If I had known, I would get you gone.","अगर हमके पता होत, हम तुँहके लेइके आइत।"
Wounds made by words are hard to heal.,शब्दन क घाव भरब बड़ा मुश्किल होऽल।
The climate of Rangoon does not agree to him.,रंगून क मौसम ओकरे साथे नाई हऽ
"Pass on in peace and bear us no hatred. Disgusting little creatures, soon all of you will feel my hate... and suffer as I have suffered.","सांति बांटी अउर नफरत से दूर रहीं। घृणित छोट प्राणियन, जल्दिये आप सभ हमार नफरत महसूस करब... अउर हमके भुगतेके पड़त हऽ।"
Will you get this letter posted?,का तु हइ भेजल चिट्ठी पइब ?
"Yeah, he's got the teeth of a rat.","हाँ, ओकर दांत चूहा जइसन हव"
Sheela forced Radha to sing.,शीला राधा से जबरजस्ती गाना गववली।
"Hey dear! You are too much, you are having papayas sitting there instead of helping us, say something.",अरे यार! कमाल करत हवे तु यहां हमार मदद कईला की बजाय बईठल -2 पपीता खात हवे अरे कुछ त वोल
Hello.,नमस्कार
"Aceh is rich of events, attraction and unique culture that it will fascinate anyone.","ऐक में बहुते तरह के कार्यक्रम होला, जवन की बहुते अनूठा होला और जेह की वजह से केहू भी उहवा जाए खातिर आकर्षित हो सकेला।"
Was he to see her again?,का उ उनके फिरसे देखले ?
Latin was once spoken in almost every part of Europe.,एक समय लैटिन यूरोप के सब हिस्सा में बोलल जात रहे।
"Because I have still not found that girl, the mere sight of whose makes me feel something.",का है कि हमके अवली ले अइसन लइकी ना मिलल जेके देख के कुछ होखे लागे ।
And a case of Scotch to the captain at station assignments.,अउर स्टेसन के कार्य में कप्तान को स्काच का मामला।
Ravi sat on his bike.,रवि ओकरे साथे गाड़ी पर बइठ गइल।
... andkilledhisfamily with an ax.,अउर अपने पलिवार के एगो कोल्हाड़ी से मारि डरलअ।
How many players have won the match?,केतना खिलाड़ी मैच जीत गईल हऊवन ।
Mary threw the ball and Billy caught it.,मैरी गेंना फेकलस और बिली लपक लेहलस।
How can I do that?,इ हम कइसे करऽब।
You are not visiting the castle.,तु किला नाई देखत रहत हउअ।
Aren't they the same?,का दूनो एकअ ना होत?
She predicted you would get a job. You did.,ऊ भभिसबानी कइले रहलीं कि काम मिलि जाई अउर मिलि गयल।
Did you see the terminator?,का तु टर्मिनेटर देखले बाडअ ?
You never come here but you steal something.,तु इहाँ कब्बो ना अइला लेकिन तु कुछ चोरवला।
Why do you think they said those things?,तु काहे सोचत हउअ कि उ कहने कि उनकर चिज हउअ ?
The novel 'Gora' has been written by Tagore.,गोरा उपन्यास टैगोर के लिखल हवे।
May I borrow your umbrella ?,तोहार छाता ले सकेलीं का?
How many wells are not working?,केतना कुँआ काम ना कर रहल ह ।
You are the 40.,40 पे आप।
Who is this year's chairwoman of the examination committee.,परीक्षा कमिटी के ई बार के महिलाप्रमुख के बा?
I hoped that it was true.,हमके लगऽत इ सच हऽ।
You'll understand when you see the rock hammer.,तू समझ जइबा जब तू चट्टानी हथोड़ा देखवा।
I didn't. None of us did.,आप पसंद क विकल्प हव अउर पसंद लाने क गलत
Had Boris been learning English?,का बोरिस अंग्रेजी सिखत रही?
I ordered whatever he ordered.,हम उहे मंगइली हऽ जवन उ मंगइलस।
It started to rain while we were playing tennis.,हम टेनिस खेलत रहलीं तबले बरखा होए लगल।
After sometime Bhungar died.,कुछ समय बाद भंगर मर गईल ।
She is too good.,ई बहुत नीक हव।
The dog is as good as dead.,कुत्ता एतना अच्छा बा जेतना कि मरला पर ।
How is the weather today ?,आज के मौसम कैसा ह् ?
We have a winner!,हम एक जीतवइया हईं।
What is the fault of my daughter?,हमरे बिटिया क गल्ती का हऽ।
I think it is a good idea.,हम सोचत हई कि इ बढ़िया विचार हऽ।
We have heard a strange story.,हमहन क एगो अजीबे किस्सा सुनली जा ।
Will you be paid regularly?,का नेमत रूप से तनखाह मिलत रही?
That's where I come in.,ठीक ईहअ हमरे काम आवत हव।
I am determined to yield this point.,हम एही बात पर छोड़े चाहत हई।
You know it's time to do your hair,तुहके पता हव की बाल झारे क समय हव
I was invited by the professor whom I met at the conference.,"हमके प्रोफेसर बोलइले रहले, जवने से हम कॉन्फ्रेंस में मिलल रहले।"
We went Indore.,हमनि इन्दौर गयलीं ।
This news spread like fire.,ई खबर आग के तरह फ़ैल गईल।
"Although Frank enjoyed cooking, he always forgot to buy groceries ahead of time, so he usually went out to eat for dinner.","हालाँकि फ्रैंक के खाना बनावल बहुते पसंद हवे, लेकिन ऊ समय से किराना के सामान लियावल भूल जाने और येही वजह से अक्सर उनके बाहर खाना खाए के जाए के पडला।"
What’s your mother name?,तोहरे माई क नाम का हव?
I've got to speak with you.,हमके तुहसे बाति करेके हव।
The elephant has been caught.,हाथी के पकड़ लेहल गईल बा।
Those who clean their inner self with tears of repentance at last win.,जे आपन भीतर आसुंओं से साफ करेला उहे अन्तिम मे विजयी होला ।
Sweet Jesus.,हे भगवान!
How can you say that Subbu had a genuine love for anyone he came across?,तु कइसे कहि सकल कि सुब्बु केहुके सच्चा प्यार खरतिन सब जगह अइले ?
It is bad to eat chocolate often.,चाकलेट ज्यादा खाना खराब ह् ।
A tree protected me against the heat and the sun.,पेड़ हमके सूरज और गर्मी से बचा लेहलस।
You are buying a house and we are selling.,तु घर खरिदत रहल हउअ अउर हम बेचत रहल हई।
Do you celebrate your birthday ?,का तु आपन जन्म दिन मनावतड ?
We're in danger already.,हम पहिलवॅ से खतरा में हईं।
It is all due to his ambition for fame.,ई सब उनकी उद्देश्य के परसिद्धि में रहे वाला कमी हवे।
"Rama, you are a lazy boy.",रामा तू सुस्त लइका हवा।
"One, two--","एक, दू"
Serpents cast their skin once a year.,सांप साल में एक दाईं आपन केंचुल छोड़ऽल।
"I understand the joke, but Mary didn't.",हम मजाक समझीऽल लेकिन मैरी नॉट।
That clock is ten minutes fast.,घड़ी १० मिनट तेज हऽ ।
Who will know?,कवन जानी?
Did you see the woman ?,का तु ऒरतिया के देखल हऽ ?
Rakesh will be studying physics.,राकेश भौतिक विज्ञान पढ़ी।
Ramesh was busy in studies that's why did not go to watch movie.,रमेश पढ़े में व्यस्त रहऽल एहि से फिल्म देखे नाई गइऽल
We ought to be leaving now.,हमहन के अब जाये के चाही।
Will you enter this forest at your own risk?,का तु जंगल मे अपने खुद के जोखिम पर गइल होब ?
"Don't give unriped ones, give riped ones.","कच्चा मत द्,पक्का द ।"
Don't tell me about the chance I'm taking.,"हमके मोका के बिसे में ना बतवलँ, हम ले जात हईं।"
I have to purchase something.,हमके कुछ खरीदेऽक हऽ।
You're shitting me.,तू हमके उल्लू बनावत हवा?
They don't pay for the repairs!,ऊ मरम्मत खातिन भोगतान ना करलँ ।
I used to work with the woman.,हमार मेहररूअन के साथे काम करे क आदत हऽ।
What if you rape and kill her?,अगर तू ओकर बलत्कार कइके मारि डरता?
Does Neha write a letter ?,का नेहा चिट्ठी लिखली?
How many goats are grazing there ?,केतना बकरी ओईजा चर रहल हई ।
What is 'Bahirana' ?,बहिराना का हऽ?
I took this book.,हम किताब ले लेहली।
We refused them admission.,हमहन क उनसे प्रवेश खातिर मना कर दिहली जा।
It is fine.,ठीक बा।
Night came on and the room grew dark.,रात आइऽल कमरवा में अन्हार हो गइऽल।
You are serving us pakodaa.,तू हमहन के पकौड़ा देहल हऽ।।
"Oh, my God!",हे भगवान!
I live in the city in which I study.,जवने शहर में रहीऽल वहीं पढ़ीऽल।
Don't hurt me.,हमके मति मारा।
"After she graduates this year, Julie will work in her father’s law firm.","ई साल स्नातक पास कईला के बाद, जूली अपने पापा के विधि कंपनी में काम करिहन।"
I asked him if he was feeling well.,हम ओसे पूछली ओके नीक लगऽत रहल।
"Two years ago, Marty Swayzak didn't even know my name.","दुइ साल पहिले, मारटी सवेजेक ओके हमरे नाँव क पता ना रहल।"
"If anybody's lights are about to go out, believe me, they're yours.",केहू क रोसनी बहरे जाये के बारे में हवत हमें विस्वास हव तु तुहार हव।
From tonight She eats here.,आज रात से ऊइहाँ....खइहँ
It's going to be such fun.,अब मजा करे के चाही।
Give sugar in this small bag.,ए छोटा से थैला में तनिक चीनी द।
"Lily played football, so Tomi went shopping.","लिली फुटबाल खेललस, ऐसे टोमी शापिंग करे गइऽल।"
Because you're too important. Still not good enough.,काफी अच्छा हव काहें की हम ना भी महत्वपूर्ण हव इ
Will he be marrying Monika next Sunday?,का उ मोनिका से अगले अतवार के शादी करीहे ।
He wants me to baptise them,ऊ आपन जनेऊ करल चाहत हव
Ragini watches TV.,रागिनी टीवी देखतिऽअ।
Here she comes.,ऊ आवति हव।
King could see through their artificial makeup and their behaviour and went away.,राजा देख सकेऽल कि कृत्रिम मेकअप और व्यवहार उहां से चल गइल।
Ratan wrote a letter to friend.,रतन दोस्ते के खत लिखलस
That can't be right.,इ सही ना हो सकत हव
No such thing as easy time in the hole.,कवनो असान समे ना होला अवकासे में।
The king was so pleased with his music.,राजा संगीत से बड़ा खुश रहऽल।
Let's get up off the floor.,चला खड़ा होइ जा।
You tell me.,"तू हमके बतावा, घंट।"
In future I shall charge you for medical advice.,डॉक्टरी सलाह देवे खातिर अब भविष्य में तोहसे पइसा लेऽब।
Can you arrive at this place early?,का तु ये जगही पर जळी पहुच सकलअ ?
Ila lifted a necklace.,लीला एगो हार उठवली।
I sank into the water.,हम पानी में डूबो देहलीं।
Wake up.,जागा।
Men have fought for their country.,आदमी अपने देश खातिर लड़ल।
You're spoiling Durga,"ठाकुरजी, तू दुरूगा केखरा बकरत हऊं।"
Ram couldn't worry.,राम चिंतित नाई हऽ।
I know what I'm doing. - Uh-oh.,हम हम का करत हईं।
Vijay saw the moon from his window.,विजय अपने खिड़की से चांद देखलस।
Leela has bartered one night of yours for a mere necklace.,लीला केवल तोहरे खातिर एक रात क सौदा कइलस ।
I saw him to do it.,हम ओके इ करत देखली।
Actually you are very beautiful because you are very different from the others.,तु बहुत खुबसुरत हउ काहे कि तु सवसे जादा अलग हऊ
"Me,your father and Anjali are there in this story.",ये कयानी में हम बानी और तोहार पापा और अंजली
Will you speak English?,का तु अंगरेजी बोलब ?
Will you take away my Harsha from me?,का तू हमरे हरखा के हमसे दूर ले जइबू?
We thought that perhaps Pelle would like to become his replacement.,सयद पेले परसिद्दु बनल चाहे इहँवा स्टोन फारम पर।
Understand?,समझें?
Roger gave a grin of sheer delight.,रोजर बड़ा खुश होके मुस्किया देहलस।
My own benefit lies in this.,हमार खुदके एमे फायदा हऽ।
They will guard his house.,उ सब आपन घर क सुरक्षा करत हवें ।
How many watermelons are in your garden?,तोहरे बगइचा में कय ठे तरबूजा हव?
Is it a private or government hospital ?,ई प्राइवेट या सरकारी अस्पताल हवे?
Am I attacking on you?,का हम तोहरी पे हमला करत बानी?
Maher respects his teacher and Omar respects Maher’s teacher but Zayd doesn’t respect Maher’s teacher.,"माहेर अपने टीचर क सम्मान करेंऽल, उमर माहेर क टीचर क सम्मान करऽलं लेकिन जायद माहेर क टीचर क सम्मान नाई करऽल।"
I like to think it was something so beautiful it can't be expressed in words and makes your heart ache because of it.,"सोयल नीक लगत हव की ऊ एतना सुन्नर गावत रहलीं, जेके सबदन में बतावल ना जा सकत हव...अउर येही बजेह से दिले में दरद होत हव।"
I had gone to Lajpat Nagar yesterday.,काल हम लाजपत नगर गईल रहीं ।
Does she know where he lives ?,का उ जानत हई उ कहा रहत हउए।
Why do you think he left early ?,तोह्की काहे लगला कि उ पाहिले छोड़ देलस?
I don't need it for myself.,अपने लिए हमके एकर जरूरत नाई हऽ।
Please give one big size.,एक नंबर बड़ा द।
It may rain tomorrow.,कल बरखा हो सक ल।
The player ran fast.,खिलाड़ी तेज दौड़ऽल।
It is not a pleasant and sunny day.,ई ना त खुशनुमा और न ही गरम दिन बा।
The boy's mother called him inside for dinner.,लइका के अम्मा उनके रात मे खाये खरतीन अंदर बोलवली।
What is the highest mountain in the United Kingdom?,ब्रिटेन में सबसे ऊंच पहाड़ कवन हऽ
I had that fire.,हमके लगते हव की आग रहल।
Let silence be heard...,सान्त होखे दा सुनत रहा...
"Come out, come out, wherever you are.","बहरे आवा, बहरे आवा, तू जहवाँ भी होखा।"
How did you pass your time in such a small village ?,अईसन छोट गाँव में तु आपन समय कैसे बितावेल ।
"Nor afraid of, uh... hot coffee in bed on Sunday mornings either.",हम डरत नाहीं हई....विस्तार में एक काफी रविवार के सुबह भी।
Don't put yourself out on my account,हमारे वजह से अपने आपके तकलीफ में मत डारा ।
The hunter shot the lion.,सिकारी शेर के गोली मार देहले।
Ravi is a fast bowler.,रवि तेज गेंदबाज हऽ।
I'll kill your fear that a man there kills hundred before dying.,हम तोहरे येह डर के मारि देइब कि एगो मरद मुअले से पहिले 100 के मारि के मरत हव।
Who likes these men ?,के ऐ आदमियन के पसंद करत ह ?
Alka caused Ravi to understand the matter.,अलका के कारण ही रवि मामला के समझल ।
And I'd like to know what they are.,अउर हम जानल चाहब ऊ का हवँ।
Bring the helicopter down.,हेलीकप्टर के नीचे ले आउ।
I am just as fond of listening to songs as you are.,हम संगीत सुनलेंऽक शौकीन हईं जइसे तु हउवा।
To see you was a great pleasure.,तु एगो बहुत खुशी देखत रहल ।
"Yeah, have fun now.",हाँ अब मजा हव।
"Milton said that he did not educate his daughters in the languages, because one tongue was enough for a woman.",मिल्टन कहलस उ अपने लइकिन के भाषा नाई सिखइलस काहे से एगो काफी हऽ।
The girl has now become such familiar with everybody that no one can call her an outsider.,वइसे लडकी घर में अइसे घुल मिल गईल बा की केहु ओके पराया ना कही सकेला ।
"Before, sir.","पहिले, साहब।"
This will make you happy.,एसे तोहके ख़ुशी मिली।
I will trust him.,हम ओकरे पर भरोसा करऽब।
Radha made jam.,राधा जैम बना देहलस।
The acting of the actors was good.,कलाकार क अभिनय अच्छा रहे ।
Few things are impossible to diligence and skill.,कुछ चीज बुद्धिमत्ता व परिश्रम से असम्भव ह ।
Abdul works harder.,अब्दुल मेहनत करे ला ।
Have you been thirsty?,का तु पियासल बाढअ ?
Something's wrong.,तुरंत का हव?
Where does Lakshmi have to go ?,लक्ष्मी के कहां जाएऽक हऽ।
We bought a chainsaw that we cut all the wood up with.,हमहन क साथे सब जानी लकडी के कटली जा काहे की एगो खरिदले हई जा ।
I got one rupee.,हमके एक रुपया मिलऽल।
I'll give you a lot.,हम तोहके बहुत कुछ देब।
I worked there for two weeks.,हम उहां दूई हफ्ता काम कइली।
It is inexplicable to the doctor.,एह डाक्टर के बारे में बता पावल बहुते मुश्किल बा।
Do you ever wonder why... you're stuck a fucking lieutenant for life?,आप कबों अचरज काहें करत हवा। आपन जिनगी खातिन एगो कमबखत लेफटीनंट फँसत हवँ?
We can accommodate up to 300 people here very comfortably.,हम 300 लोगन के इहवाँ आराम से खपाई सकत हईं।
Cassette rewinds to the beginning.,कैसेट प्रारम्भ से याद करे के कहल गईल ।
Please give me some books on Sindhi poetry.,सिंधी कविता क कुछ किताब हमके दे द।
We have vacations from Saturday for 25 days.,हम शनिवार से पच्चीस दिन की छुट्टी पर हई ।
You are partly right.,तु आधा सही हवा।
You are very kind.,तु बहुत दयालु हउअ ।
Am I spoon-feeding my child?,का हम बच्चा के एक चम्मच खिया सकेलीं?
He will throw the spear at me.,ऊ भाला हमरे तरफ फेंकी।
"Damn it, you're putting me behind!","बस करा, डुफरेन, तू देरी करावत हवा!"
We must hasten.,हमहन के जल्दि करे के चाही ।
"Come on, Ron!",रॉन चला।
"Being tired, he went to bed.",थकल होये के कारण उ बिस्तर पर गयल।
Bring everyone with the name Harsha.,हर ओके ले जा जेकर नाँव हरखा हव।
Why don't you just stay with your own kind?,पानी गीला हव गीला हो जइवा पिले पेट वाले।
One Sindhi girl is my friend.,एगो सिंधी लड़की हमार दोस्त हवे।
"Bhola Prasad jee is researching on Kalidas ` s Shakuntala , by the way he is also searching for his Shakuntala.",भोला प्रसाद जी हिन्दी साहित्य में कालिदास की शकुन्तला पर रिसर्च करत हवअ वैसे इनेका भी आपन शकुन्तला के तलाश बा ।
Beautiful bowl. I've seen one other like it.,जवन पाथर तीर उपयोग कमल जात रहल आउर लाल एक सषार।
I don't concur with you on that opinion.,हम उ राय पर तोहसे समहत नाई हईं।
And then he went to meet her in her chamber.,आ तब उ ओसे चैम्बर में मिले गयल ।
"Indu, listen to me.","इन्दू, हमार बात सुना।"
Ram reads books.,राम किताब पढ़ लेहऽल।
"Here you go, miss.","आप जाइ, बहन जी।"
Ram must have gone to home yesterday.,राम कलिहां घरे गइल होई।
Had I the wings of a bird I would fly away.,हमार पास पञ्छी के पङ्ख होईत त हम उड जयतीं ।
How many gold-necklaces do you have?,तोहरे लगे केतना सोने के हार हउए ?
Sounds even better from inside.,भितरों से बेहतर लगत हव।
And who are you?,आ तू के हव?
How many more times must you moisten your duster?,केतनी बेर डसटर (झाड़न) गील करबा?
Has she copied the chapter?,का ऊ अध्याय के उतार लेले रहली?
How did they say that John had been fired ?,ऊ लोग इ कईसे कह सकेला कि जॉन के काम से निकाल देहल गईल।
"I will introduce you to Nikita, but you will also have to do my work.",हम त तोहार जान पहचान नीकिता से करवा देईब पर तोहके मोर एगो काम करेके पडी़
I'm right behind you!,हम ठीक तुहरे पिछलँ हईं।
Open all the windows.,कुल खिड़की खोल द ।
I thought if Munna was here...,हम सोचली यहवाँ मुन्ना
Melissa hated the students in her class.,मेलिसा अपने कक्षा क छात्र पसंद नाई कर त।
The long recess is for half an hour.,बड़ा देर से आधा घंटा क छुट्टी हऽ।
I like rice.,हमके भात पसंद ऽब।
I was reading a book.,हम किताब पढ़त रहलीं।
Antibiotics do no good for the common cold .,रोगप्रतिरोधक दवा सामान्य ठंडा बदे अच्छा न हवे।
Mom is working.,माई काम करत बा।
Backdraft blew out the flame. That's it.,बैक डराफट लपट बहरे धमाका से उड़ा दिहलअ।
This car is not only fast but also safe.,इ कार केवल त्व्ज ही न बल्कि सुरक्षित भी चलेला ।
A nigger.,एगो हबसी।
I pretended not to care but I was screaming inside.,हमके तबीयत के परवाह नाई रहऽल हम अंदरवा चिल्लात रहलीं।
Can you wear this clothes?,का तु इ कपडा पहिन सकल ?
What does it show?,ई का दिखईहे?
The dog has not barked.,कुत्ता ना भौकलस ।
Stephen's not staying here anymore.,स्टीफन अब अउर इहवाँ रहल नाही हव।
Does she consider?,का उ बिचार करत हई ?
Bring me some oil and a lump of ice.,तनि तेल और बर्फ क ढेर ले आवा।
My name is Lasse Karlsson from Tomelilla.,हम काम तलास रहल हईं...
"Sometimes back, I had been to Europe for a month.",कुछ समय पहले हम यूरोप में रहुंवी कुछ महीना खातिर ।
"After dinner, the baby woke up his mother with a loud yell.",रात में खाए के बाद लइका उठ गइल और चिल्लाई के अपने माई के बुलावे लगऽल।
I understand you're a man that knows how to get things.,हम समझत हईं की तूहीं ऊ हवा ते जानत हव की चीजन के कइसे पावल जाला।
They used to earn their living through hard labour by catching fish from the lake.,झील से मछली पकड़ के खूब मेहनत द्वारा उ लोग आपन जीविका यापन करेन ।
I am a clerk in an office.,हम ऑफिस में बाबू हईं।
She's close.,इ करीब हव
"Sorry, man, John Wayne time.","छमा करा, अदमी, जान बेन समय।"
How many watches have spoiled?,केतना घड़ी बर्बाद हो गईल ह ।
How'd you know we call him Doc?,तुहके कइसे पता हव की हम ओके डॉक कहींला?
"Come on, move it!",च्ला!
Only about three months.,खाली करीबन तीन महिन्ना
The basic idea is to cope with the very costly damage... ... anddepreciation which can occur.,मूल बाति हव निपटल बहुत महंङ नोकसान...
Take the swab.,स्वाँब लेला
Give money to Ramu.,रामू के पइसा द।
Come back here.,इहवाँ वापस आवा
Something's wrong. - The birds have gone.,कुछ गड़बड़ हऽ। - चिड़ियो चल गइलिन।
The book was given to the best student in the class.,कक्षा के सबसे अच्छा विधार्थी के किताब दिहल गईल रहे ।
I don’t know how deep he had to dig it.,हमके नाई पता कि ओके केतना गहरा खोएऽक पड़ल हऽ।
A prolonged erection (priapism) can damage the penis .,लंबे समय तक उन्नत शिश्न लिंग के नुकसान पहुंचा सकऽल।
We have got enough food to last us three days.,ह्महन क तीन दिन खातिर खाना मिल गईल ।
If not accept my challenge.,अगर हमार चुनौती सोवीकार ना हव।
"You remember the place well, and at night, you slip in hand.","जगह अच्छी तरह से याद कइके, रात में आपन हाथ घुसावा।"
A new car was given to me by my husband.,हमार भतार हमके नया कार देहले हऽ।
"Although he was bred with the law, he became a successful journalist.",हालाँकि ऊ कानून के साथ बढ़ल रहन ऊ पत्रकार बन गईलन।
It's hopeless.,निरास करेवाली हव।
"Bob is handsome, he is, moreover, rich.","बॉब सुंदर बाड़ें, उ ज्यादा अमीर बाड़ें।"
He was a hell of a fireman.,ऊ एगो फयरमैन की एगो नरक रहल।
I shall go if you agree to my proposal.,अगर तू हमरे प्रस्ताव से राजी हउवा त हम जाइब।
Roshan has watched an exhibition.,रोशन प्रदर्शनी देखले हऽ।
They were advocates.,उ सब वकील हवें ।
I will surely help you.,हम पक्का तोहार मदद करऽब।
You were not here.,तु यहवा नाई रहल ।
I look on him as my son.,उ हमके आपने लइका जइसन लगा ल।
Run to the fat foreman!,स्कोल शैतान!
Your friend Andy.,"तुहार दोस्त, एंडी।"
You feel you've been rehabilitated?,का तुहके लगेला कि तु सुधर गइला?
"Nothing , I could not even see their face and Navratri ` s Dandiya is going on these days in Hanuman street , it is difficult to recognize him in the crowd.","कुछ ना और अन्हारे में उनहन क थोबडा ना दिखल और आजकलत त हनुमान गली में नवरात क डाडिया चलत वा, ओके भीड़ में पहचानल भी मुशकिल बा ।"
Did you get your wish ?,का तु आपन इच्छा पइल ?
Tell him about us down on State Street.,राजगली पे हमरे बारे में ओके नीचे बतावँ।
I saw a crying girl.,हम एक लइकी रोवत देखलीं।
I called him at his office.,हम ओके दफ्तर बुलइले हई।
"If she comes to see us, we will go to the zoo.",अगर उ हमनि के देखे आयी त हमनि जू चलब ।
"Meanwhile, Jakhro spoke about the beauty of Kounru.",ए बीचे जाक्रो कौररू क सुंदरता क बात कइलस।
We were prevented from seeing the prisoner.,हमहन क कैदी के देखले से रोकल गईल ।
You can try in trial room.,तु ट्रायल रुम मे कोशिश कइ सकल ।
Don't forget your friend Boidyonath,आपन दोस्त बइदनाथ क ेमत भुलिहा।
Forget about them and come to our matter.,ओनके छोड़ा अउर मुद्दे के बात पे आवा।
The dog frightens the child.,कुत्ता बच्चा के डरावत ह ।
We're gonna get you outta here. Lay down.,तू चलि जा हम इहाँ वाला हईं।
Radha had early lunch.,राधा जल्दिए खा लेहलस।
Why should I listen to any one ?,हम काहे केहू और ऽक सुनी।
This is not needed.,ई जरुरी नईखे।
"Maher thinks that he is strong and Omar thinks that he is strong, but his father does not think that he is strong.","माहेर के लगऽल कि उ ताकतवर हऽ, उमर के लगऽल कि उ ताकतवर हऽ लेकिन ओके बाऊजी के नाई लगऽल कि उ ताकतवर हऽ।"
Had Mary been dancing?,का मैरी नाचत रहुई?
How much is this dress?,ई केतना के ड्रेस हवे?
Fool!,मुरुख।
The cars needs to be driven.,कार के चलावे अके आवश्यकता ह ।
The crowd that gathered cheered him to the echo.,जवन भीड़ इकट्ठा रहल ओकर खुशी गूंज गइ ल।
Will you go to the cinema tomorrow?,का तु विहने सिनेमा जइबअ ?
Can I go to the cinema?,का हम सिनेमा जा सकेलीं?
"It's where the spirit of the forest dwells, and it's a very dangerous place for humans.",उहाँ कवनो आदमी चल सकेला।
You've had a grand-daughter in the meantime.,"तुहरे एगो पोती हव, एह बिच्चे में।"
Few persons can keep a secret.,बहुत कम आदमी रहस्य के बनाये रख सकतन ।
I say it's better here.,येहीं बेहतर हव ।
They always do that.,उ हमेशा करत हव
We are hoping for better weather tomorrow.,हमहन क बिहने अच्छा मौसम क आशा करत हई जा ।
The big yellow dog slept.,बड़का पीयर कुक्कुर सुत गइल।
How many masons are in your village?,तोहरे गाँव में केतना राजगीर हवन?
"On this point, I would not know what to tell you.","येह बिंदु पे, हमके नईखे समझ में आवत कि हम तोहके का कहीं।"
What bicycle?,कइसन सइकिल?
Please change the channel.,चैनल बदल द।
I'll go to Bombay.,हम बंबई जाइब।
Don't hide it from me.,हमसे न छिपावा इ।
Will you sit here?,का तु यहवां बइठबअ ?
This is the list of the rules.,ई नियम के सूची हवे।
I have a brother and a sister.,हमरे एगो भाई और बहिन हऽ।
How many players like to play badminton?,केतना खिलाड़ी बैडमिंटन खेलल पसंद करेलन ।
All the details are given in this.,एकरी बारे में सब तरह के सूचना दे देहल गईल बा।
Show you bliss...,तू सुख देखिहा...
Why do you spend money unnecessarily ?,तू काहे अनावश्यक पइसा भेजत हवा?
The one who works hard gets success.,ऊ आदमी जे कठिन परिश्रम करी सफलता ओही के होई।
What the hell is it then?,"खयर, त ई का हव?"
It wasn't so good as last time.,ई पीछला समय जईसन अच्छा ना रहे।
"I was pulled out of there... by my hero, my Shadow here.",हम मरि गयल रहलीं।
The ball rolled toward Beth.,गेना बेथ के ओर लुढ़कल।
Get the high-rise jet.,ढ़ेर बढन्ती जेट करा।
Shall we go out ?,हमहन क बहरे चलल जा ।
Return to your cellblocks for evening count.,सांझ के गिनती खातिन अपने कोठरिअन में वापिस आव।
I can't walk that far.,हम नाई टहल सकी ल।
Will you not be in the college tomorrow?,का तु विहने कालेज मे नाइ होइबअ ?
Afternoon 12 to 3 and evening 7 to 11.,दुपहरिया 12 से 3 और संझा के 7 से 11।
I bought it approximately a week ago.,एके लगभग एक हफ्ता पहले हम खरीदले रहलीं।
"Yeah, I know how you feel.",हाँ? हम जानत हईं कइसन महसूस होत हव।
Bruce was lying on his bed.,ब्रूस अपने बिस्तरा पर सूतल रहल।
They are teaching Sindhi.,उ सब सिन्धी पढा़वत हवें ।
The letters being written by the engineer will be signed by the director.,पत्र ईजिनियर द्वारा लिखाईल अब निर्देशक द्वारा हस्ताक्षरित होई ।
Sorry to hear about the mannequin.,पुतला के बारे से सुनले खातिन खेद हव।
Can you tell me what material she likes?,का तु हमके बता सकलअ कि उ कवन समान पसन्द करेली ?
Grady?,गरेडी?
I am a government employee.,हम सरकारी कर्मचारी हईं।
You don't need to ask me every time you need to go take a piss.,पेशाब करके खातिर हरदम पूछले क जरूरत ना हऽ। बस जा? समझ में आयल?
I am near-sighted.,हम जल्दिए देखली हऽ।
I'm telling you to stop.,हम आपसे रूकअ खातिर कहत हईं।
Get out.,निकरि जा।
you buy the whole company a drink.,अपने पूरी कमपिनी एक डिरिंक खरीदत हई।
All those who want to go to the market should come with me.,उ सब जे हमरे साथ बाजार जाईल चाहत हऽ ओके हमरे साथ आवे के चाही ।
Is there a reason why you don't look me in the eye? Should I know something? Signe?,तू हमरे आँख में देखकर नात काहें नाही करत।
Uncle! I was thinking something.,"काका, हम एगो बात सोचत हई"
That is my friend.,ऊ हमार दोस्त हवन।
On hearing this Mohammed wanted to test Punhoon and gave him a sackful of clothes to wash.,ई सुनके मुहम्मद पुन्हूं के जांच करे चाहत रहनअ अउरी उनके एक बोरा भरके कपड़ा धोवे के देहनअ।
"Mohan, who is a teacher, reads a lot of books.",मोहन जवन कि टीचर हऽ बहुत किताब पढ़ऽल।
There's a cure for everything... except death.,सब कुछ खातिन इलाज हव... मउत छोडि़ के.
It isn't for such as them to dictate to us.,ई ओह लोग खातिर सच ना हवे हमनी के ऊपर शासन करी। ।
A computerized reservation facility is located at the Golden Temple Complex.,कम्प्यूटर आरक्षण सुविधा स्वर्ण मन्दिर के पास हौ।
Shaunak felt a great love for the cat.,सौनक के बिलारी खातिर बहुत प्यार महसूस भइल।
Will the child have been slept before its mother comes,का बच्चा अपनी माँ के अईला से पहिले सुत गईल रहे?
They are going to ask a question.,उ सब प्रश्न पूछे जात हवें ।
Stupid!,मुरुख!
I am prepared to meet you half-way.,हम तोहसे आधी राह में मिले खातिर तैयार हईं।
Belonged to my dowry.,हमरे दहेज क रहलीं ।
They are nearer to the sun than the earth.,पृथ्वी से नजदीक उ सब सूर्य से हवें ।
Kamla will bring vegetables from the market.,कमला बाजार से सब्जी लियाई ॥।
How many students are brave?,केतना छात्र बहादुर हऊवन ।
"No, I have no enemies here.",हमार इहवाँ केहू दुसमन ना हव।
Don't touch those stones!,तू का कर रहल हव।
Don't worry.,चिन्ता मत करा
Did you get married or not?,तू शादी क लेहलअ की ना?
Your son is here!,आपक पूत इहवां आयल हवॅ।
I found a good parking space because I went to work early.,काम पर हम जल्दी चल गइलीं ऐसे हमके पार्किंग खातिर बढ़िया जगह मिल गइल।
"The beans are very tasty, I should taste a bit.",बीन्स बहुत स्वादिष्ट हव थोड़ा चख कर देखत हईं।
Almost a year.,करीबन एक बरिस ।
Just now Bhairava taught me to use bow arrow to hit target.,ठीक अबहिन भैरवा हमके लच्छ पे धनुहीं अउर बान से भेदल सिखवले हवॅ।
After meeting who did Anu go home.,केकरा से मिलकर अनु घर गयली ।
The treasure was very valuable.,खजाना बहुत कीमती रहे ।
"Hello, my darling.",नमस्ते पिरय
"The orchard is private property, bought and paid for lt will have to be fenced in if we're to save any fruit","बागि नीजी सम्पदा हव, पइसा देइके खरीदल हव, केतनी बेर कहले हईं अगर फल घरे में ले आवेके हव त बाड़ा लगावा, बाड़ा लगावा।"
"""Institutionalized,"" my ass.","""संस्था हअ,"" हमार गधे।"
Everything I own in the whole world is up there.,हम पूरी दुनिया मे अपना सब कुछ उपर हव।
You questioned me infront of everyone.,तू सबके सम्हने सवाल कइले रहला।
How does that poet describe the faces of the children in the classroom?,वर्ग के कुछ लईकन के चेहरा कवि कईसे वर्णन कईले बा?
What did I say ?,हम का कहीं।
"The teacher allowed notes during the test, but all of the students failed anyway.",परीक्षा में गुरु जी नोट्स रखे कहले रहल मगर तबौ कुल लइके फेल हो गइल।
No pizzas in this restaurant.,"ये होटल में कवनो पिज्जा ना हव,"
I like mangoes.,हमके आम नीक लगऽल।
It is a a sad story.,ई बहुते दुखदायी कहानी बा।
You can't come in now.,अब आप में ना आइ सकित।
No other metal is as useful as iron.,कवनो धातु एतना उपयोगी ना ह जेतना कि लोहा ।
It is easy to please my parents.,हमरे माई बाप के खुश कइल आसान हऽ।
Aspasia will not be going out to pasture tomorrow.,असपसिआ कल चरय नाहीं जा रहत हव
Somebody had called for you.,कोई तोहके बोलावल हऽ?
"Sir, he's telling the truth.","महोदय, ऊ सच कहत हव।"
This is the boy whom I punished last week.,एही लड़का के हम पिछला सप्ताह सजा देले रहनी।
You were a teacher in Saraswati High School.,तु सरस्वती हाई इस्कूल में अध्यापक रहला।
To drive a car requires care and skill.,कार चलावे खातिर कुशलता व इमान के जरुरत ह ।
Can you bring a glass of water for me?,का तु हमरे खरतिन एक गिलास पानी ला सकलअ ?
"""You hear what I said, boy?"" I say, ""Yes, sir. I did.","हम कहलीं, हँ साहेब, हम सुनलीं।"
Can I repair you mobile?,तोहार मोबाईल बना सकेलीं का?
I was a little theatrical back then.,त हम एक छोटा सा टेटरेल ना रहल
Can you finish the home work right-now?,का तु घर के काम अब्बे ख़तम कइ सकल ?
I hate you. Leave me.,हम तोहसे नफरत करत हईं।
In love. I get it.,हम एके पावअ खातिन
How many people have kept their word?,केतना आदमी आपन शब्द अपना पास रखुवन ।
"Mary said she could come to the show, but she got sick the day before.","मैरी कहऽल हऽ कि उ देखावे आ सकेऽली, लेकिन उ एक दिन पहिले बीमार हो गइल।"
We are writing in copies.,हमनि कापी में लिख तानि ।
You have not brought the book that I asked for.,तु उ किताब ना ले अइला जवन हम कहले रहली हऽ।
Ram is working.,राम काम करऽत।
Why did you come?,तू काहें आयल?
So... will you tell me?,त...तू हमके बतइबा?
They would have gone.,उ सब शायद चल गईन ।
"Stephen, relax.","इसटीफन, अराम करा।"
How many students are about to come to my home?,केतना छात्र हमरा घरे आवे के हऊवे ।
Ram is drinking water.,राम पानी पियऽत।
Thank you.,सबटाइटल अनुबाद जसपाल सिंह।
What do you do in such programs ?,तु एह लेखा के कार्यक्र्म मे का करत हउअ ?
Man is the only animal that uses fire.,आदमी इकलौता जानवर हऽ जवन आग क इस्तेमाल कराल।
Mr. Friese?,मास्टर फिर इस?
Some brother. Shit!,कुछ भाई।
Think of the devil and the devil is here.,सैतान क नाँव ला अउर सैतान हाजिर
"Not as your king,",तोहरे महराजा जइसन नाहीं!
I had worked.,हम काम कइलीं।
Here is the present from my uncle.,ई हमारी चाचा के तरफ से उपहार हवे।
They are returning back the money.,उ सब पैसा लौटावत हवें ।
My cat chases rabbits.,हमार बिलरिया खरगोश दौड़ावत हऽ।
I like to play cards with friends.,हमके दोस्तन के साथ ताश खेलब नीक लगा ल।
I think it'll take years.,हमके लगत हव सालन लगि जाई।
The woman lying on the mat is perhaps asleep.,चटइया पर लेटल औरत शायद सूत गइल।
I enjoyed my Kashmir trip a lot.,कश्मीर दौरा पर हमके बड़ा मजा आइऽल।
No one is allowed in the dining room!,रसोइयां में केहू के अनुमति ना हव!
I beat it.,रत्त चाँप: 1
"You must learn to cook, mustn't you?",का खाना बनावल ना सीखे के चाही?
"In addition, I would like for you to sweep the kitchen floor.","आगे में, हम चाहत बानी कि तू रसोईघर के फ़र्स के साफ़ कर द।"
"What do you think, Brian?","आप, बरायन, कालगत हव?"
"If I haven't known that, I wouldn't believe you.",हाँ हमें पता हव
Did I work?,का हम काम करीं?
Mary told the story to John.,मैरी जॉन के कहानी सुनइलस।
Can I still do that?,हम अब अइसन कइ सकत हईं?
It's really pretty outside.,सच्चो में बहरे सुन्नर हव।
Is he accusing him?,का उ उनके पर आरोप लगावत हउए ?
You sure this is where you saw her?,का तोहके यकीन हव कि तू उहवाँ देखला?
You did not switch off the lights before leaving.,तु छोडले से पहिले बिजलिया नाई बुझवल ।
Ila sent Anu the necklace.,इला हार के अनु के भेज देहली।
What did you do to that little girl?,आपके लगत हव की छोट लइकी खातिन का कइला?
The shop opens at morning 8 O' clock.,दूकान सुबह में 8 बजे खुले ला।
And they were right.,अउर उ सही रहल
I have to ask you something.,हमके तोहसे कुछ पूछेऽक हऽ।
"Yes, sir!","हाँ, महोदे।"
Who did he say that to?,केसे कहला?
interest.,बिआज ।
"Yes, My father had this dream.",हं हमरा पिताजी क इहे सपने रहे ।
We may not do a good job in a hurry.,हमहन से हाली मे एगो अच्छा काम ना हो सकेला ।
I am in second year.,हम दूसरे साल में हईं।
"Shame on You, It is because of your this behavior that we are without children.",हि: शायह तोहरा रही स्वभाव से भगवती आजतक तोहके वे ओलाद रखले हई
We .will stay there for two or three days only,हमहन क दु या तीन दिन की खातिर उहवां जायेके ।
"Stephen, can I talk to you a minute? - Yeah.","इसटीफन, हम तो हरे करअ खातिन एक मिनट बात कइ सकत हईं?"
There is one fan in each room,हर कमरा में एगो पंखा बा।
What a beautiful night!,का इ सुन्दर राती बा !
Fighting 17th!,लड़ा 17 वाँ।
Hey you keep quiet now.,हे तू अब चुप रह।
Where will I get such a girl?,कहवां मिली हमके अइसन लइकी
They live under the same roof.,उ सब एक छत के नीचे रहेला ।
I made the trip in 3 1 /2 hours.,साढ़े तीन घण्टा में जतरा कइ लिहलीं।
"No, he's not.","नाहीं, ऊ ना।"
We do not have any right to build the castles of our happiness by hurting them.,हमके कवनो हक ना हकी इनके दुख पहुचाके हम आपन खुशी क महल खड़ा करी ।
How is an Ombudsman chosen in Sweden?,स्वीडन में लोकपाल कइसे चुनल गइल हऽ।
How many bicycles do they buy?,उ लोग केतना साईकल खरीदींह ।
Can you count money for me?,का तु हमरे खरतिन पइसा गिन सकलअ ?
"As they finished the meat, they became sages and started giving forecasts.",माँस खाईल बन्द क के उ सब सन्यासी बन गईन आ भविष्यवाणी करे लगन ।
Can you tell me the reason ?,का तु हमके कारन बता सकलअ ?
I sent a letter which arrived three weeks later.,हम चिट्ठी भेजली जवन तीन हफ्ते बाद पहुंचऽल।
I was embarrassed.,हम झेंप गइल रहलीं।
Girls have changed a lot today.,लइकी कुल आज बहुत कुछ बदल देहली हइ ।
I didn't think it was going to be this big.,हमके ना लगल रहल कि एतना बड़ा होखअ जात रहल।
What I don't have are the rocks.,जवन ना हव ऊ हईं चट्टानन।
"Oh, no!","याकुल, डरा मत।"
Ultimately Allaudin and Abro themselves entered the battle field.,आखिर में अल्लुद्दीन अउरी अबरो खुदही लड़ाई के मैदान में उतर गईले।
What a tall man !,का इ लम्मा अदमी हउए !
What can Mars not destroy?,मंगल ग्रह का नष्ट नाई कै पाई।
How many sentences have you made?,तु केतना वाक्य चुकल हउअ ?
Next to the red one.,लाल वाली के बगले ।
Did Tom go to school?,का टाम स्कूले गइल बाने ?
There were just two hours for the guests to arrive within that time Sudha got the whole meal ready.,समय पर पहुंचे खातिर मेहमानन के लगे खाली दुई घंटा रहल और सुधा पूरा खाना बना लेहलीं।
I had the most terrible nightmare I ever had.,हम एगो...भयानक खराब (बाउर)
I would have purchased a scooter.,हमके स्कूटर खरीदे क बा।
"Don't trouble me, already I'm mad unable to find her.",हमके परेसान मत करा हम पहिलहीं से ओके ढूंढत ढूंढत पागल होइ चुकल हईं।
You will be tired tomorrow if you don't go to bed soon.,आज न सुतल त कल थाक जयीब ।
My sister must wash the dishes.,हमार बहिन बर्तन धोई।
#With a long list of victims#,# पीडि़तन के एक लम्मी सूची के संहे #।
Leela told him that the poor servants would serve you and meet all your needs.,लीला बतइले हऽ कि एगो गरीब नौकर तोहार सेव करी और जवन जरूरत हो ई देई।
No.,नाहीं।
Who are the main four pillars of ancient reign ?,पुरान जमाना के राज के 4 स्तंभ के हऽ?
Something's coming... Something...,आ रहल हव कुछ खुद से बड़ा
They wanted that we should accompany them.,उ लोग चाहत हवें कि हमनी क उनकर साथ देवेके ।
"Just give me one more chance to prove it, Mr. Grady.","बस हमके एक अउर मोका दा ई साबित करे खातिन, सूरी गरेडी।"
I don 't want to.,हम ना चाहित।
Broke Captain Hadley's heart to shoot him.,कपतान हेडली क दिल टूट गयल ओके गोली मरल में।
That boy tells lies.,उ लड़का झूट बोलत हऽ ।
You watch.,आप देखत हवँ।
"You're lucky, because it snow On the day of your pilgrimage.","तू भागसाली हऊ, काहें की बरफ पड़ रहल हव....अपनी तीर्थ यात्रा के दिन।"
Who gave you that knife ?,तोहके उ चाकु के देहलस?
Do not insult the weak.,कमजोर क अपमान मत कर ।
"But don't worry. It's not too strong for your father, Pelle.","लेकिन तुहार पिता संभाल सकत हव, पेले काहें ककी मजबूत हव।"
Indo-U.S relations are on a all-time high.,भारत अमरीका संबंध हमेशा बढ़िया रहल।
There are 50 flats in our society.,हमहन क सम्ाज में ५० गो फ्लैट हवं स ।
Did you Kewell blow a whistle ?,का केवेल तो सिटी बजईबअ?
I own a red and a black car.,हमरे लगे एगो करिया और लाल कार हऽ।
He was flurting and chasing girls.,ऊ तनी कमजोर अदमी रहल।
Look at me.,बरुक्स हमके देख।
I have come to Adipur earlier.,हमके जल्दिए आदिपुर आवेक होई।
I sent a letter.,हम चिट्ठी भेजलीं।
"A bevy of beauties are coming, buddy.","एगो खुबसूरती क बाढ़ आवति हऽ, आर।"
To the right.,दहिने ओर।
Is Sindhi language also being taught in your university ?,का तोहरे विश्वविध्यालय मे भी सिंधी भाषा पढावल जाले ?
Will you buy a new dress?,का तु एकगो नया कपडा खरीदब ?
How many students are wasting their time?,केतना छात्र आपन समय बर्बाद करत हऊवन ।
I want to get out!,हम बहरे निकलल चाहत हईं!
The boys are in that room.,लइके ओ कमरा मे हऊए।
Ram eats hungrily.,राम भुखा के खाऽत।
Do you have any work ?,तोहरा के कवनो काम बा ।
Did I help the poor people ?,का हम गरीब लोग के सहायता करीं?
Human is the superior in this planet.,इंसान सबसे बड़हन हऽ ब्रह्मांड में।
I expect to get a prize.,हो सकऽल हमके इनाम मिले।
How many poor are not healthy?,केतना गरीब स्वस्थ ना हऊवन ।
Does he always go there?,का उ हमेशा वहवा जात हाउए ?
How dare you pass comments on Indu?,तोर हींमत कइसे भइल इन्दू पर छींटाकसी करत हवॅ
"Calm down, Mrs. Vaitkus.",", सरीमती वेटकस सान्त हो जा।"
That's how wars start.,अइसे ही युद्ध शुरू होत हव
We apologize for the late arrival of this train.,हमहन क एह ट्रेने के देर से आवे खातिर माफ़ि मांगत हई जा।
I too have to go.,मुझे भी जाये के हव।
Experience has taught us many lessons.,आपन अनुभव से भी हमनी के जीवन में बहुते कुछ सिखिला सभे।
My sister can read.,हमार बहिन पढ़ सके ले।
Karim is tall but Abdul is taller.,करीम लम्बा है किन्तु अब्दुल और लम्बा हऽ।
Can I go to the temple?,का हम मंदिर जा सकेलीं?
Let me go!,हमें जाये दा!
I hear that your brother is in China.,हम सुनलीं तोहार भाई चीन में हऽ।
You're hurting me!,तकलीफ होति हव।
The Sisters have taken quite a liking to you.,बहिनन तोके काफी पसन्न करत हईं।
I am an officer of Sindhi language.,हम सिंधी भाषा क अधिकारी हईं।
You should thank me.,तुहके हम्मअ सुकिरिआ देवअ के चाही।
Ram saw Mohan.,राम मोहन के देखले हऽ।
On one side was self respect and love for one's land and on the other side was greed and a blind sense of revenge.,एक तरफ आत्म सम्मान रहे अउरी अपनी मात्रभूमि से प्रेम दूसरी तरफ लालच रहे अउरी बदला के अँधा भाव।
The boy is my cousin.,लइका हमार चचेरा भाई हउए ।
Was Nitin a famous lawyer ?,का नितिन जानल मानल वकील रहल हवन?
But their daughters...,लेकिन ओकर बिटिअन।
"Come on in, Jack.","भित्तर आइ जा, जैक ।"
The sky is blue now!,अब आकाश नीला बा!
It was this book that John bought at the fair.,इहे किताब के जॉन मेला से खरीद के ले आईने।
Who has been hiding the truth?,के सत्य के छुपा रहल ह ?
My home is in a village.,हमार घर गांवे में हऽ।
IKids can scare you to death.,लइकन डेरवाइ के तुहार जान निकाल सकत हवँ।
Raju went home and had lunch.,राजू घरे गइल और दोपहर क ।
Last night's count.,काल्हि राती क गिनती?
We're from Vermont.,हम बरमोंट से हईं।
Who don't you think who has Maria spoken to ?,के नाई जानत जवन मारिया से बतियवले रहल हउए ?
O warrior!,हे जोध्धा!
What is the name of Kavita's brother ?,कविता के भाई क नाम का हऽ?
No. It was really great to see my mom. Just really hard saying goodbye.,"नाहीं, ई देखअ के रहल वास्तो में माई महान हव लेकिन अलबिदा कहे खातिन बहुत मोसकिल।"
It is surprising that he did not succeed.,ई सुनके आश्चर्य होत बा कि उ सफल ना भईलन।
Thief!,चोर!
You were prudent.,तु बुद्धिमान रहला।
My father reads Ramayan everyday.,हमार बाउजी रोज रामायन पढ़ें ल।
Ram will answer this question.,राम इ सवाल क जवाब देई।
"Come on, Bruno!",आवा बरुनों!
Ram is driving the car at a high speed.,राम बहुत तेज कार चलावऽत।
The girl ran a needle into her finger.,लइकी अपने अगुरी मे सुई लगावले।
Don't you do this ?,का तु इ ना कइला?
Riding a bicycle is easy.,साइकिल चलाइब आसान हऽ।
Damn!,लानत हव!
Do you have your homework ready?,का तु आपन घर के काम तैयार कइल हउअ ?
We all despise a cowardly boy.,हमहन सब जानी एगो डर्पोक लईका के थुथकार देहली जा ।
Maria Ricci.,रिच्ची मारिया ।
"Some of you could get killed, because of me.",इ ऐसे भी बदतर एक सौ गुना हो जाई
You can put it wherever you like.,तु जहाँ पसंद हो वहीं रख सकला।
What's the next thing you remember after you were brushing your teeth?,आपन दाँत बुरुस कइले के तुरत बाद क तुहके का इयाद हव?
Hey.,अरे।
Are you going now or what ?,का तु अब्बे जात हउअ अथवा का ?
We still haven't gotten a fire report.,हम अबहिन भी एक आग क रिपोट ना मिल गयल हव।
Does he watch the game?,का उ खेल देखत हाउए ?
"See, he was here!",देखाऊ येहीं रहल!
"Nils, go and get some water for your father.",निल्स अपने को पानी दिहा।
[Whispering] Did the fire look at you?,(फुसफुसा) तुहरे में आग लगत रहल?
That kid's long gone and this old man is all that's left.,"उ लइका अब ना हऽ, इ बुढ़ा ही रह गयल हऽ।"
I must leave today.,हमके आज करेऽक होई।
"Why won ` t I go brother , how will I feed my wife if I don ` t work?","अरे जहिह काहे न भाई, मेहनत ना करीह त अपनी मेहरारुआ के खिअईहंअ – पिअईहंअ कहा से ।"
Is this the kind of dress to wear in school ?,का ई स्कूल में पहिन के जाए वाला कपड़ा हवे?
I opened the door so she could come inside.,"हम दरवाजा खोल देहलीं, ताकि उ अंदर आ सके।"
They sat before the counter.,ऊ लोग काउंटर के सामने बईठल रहे।
We'll take responsibility for her.,हम येकरे खातिन जिम्मेदारी मान जाइब
"Colonel, as you unwrap me,","करनल, आप हमके खोलले के रूप में"
Kill her?,मारि डालित?
Will you have white-washed the whole house within a week?,का तु एक हफ्ता के अन्दर पुरा घर सफेदी करबअ ?
There is no one who has not lost a friend.,केहु अईसन नईखे कि जे दोस्त न खोवले होके।
You don't speak Russian.,तु रसियन मे न बोलअ।
King came to the palace in the evening.,राजा सांझ क जगह पर अइलें।
I hate homework!,हमके घरे क काम से नफरत हऽ।
I visited the city that John comes from.,जहां से जॉन आवऽल हम उ शहर घूमली।
You had not been packing your bag.,तु आपन झोला नाई भर गइल रहल ।
You will sleep better if you get a new mattress.,तु बढिया से सुतब अगर एगो नवका गद्दा पइब ।
I would have asked a question.,हमके तोहसे सवाल पूछेक बा।
Have you made lunch?,का तु लन्च बना लेहल ?
Do you speak English?,का तु अंगरेजी बोलेल ?
I like folk music a lot.,हमरे लोक संगीत बहुत पसंद हऽ।
"Do you want coffee, tea, or soda?","का तु कांफी , चाय या सोडा चाहत हउअ ?"
You were bringing flowers.,तु फुलवा लावत रहल हऽ ।
Will you come with us ?,का तू हमहन के साथे अइबा?
I have to reach the office.,हमके दफ्तर पहुंचेक हऽ।
"You also have a weakness, you believe something very easily.",तोहरा में एगो कमी भी वा कि राऊर केहु की वात के बडा जल्दी मान लेईला ।
We rounded the bent at high speed.,हमहन क बहुत जोर से बेल्ट के बन्हली जा।
Flour is used for making bread.,ब्रेड बनावे खातिर आटा के इस्तेमाल होवे ला ।
It's strong.,ई मजबूत बा।
"A young Rajah once said to his Vizier, ""How is it that I am so often ill ?""","एगो युवा राजा अपने वजीर से कहलन कि ""ई कईसे होला कि हम बीमार पद जानी?""।"
What is it called in Sindhi ?,एके सिंधी में का कहल जाला?
My wife used to say I'm a hard man to know.,हमार मेहतरू कहत रहल हमके समझल मोसकिल हव।
Ram went office early today.,राम आज जल्दी ऑफिस चल गइऽल।
There must be a way round the problem.,समस्या के बीच एक राह होई।
... fromstayingin aplacewhere something like that happened.,अइसन जगही रुकले से जहवाँ ले हमरे संहे ना होखअ वाला हव ।
There he befriended many people of nobility and aristocrats.,उहाँ उ कई बड़हन और अभिजात वर्ग के लोग के साथ दोस्ती कईलें।
My grandmother once saw Queen Victoria.,हमार आजी महारानी विक्टोरिया के देखले हऽ।
"You can't do this, Rud!",तू हमरे संग अइसन ना कइ सकत।
You understand the sentence.,तु सेन्टेन्स समझ गइल ।
Uh... huh.,उह...हुह।
They both went down embracing each other under the water.,पानी के भीतर एक दूसरे के शर्मिन्दा करत उ लोग गईन ।
How does the poet describe some of the children in the classroom?,वर्ग के कुछ लईकन के कवि कईसे वर्णन कईले बा?
This iron ball was found in the boar's body.,उ दर्द में रहल।
"""I'll see you in hell before I see you in Reno.""",हम तोहके रीनो से मिलले से पहिले नरक में मिलब।’
A fair little girl sat under a tree.,एगो साफ़ सुंदर लड़की पेड़ के निचे बईठल रहे।
There is no facility for sending telegram in this post-office.,ये डाक खाना में तार भेजे के कवनो सुविधा नईखे।
No.,नाही
I am the person that is to blame.,हमहीं हईं जेके ऊपर बड़ा इल्जाम हऽ।
Shyam does not eat food.,श्याम खाना ना खइलें।
In which room is Mrs. Nandwani ?,मिस्टर नंदवानी कवने कमरा में हवें।
"I am thinking, what I should drink.",हम सोचत हईं कि हमके का पीएऽक चाही।
I opened the door.,हम दरवाजा खोल देहलीं।
"Nobody had bothered to plant new ones, had they?",का केहूँ व्यक्ति व्यक्ति ऐसे परिचित रहे कि नया पौधा लगावे के चाहत रहें ।
How many retailers are in your street?,तोहरे गली में केतना फुटकर विक्रेता हवन।
"Sri Lanka went in first on a very wet wicket, and so they lost the match.",श्रीलंका पहिली बेर गील पिच पर खेलले अउर मैच हारि गइल।
Couldn't you make it a bit more?,का थोरी अउर जिआदा ना लगा सकेला?
Four months.,चर महीने।
Some of the ruffians were escaped convicts.,कुछ रसियन अपराधी भाग गईल रहन ।
"Hey, Otis is it-- - [Otis] It's jumpin' floors.","अरे, ओटिस इ हव [ओटिस] इफर्स जम्प इन हव।"
"You have become the bride ` s aunt now, search a good groom for yourself.",अब त तु दुलहन क बुआ हो गईली अब ते अपने खातिर कवनो अच्छा दुल्हा त चून ले ।
Rama replied that he could not do so.,रामा जवाब देहलस कि उ नाई कई सकऽल।
You do too know.,तू जानत हवा।
Everything takes its due course only.,सब कुछ एहि क चलते भइल हऽ।
Does he know how to feed children?,का उनका के बच्चन के खियावे आवेला?
The boys hid themselves.,लइके खुद के छिपवने ।
How can fearlessness be cultivated in a person?,एगो आदमी की अंदर में निडरता कईसे भरल जा सकेला?
They say it has no memory.,ऊ कहलँ एकर कवनो इयादी ना होत।
I hate borrowing money.,हमके उधार लेवे से नफरत हऽ।
You should have come to the office yesterday.,तोहके कलिहा कार्यालय आ जाइल चाहि ।
"Look. If we're lucky, Pelle, we'll get wild strawberries.",अगर हम भाग्यसाली रहली त हमें जंगली स्टराबेरी मिल जाई।
Few towns in India have public libraries.,भारत क कुछ शहरन में पुस्तकालय बा।
My greatest pleasure is that I sit here in the sun.,हमार परम सौभाग्य बा कि हम इहां घामे में बइठल हईं।
That wretched girl of Hori's,"देखा ना, होरी क ऊहअ मनहूस लइकी।"
Sit down.,बइठ जा।
Donkey?,जधा?
I don't remember having ever seen him.,हम याद नाई बा कि हम ओके कभौ देखले हई।
Please get coke for us.,सुनत बानी हमहन क खातिर केके मीली का ।
"Fine morning, isn't it?","सुहानी सुबह, का नाहीं?"
I understand.,हम समझ गइलीं।
I did not hear it.,हम नाई सुनाइऽल हऽ।
Wait at Monte Sacro.,मोंटे समास में रुकिहा।
She will be staying with us now. - Yep.,मिससिग्ने ने हमरे संग ही रहिहँ।
They live in Kalyan.,ऊ लोग कल्यान में रहेला। ।
Whom can I ask other than you to rescue Mohini from Lotiya?,मोहिनी के लोटिया के इहवा से छुडा के लावे खातिर तोहरी अलवाऔर केसे कहब ।
You are becoming more and more impudent day by day.,तु दिन ब दिन बहुते बेशरम होत रहत हउअ ।
Fine.,ठीक हव।
These are the names of days.,इ सब दिनन के नाम हवें।
Everybody wants to be on their way as early as possible.,सभे जल्दी से जल्दी आपन राहि पकरल चाहत हवँ।
"Whatever we say , whatever we think , our children get the same effect.",जवन हमहन क कहल जाला सोचल जाला ओटीक असर त हमहन की लइकन पर पडेला
Do you want to see movie or not ?,का तु मूवी देख चाहत हवा कि नाही?
My perception about you was absolutely correct.,हमार राय तोरी बारे में बिलकुल सही रहे ।
Let me hear it once more.,हमके इ एक बार और सुने ऽद।
We came here in 1980.,हमनि 1980 में ईहां अयलीं ।
Why not?,काहें नाहीं?
He kept notebooks.,उ नामांकन पुस्तिका के रख लिहलस ।
Mary likes every man.,मैरी हर केहू के पसंद करेली।
Nobody cares about that one.,के हुओ हव की एक के बारे में परवाह ना हव।
"If you told me the truth, it would be easier to help you.",सच बता देत रहत त मदद करे में आसानी होतअ ।
Tim! Tim!,टिम?
Don't pander to him,ओके सिर मत चढ़ावा.
They are burning out the entire forest.,उ लोग पूरा जंगल जलावत हवें ।
They're more akin to autohypnosis a kind of self-induced trance.,ई जुड़ल होलँ अटोहिपनोसिस से...जवन अपने से परेरित समाधी क परकार हव….
Jack.,जेइक
Stephen!,इसटीफन!
I feel a severe pain in my head.,हमार कपार भयानक पिराऽत।
"According the information from our spies,",हमरे खोपिया बिभाग के अनुसार।
We are like moon and lion's union...,हम हन चन्दा अउर सेर के जोड़ी जइसन हईं
How many silk saris does your mother have?,तोहरे माई के पास केतना रेशम क साड़ी हव?
What did you do for the Independence day programme ?,आप स्वतंत्रता दिवस के कार्यक्रम खातिर का करब?
"Why? You are here to entertain me , your behavior is exactly like her.",काहे इहां मन लगावे के लिए तु त हऊवअ तोहार स्वभाव भी त एकदम ओही की जईसन हऽ ।
Who could want more?,ऐसे अधिक के चाहत हव?
I know a shop.,हम दुकान जानीऽल।
I fear that I shall fail.,हमके डर हऽ कि हम गिर न जाइ।
"O Hamlet, speak no more!","ए हैमलेट,ज्यादा मत बोल।"
A boy is in the house.,एगो लइका घर मे हउए।
Bring water for me.,हमरे लिए पानी ले आऽव।
Promise to come again.,वादा करा फिर अइऽब।
It was at Versailles that the treaty was made.,जब वर्साइल में रहली त एक समझौता भइल रहऽल।
"I have no chillies, so I thought I'd take a couple","हमरे लगे मरचा ना हव, त हम सोचलीं थोड़ा सा ले लेत हईं।"
That means don't come in.,"जब हम इहवाँ हईं, एकर माने हव की काम करत हईं। एकर माने हव भित्तर ना आवा’।"
Rama ran fast.,रामा तेज दौड़लस।
Hey boy!,बेटा!
We figured it got in his clothes in a gas state from the fire.,राज में हमके एक आग गैस ओकरे कपड़ा में लगल मिलल।
That's why they are created.,सेना नवजात सेना एक मानव के रूप में ना होवे चाही हजार हव
We visited Paris last September due to a business meeting.,पिछ्ली सितम्बर मे एगो काम की खतिर् हमहन क पेरिस गईली जा।
What is the age of your son ?,तोहरे लइका के उमर का हउअ ?
You will laugh if I tell you the truth.,अगर हमतोहके सही –सही वता देई त तू हस देवू
"It fell short of my hopes,",ई हमारी आशा से छोट बा।
Come here for a minute first.,पहले एक मिन्ट खातिन इहवाँ आवा।
What would happen if I pressed this button?,ई बटन दबायब त का होयी?
It was his custom.,ई उ लोग के रिवाज हवे।
He'll be first.,ऊ जीती।
Mumbai is the largest cotton textile centre in country.,मुंबई देश में सबसे बड़हन कपड़ा क ठिकाना हऽ।
"Uh, are you saying there is a difference where a cow stands?",हमें बतावा ऊ कहवाँ खड़ी होत हव।
We neared the top of the hill.,हमहन क पहाडी की चोटी पर गईल रहली जा ।
What time does the movie start?,कवना समय पर फिल्म शुरु होला ?
Isn't he handsome!,का उ सुन्दर नाई हाउए ।
It has been few days.,कुछे दिन भईल ह ।
Which English king had sex wives?,कवन अंग्रेजी राजा के छौगो पत्नी रहे ।
I have not worked.,हम काम नाई कइलीं।
Tushar wants to eat sweets.,तुषार मिठाई खाये चाहला।
I had left home.,हम घर छोड़ देहले हई।
If you ask do I know...,अगर आप हमसे पूछतअ हवा त
The letter which you wrote never arrived.,जवन पत्र तु लिखल उ कबो न पहुंचल ।
Does it tell the one about the man... whose sons pulled down his pants and showed his-- - Noah?,का इसमें उ आदमी क कहानी हव जिसमें ओकर बेटा उसकी पैट निचे खीच देत हव?
Leave me alone or you'll have trouble!,छोडि़ दा हमके नाहीं त तू मुसेबत में परि जइबा।
"You’re coming to the party, aren’t you?",तु पार्टी मे आवत हउअ कि नाई आवत हउअ ।
What is 'palau' ?,पलाऊ का हऽ?
Where we goin'?,हम-जाई कहवाँ?
A certain man fell among thieves.,एक निश्चित आदमी चोर सब के बीच में गिर गईलन।
Did you work?,का तु काम करत रहल ?
I see him daily.,हम ओके रोज देखीऽल।
You must go whether you hear from him or not.,तु ओसे सुनला या ना तोहके जरुर जाए के चाहि।
Kevin Abdela.,केबिना अब्देला
A directorate for sports will be set up in Kerala by the government.,सरकार केरल में खेल निदेशालय बनावेऽक तैयारी में हऽ।
This is a conspiracy.,ई खुराफात हऽ।
I do not like fish.,हमके मछरी नाई नीक लगऽल।
That's how he put it.,ईहअ ऊ कहअ।
"Since the president is ill, he cannot attend the meeting.",जइसन अध्यक्ष बीमार हउए ओहि से उ मिले नाई आ सकत हउए।
I'm known to locate certain things from time to time.,"हाँ, हम कुछ बातिन के पता लगाव खातिन जानल जात हईं समे समे पर।"
This is tight for me.,इ हमरे लिए कसल हऽ।
Am I behaving differently?,का हम कुछ अलग व्यवहार करत बानी?
"This done, she returned to the old man with a lovely smile on her face.","एके कईला के बाद, ऊ बुढा आदमी के साथे वापस अयिली अउरी उनकी चेहरा पर सुंदर मुस्कान रहे।"
How many people got surprised?,केतना आदमी आश्चर्यचकित भऊवन ।
"Next morning at breakfast his wife said to him, ""George, I think I can tell what is amiss with our clock.""","अगिला सुबाह ओकर पत्नी ओकरा से कहली,"" जार्ज, हमर हिसाब से हम जाना तानि कि हमनि के घडी के साथ का भईल बा ।"
"In two months, you will have the woman from the village opposite.",दुइ महिन्ना में दुसरे गाँव से एगो मेहरारू इहवाँ आई।
"As you like, but you should purchase it quickly.","जइसन चाहा, पर एके तुरंत कीने क चाहीं।"
I have to save this coupon because I don’t have time to shop right now.,हमके इ कूपन सम्हार के रखेऽक पड़ी काहे से खरीदारी करेऽक टाइम नाइ ब।
"You're really ready to fight fire this time, huh, Brian?","आप बरायन हो, ई सबय आग से लड़य खातिन वास्तव में तइयार कर रहल हव।"
We've been waiting for half an hour.,हमनि आधा घंटा से इन्तेजार कर तानि ।
"Soon after, I heard that he had died.","थोड़ी देर बाद, हम सुनली की उ मर गयल।"
We hope.,हम आशा करतानि।
I want to buy a camera.,हमार कैमरा ख़रीदे क मन बा।
Do you deny that you stole the watch ?,का तु नकार देहल कि तु घडी चोरवले रहलह ?
The teacher had not tested our English.,गुरुजी हमन क अंग्रेजी नाई जंचलें।
Yeah. I guess so.,"हँ, हमके लगत हव ।"
The farmer has not been sowing out the seeds.,किसान बीज के बुआई नईखन कईले।
Don't bicker with me.,हमसे झगड़ा न करा।
This is your own company.,इ आपन खुद क कम्पनी हव।
There are many different people in Europe.,यूरोप में बहुतेरे लोग हवें
I am not saying anything.,हम नाई कुछू कहत हईं।
Ram made a mistake.,राम गल्ती कइलस।
"Oh, thank you.",अन्दर आवा अउर गरम से हो।
Mary said that Jane thinks that Jolly knows her.,मैरी कहलस कि जेन सोचत रहल कि जॉली ओके जानऽल।
Give it to me.,एके हमके दे दअ।
It is working.,इ काम करत बा।
"Come on, man.",आदमी चल।
Forever and ever and ever.,हमेसअ खातिन...अउर हमेसअ।
Raju is tormented because of headache.,राजू कपारे के दर्द से बेहाल हऽ।
Even if it rains fire...,कबों जदी आग क बरखा होखअ...
I used to decorate the house.,घर सजावे क हमार आदत हऽ।
Will you be ill if you eat so much?,का तु ढेर खइब त बिमार पड जइब ?
I think you hurt my head real bad.,हमके लागत हव की तू हमरे सिरे पे अच्छा खासा मार दिहले हवा।
And you will lose.,चीटी
They often encourage me to work harder.,ऊ लोग हमके अक्सर कठिन परिश्रम करे खातिर प्रेरित करेला।
I'm coming here to warn you.,"देखा, हम इहवाँ तोहके चेतावनी देवअ आयल रहलीं।"
We have not been sailing on the lake.,हमहन क झीली मे ना पंवर पवले रहली जा ।
Alka needs time to study Sindhi.,अलका के सिन्धी पढे खातिर समय चाहीं ।
"Starting tomorrow, you're going to be... with the toughest company in the city.","कल सुरू, तू हो जा रहल हवा...सहर में सबसे कठिन कंपनी के संहे।"
This is a big country.,ई एगो बड़ा देस हव।
Is she sick ?,का उ बीमार हई ?
"Yes, sir.","हँ, साहेब।"
You sow in a certain way.,तू एगो बहुते निश्चिन्त हाल में दीखलअ।
Once she came to meet him.,एक बार ऊ उनसे मिले के खातिर अयिली।
"Okay, Mom.","ठीक हव, माई।"
Then change it!,त फिनू एके बदलि दा ।
These mangoes are so cheap that they cannot be good.,इ आम सब एतना सस्ता बा कि इ सब बढ़िया आ होइहें।
Ila liked Mohan.,इला मोहन के पसंद कईली।
"Kunal is very intelligent, but his brother is rather slow.",कुनाल बहुत बुद्धिमान ह लेकिन ओकर भाई थोड़ा कम ह ।
We got it!,हमे ये मिल गयल।
There we get all kinds of clothes.,हमहन के सभी प्रकार के कपडे मिलते है।
But still the place you live in is that much more drab and empty that they're gone.,"आउर जब उ उड़ जाले, मन खुशी मनावेला लेकिन फिर भी उनके गयले से जगह सुन्न और खाली लगत हऽ।"
I have to buy thing from market.,हम बाज़ार से चीज़ कीनेऽक ब।
I am good.,हम नीक हईं।
This is KDK 1 calling KDK 12.,केडीके1 बोलावती हव केडीके 12 के
I do not see how we can let you continue in this class... when it is clear that you do not understand the basic tenets.,हम तुहँ कइसे इस वर्ग में रहे दे सकत हई... अगर तू बिलकुल परारंभिक बात नाही समझ पावत हवा।
Indu is mine.,इन्दू हमार हव।
I don't like tea.,हमके चाय नाई पसंद हऽ।
Two mozzarellas and a full bottle.,दो मोत्जारेला अउर पूरा बोतल
You've gotta stop just showing up on the roof like this.,तू होबा रुकल सिरफ ये तरे छते पे देखात हवा।
Ask at the nearest health center .,नज़दीकी स्वास्थ्य केंद्र में पूछा।
"What might be done, if men were wise !",आदमी समझदार रहतन त क हो सकत रहे ?
Have they done their homework?,का ऊ लोग आपन गृह कार्य पूरा कर लेहल?
We need to aware people so that they can understand the importance of nature.,हमन के जरूरत हऽ लोगन के जागरूक कइले क ताकि उ प्रकृति क महत्व समझें ।
I prefer tea than coffee.,हम काफी की जगह चाय लेब।
"Otherwise, they will resume.",अन्यथा ये फिनू इहँ करिहैं।
Ram was eating an apple.,राम सेब खाऽत रहऽल।
King me. -Chess.,राजा हम।
I sent a letter to my best friend.,हम अपने प्रिय दोस्त के चिट्ठी भेजलीं।
Dig in.,अन्दर खुदाई।
I cannot bring myself to do it.,इ हम नाई कइ पाइऽब।
Is she your girlfriend ?,का उ तोहार गर्लफ्रेंड हई ?
I want to take her not by stealing eyes but I want to take her in front of everybody.,"हम ओके आँख चुराके ना, आँख मिलाके ले जाईल चाहत हई ।"
"Come on, Stephen!",इसटीफन चला!
Is it good?,ई ठीक होई।
I'll give each and every one of you a good thrashing!,चुप रहा दुष्टों
My sister can speak Marathi.,हमार बहिन मराठी बोल सके ले।
Who gave Ali the strength to brave the bitter cold?,अली के एतना ठंड झेले लायक शक्ति के देलस?
Where's my brother?,कहवाँ हमार भाई हव?
I hadn't planned on it.,ना हम तय ना कइले हईं।
I think he did it just to feel normal again if only for a short while.,खाली थोड़ी देर खातिन सही।
"And if you see something, whistle.","अउर कुछ देखायल, सीटी बजाई दीहा।"
Because if you leave any lumps... the inspector will see them and he'll fine you.,काहें की अगर तू गाँठ छोड़त हवा.....त निरिछक ओके देखि लिहँ अउर तुहरे पर डंड कइ दीहँ
Someone's hurt?,हव कवनो चोट
We got a fire to go to.,हम पर जाये के खातिन एक आम मिल
I have a query concerning your previous reply.,हमरे लगे तोहार पहिलका जवाब से जुड़ल कुछ सवाल हऽ।
I live in Dombivli.,हम डोंबीवली में रहीऽल।
You lost it. That's life.,आप एके हेरबा देहलीं।
But Capece's going.,लेकिन केमपेसे जाइ रहल हव ।
How many players will not play game?,केतना खिलाड़ी खेल ना खेलिहे ।
Can you please answer to my questions?,का तु हमरे प्रश्न के उत्तर दे सकलअ ?
The littlest McCaffrey!,लिटिलेस्ट एमसी केफरे।
Thought I might try for my high school equivalency.,हम सायद सोचत रहलीं आपन पढ़ाई करअ खातिन
Make sure it's not one less.,तय कइ लीहा कि ऊ एको कम न होखँ।
Let's get the living home.,उ सास लेत हवें।
"Yeah, I think you're going to find out, Brian.",हाँ हम तुहें बरायन पता लगावे खातिन जा रहल हव।
My husband is not keeping well.,हमार पति नाई संभार पावत हवें।
He used to have a car.,ओकरे लगे एगो कार रहल।
I can’t find the key!,हमके चाभी नाई मिलऽल।
How many washers can not wash this dress?,केतना कपड़ा धोवेवाला ए ड्रेस के ना धो सकेलन ।
Lift your chin a little. There. Yeah.,नाही आपन ठोड़ी उठावा।
Fetch the boy a book.,लइका एगो किताब लाईल।
"Excuse me, I wanted to ask you one thing.","माफ करिए, हम तोहसे एक चीज़ पूछे चाहत हईं।"
"Way to go, Bull.","रस्ता जइहा, बुल।"
"It's Grady, Mr. Torrance.","गरेडी: हम गरेडी हईं, सरी टॉरन्स।"
May success attend you !,बहुत सारा सफलता तु प्राप्त कईल ।
I like music programs.,हमके संगीत क कार्यक्रम पसंद हऽ।
Look how scared he is.,"देखा, ऊ केतना डरल हव।"
The lecturer said that Akbar won the respect of all races and classes by his justice.,लेक्चरर कहल कि अकबर अपने न्याय से सब जाति और वर्ग क सम्मान जीतऽल।
We have not been climbing a mountain.,हमहन एगो पहाडे प ना चढत हई जा।
Who do you think that Bill saw ?,तोहके का लागला कि बील का देखले होई?
How long this train would stop here ?,इहां ट्रेन केतना दूर रुकी?
We changed the meeting from 2 to 4 pm.,हमहन क पंचायत के २ से ४ बजे तक बदल देले हई ।
Good day.,सुभ दिन.
"How was her mother, who was she, she could answer these questions herself.",ओकर भाई कईसन रहे कवन रहे ए सवाल क जवाव उ खुदे दे सके ।
We asked him to go.,हमहन क ओसे जाये खातिर कहली जा ।
The newborn?,तुरतअ जनमल?
I emptied the dishwasher so my sister could set the table.,हम डिशवॉशर खाली कई देहलीं तब हमार बहिन मेज सजा सकऽल।
Touch me and you will cry in pain...,हमके छुअला अउर तू दरद से चिल्लाये लगबा...
You! Stop!,बन्द कर!
They do not work.,ऊ लोग काम ना करेला।
You were in class.,तु कक्षा में रहला।
"Why, no, sir.","काहें ना, सिरीमान।"
"You bastard, Kongstrup!",अइसन मत करा!
They had not been working.,ओ लोग काम नाही करत रहे।
We go for picnic at Diwali.,हमहन क दिपावली में पिकनीक पर जायेके ।
Anu had the intention of telling mother everything.,अनु माई के सब कुछ बतावे के चाहत रही ।
No big deal,कवनो बड़ बात ना ह ।
Amit has shaved off his beard,अमित अपन दाढी के मुडवा लेलन ।
We had gone for a picnic yesterday.,हमसब कल एगो पिकनिक खातिर गईल रहनीजा ।
Does he want to be a doctor?,का ऊ चिकित्सक बने चाहत बाने?
Does her dog bark at night ?,का उनकर कुत्ता रात में भुंके ला?
Because I am engaged to be married.,काहे की हम बियाहल हइ।
I am stumped.,हम जोर से चललीं।
Thankyou for pleasant evening.,बेहतरीन सांझी खातिर धन्यवाद।
I have written the book.,हम किताब लिखली हऽ।
Be diligent and you will succeed.,मेहनत करा सफल हो ब।
His pulse is very weak.,येकर न बुज कमजोर हव।
Will you come with me ?,का तू हमरी साथे अईबअ?
Am I working?,का हम काम करत बानी?
I bought it for seventy rupees.,ऐके हम 70 रुपया में कीनली हऽ।
"The travellers, all of whom had seen the chameleon, could not agree about his colour.","राही, जे ही गिरगिट देखलस उ ओके रंग से सहमत नाई हऽ।"
We met an old Sadhu walking to Varanasi.,हमहन क बन्ारस जाये खातिर एगो पुरान शाधु से बात कईली ज ।
You come tomorrow at 11 a.m.,तु काल्ह 11 बजे आवा।
Music lessons boost the I.Q. scores of children.,संगीत सिखले से लइकन क आई क्यू बढ़ऽल।
Is it Ram's place ?,का ई राम के जगह हवे?
What do you think of that?,तु उनके बारे मे का सोचत रहल ?
I'm hungry.,हम भुखाइल हईं।
I couldn’t go out because my dad came home.,हम बाहर नाई पइलीं काहे से बाऊजी घरे आ गइल रहलें।
Write it all down.,सब लिखत जा.
Kindly bring toilet paper.,टॉयलेट पेपर ले आ व।
Show me what Smiley taught you.,इसमाईली आपके का सिखवलअ हमके देखावा।
Rama said that he was very busy then.,राम कहऽल हऽ कि तब उ बड़ा व्यस्त रहऽल।
The aircel number you are calling is busy.,"आप जिस एयरसेल नम्मर पे फोन करत हवॅ, बेअस्त हव।"
"This was a big step, huh?",इ हूह एक बड़ा कदम रहल?
I practice football.,हम फुटबाल के अभ्यास करत हईं।
Maybe you'd better go somewhere else,त कतों अउर जाइके करूं।
They will feel good.,उ सब अच्छा महसूस करत हवें ।
"Kaka Jee has given me your marriage ` s responsibility , tell me , what do you prefer Love marriage or arranged marriage.","काका जी तोहार बागडोर अब हमरी हाथे में दे दिहलअ, अव इ वतावअ जनाव कि लभ वियाह करव की अरेन्ज बियाह"
"And we make these stubborn , weak men believe that the relationships of heart are made from beat not from these principles.",और हम इ जिददी कमजोर मर्दन के एहसास दिलावत हई कि दिल क रिशता धड़कन से बनेला उसूल से ना ।
You set me up with those chemicals?,तू हमके ओ रसयनन के संहे लगल।
Let's be reasonable.,हमें थोड़ा तर्क संगत होवे के होई
He told me it's the strongest thing there is.,"इ सान्त हव फिनू भी कुछ भी निकल सकत हव,"
"No, sir. Not especially.","नाहीं, साहेब, कुछ खास नाहीं।"
What is age got to do with it?,एकरी साथ में का उम्र बा?
How are you feeling right now ?,अब तोहके ये समय कईसन लागत बा?
I always done the laundry around here.,हम हमेसा इहवाँ के आसपास कपड़ा धोअल कइलीं।
"Okay, let's get out of here.",चला इहवाँ से चलि जा।
Let me teach you someday.,सायद तू हमके कवनो दिन तोहके सिखाव देवा?
"What d'you got, Adcox, a big deal?",का डी आप एड काक्स एक बड़ी वात ना मिल गयला।
What do you want me to do with this? - Shhh.,तू हमके एकरे संहे का करावल चाहत हवा?
Mumbai is a very costly place to live in.,मुंबई में रहब बड़ा महंग हऽ।
"All right, Bull.","चला सब ठीक हव, बुल।"
It was very hungry.,ई बहुते भूखा बाने।
One hardly knows what to do.,कवनो एगो जानत ह मुस्किल से कि का करे के ह ।
Come on men!,मरदन पे आवा।
It's Wednesday.,आज बुधवार हवे।
"Major in philosophy, because there's no way to make a career out of that.",परेडोमिसलजेमो लगातार काहें की कुछ भी स्थायी हव
"If I were you, I wouldn't marry him.",हम तू रहतीं त ओकरा से ब्याह न करतीं ।
I want to go home!,हम घरे जायल चाहत हईं।
Ram has a holiday today.,राम क छुट्टी हऽ आज।
Who am I that I should object?,हम के हईं आपत्ति करे वाला।
You should have immediately gone there.,तोहके तुरंत इहाँ से जाए के चाहि।
Which language does get elevated in the poetry of Sachal Sarmast ?,सचल सरमस्त कविता क कवन भाषा मिलऽल।
I have to be on diet.,हमके भुखल रहेक हऽ।
Where are you going to?,तु खान जात हवा?
His office is the first door on the left.,ओनकर करयालय बाईं तरफ क पहिला दरवजा हव।
Sharp pain can bring sharp pleasure.,तेज दरद तेज खुसी ले आइ सकत हव।
We teach Sindhi.,हमहन क सिन्धि पढावे के ।
I was riding back to Galveston... after evacuating a column of women and children.,लड़ाई में खुद वरेइओ गालविस्टन के बाद हमने ओके देखले रहली अउर ओकर मदद की पेशकश की
I am going home next Sunday.,हम अगले एतवार के जाइऽब।
You really look like someone who is having his birthday.,लगत रहल तुहार जनमदिन हव।
"Kongstrup, come out and help an old sweetheart!",काँगस्टरप बाहर आवा अउर पुराना परेमिका की मदद करा।
I turned back and kept looking him again and again but he kept on going.,हम ओके घुम – घुम के देखल रहली मगर वो चलत ही रहल ।
I'm sorry to hear that.,"ओह, धत्त, बायरन।"
So what? So's the whole damn world.,इ दुनिया में एक सराप हऽ।
Merry Christmas!,हमार किरिसमस!
Who is it?,के हवँ?
Did you open the box ?,का तु बक्सा खोल देहल ?
You must plant your seeds in another field.,तुहँ आपन बीज एक दूसरे खेत लगावे के चाही.
She saw what he did.,ऊ ओमें का देखले रहलँ।
After the partition we wandered too much.,बंटवारा क बाद हमन चौंक गइलीं।
Is she phoning a friend?,का फोन एगो दोस्त हाउए ?
Don't make it mine.,हम नाहीं। बइठक खतम।
First of all we have to create awareness among the people so that they understand the importance of the safeguard of these forests and are thus able to help us.,"सबसे पहले हमन के लोगन के जागरूक करेक पड़ी तब उ लोगन के जंगल के बचइले क महत्व समझ आई, तब हमन क मदद कई पइहें।"
I do have something to say.,हमके कुछ कहेऽक हऽ।
There are many objections to the plan.,योजना में कई गो रुकावट बा।
I'm sure you will find there's a whole lot more of me to like.,हम तोहके पसन्न करे खातिर हमरे क उहवाँ से पूरे बहुत अधिक मिलि जाई यकीन हव।
Who does the man like ?,के आदमी के पसंद करा ल।
Help!,मदत करा!
Raka broke the glass.,राका गिलास तोड़ देहलस।
You're thieves!,तू चोर हउवा !
What did you do to set him off?,ते पंगा का लहले रहले वइसन भी?
How nicely you're feeling shy!,केतना बढि़या सरमात हव!
"Do you want tea, coffee, or espresso?","का तु चाय , काफी या एस्प्रेसो चाहत हउअ ?"
I got a schedule to keep.,हमके समे से चलेके हव!
How many words have you learned ?,तु केतना शबद याद कइ चुकल हउअ ?
All congratulated him on his birthday.,सब ओके ओकरे जन्मदिन पर बधाई देहऽल।
Ravi works hard.,रवि मेहनत कइऽल।
A letter needs to be sent.,पत्र के भेजे के चाहत रहे ।
We cannot go to Delhi.,हमहान क दिल्ली ना जा सकत हई जा ।
An author who was famous during the freedom struggle lived in that cottage which overlooks the lake.,एगो लेखक जवन स्वतंत्रता संघर्ष के दौरान मशहूर रहल उ झोपड़ी में रहत रहऽल झीप पर ध्यान नाई देऽल।
Today is Tuesday.,आज मंगलवार ह् ।
Watch the door.,केहू दरवाजा देखा।
Do you know how I knew your name was Doc?,का तू जानत हवा हम कइसे जान गइलीं तुहार नाँव डाँक हव?
What are the advantages of hobbies?,शौकीनी के का फायदा होला।
Bonaparte was born a Corscian.,बोनापार्ट कोर्सीकन में पैदा भइल रहल।
Allaudin was overwhelmed to see such courage of a child.,अल्लऊद्दीन एगो बच्चा के अईसन साहस देख अभिभूत हो गयिलस ।
They don't qualify.,ऊ जोग ना हवँ।
Was he stopped ?,का उ रुक गईने ?
"Will you wait for me, or do you want to go ahead?",का तु हमरे खरतिन इन्तजार करब अथवा आगे जाइल चाहतड ?
Wait a second.,एक मिनट रुका।
What information does the author give about Gondwana?,गोंडवाना क बारे में लेखक का जानकारी देहले हऽ।
The burden of running the country cannot be carried by the army.,सेना देश क भार नाई उठा पाई।
"You know, I never found clowns that funny myself.",आपके पता हव कि हम अपने आपके जोकर कबों मजाक ना मिलल।
"All children, close the books.",कुल लइके किताब बंद कइ देहलें।
"Omkar! Believe me and call the doctor tomorrow, understood?","ओमकार तु हमार मान त विहान वैध जी के बुला ले, बुझले?"
"I, uh-","हम, उहऽ"
Don't you have the lotus root ?,का तोहरे लगे कमल के जड ना हउए ?
Not a word more.,एक बात अउर ना।
I know him for an American.,हम उ अमेरिकन के जानीऽल।
We have come.,हमनि आ गयलीं।
Few men reach the age of one hundred years.,कुछ आदमी सौ वर्ष के उम्र के पास तक पहुँच गईल हऊवन ।
How many computers do you want to sell?,तु केतना कम्प्युटर बेचल चाहत हउअ ?
Who are you ?,तु के हवअ ?
Luckily he escaped unhurt.,भागशाली है चोट लगे से बच गइल ।
We are kind to you because you are kind to us.,हमहन क तोहरी खातिर करत हई जा काहेकि तु हमहन खातिर करत हव ।
I also hate the art films.,हमहू कला फिलिम से नफरत हऽ।
Doesn't he go home ?,का ऊ घर ना जईन्हें?
I have been invited to the party.,हमके पार्टी में बोलावल हऽ।
Did you see that ?,का तु ओहके देखले बाढअ ?
To enter there is certain death.,प्रिय भगवान क जंगल?
I met my uncle.,हम अपने चाचा से मिललीं।
Has Benjamin broken the rules?,का बेंजामिन नियम तोड़ देहलन?
Where is waiting room ?,प्रतीक्षालय कहवा बा?
Write your exams.,आपन परिच्छा दा
I can do this on my own.,इ हम अपने तरीके से करब।
We have so much to do.,हमहन क ई करे खातिर जादा हवे ।
Get the cart ready.,रेक्सा ले आव।
How many jobs you do?,तु केतना काम करत हउअ ?
I shall bring my camera with me.,हम अपने साथे आपन कैमरा लाइब।
"Hey!Step-mothers are not always bad, and after all we all are there to look after the baby, how will the baby be in trouble?","अरे ! सौतेली माई का हमेशा खराब होली, और फिर हमहन जवन हई जा मुन्ना के देखे के खातिर ओके दुज कइसे मिली"
Why has the campaign been so crazy?,प्रचार में एतना पागलपन काहे।
You were carrying a box.,तु एगो बक्सा ढोअत रहल ।
You're happy to let things slide,तू त चीजन के बिगड़ले में खुस होत हवा।
I don't know what happened. You love him.,हम ओके का करय के हव पता ना का भयल प्यार तू
How many scooters does your father have?,तोहरे बाऊ के लगे कय ठे स्कूटर हव?
And would you do me the extraordinary honor of marrying me?,विल्ट तू हमें बहुत बड़ा सम्मान अउर हमसे सादी करबू?
And they are proud of it.,आ उ सब एपर गौरव करेला ।
Ram shouted loudly.,राम जोर से चिल्लाइल।
I am going to resign the job.,हम नौकरी से इस्तीफा देवे जात हईं।
Raju will play hockey.,राजू हॉकी खेली।
Can you meet me in the college?,का तु हमसे कालेज मे मील सकलअ ?
My parents were poor though they were of noble birth.,हमार माई दादा बड़ा कुल क रहले भले गरीब रहल।
The weather forecast said it's going to snow tonight.,"अरे, मउसम पहिले के कयास के अनुसार बरफ पड़े जाति हव आजु राति।"
"With all his learning, he was far from being a pedant.",सबकुछ सीखले क बादो उ लटकले से दूर रहऽल।
You can have no excuse for talking bluntly.,बिना बनावट के बात कर क कउनो ।
There was free boarding and lodging facility for them.,उहां उ लोगन खातिर मुफ्त रहले और खइले क इंतजाम रहऽल।
Who else came with you ?,तोहरे साथे अउर के आवत हउए ?
This is the place were we camp.,ई उ जगह हवे जहां हमनी के केंप लागी।
The process is called code mixing.,ई प्रक्रिया के कोड मिक्सिंग कहल जाला।
Too bad!,बहुत खराब बात हव!
The night is long that never finds the day.,रात बहुत लंबी हऽ दिन नाई हो पाई।
How many patients have recovered?,केतना रोगी ठीक हो गईल हऊवन ।
You stink of the mouth!,तुहरे मुँहे से बदबू आवत हव।
I am Gujarati,हम गुजराती हईं।
I have to go to airport.,हमके एयरपोर्ट जाएऽक हऽ।
If this postcard reaches my home then my father will think that I am alive no more.,इ चिट्ठी अगर हमरो घरे पहुचत तअ पाप बुझतअ मो भगवान के यहाँ चल गईली ।
I think that Sam won the race.,हमरे ख्याल से सैम दौड़ जीत जाई।
IKeep America clean.,"बेनडी: ओह, नाहीं! डेनी :"
That footballer is talented.,उ फूटबालर तेज हवे ।
Are you visiting the castle?,का तु किला देखत रहल हऽ ?
How did these things come about?,ई चीज कईसे आईल रहे?
Today it will be difficult for me.,आज इ हमरे लिए मुश्किल होई।
"Less soot here, more heat.","इहवाँ कम करिखा, अधिक गरमी।"
Rumor has it you're a real cold fish.,अफवाह हव की तू एक असली ठंढी मछरी हऊ।
What is your main festival ?,तोहार मुख त्योहार का हउए ?
Don't move.,कदम ना हव।
Hope.,आसा।
Where do you come from ?,तु कहवा से आवत हउअ ?
I usually am free on Sundays.,हम अक्सर इतवार के फ्री रहीऽल।
You're very kind ...,तू बहुत दयालु हवँ।
"Uncle, will you bargain with him?",त तु उनसे मोल – भाव करबअ काका ।
Did he throw the ball?,का ऊ गेंद के फेक देहलन?
"Remember, Red hope is a good thing maybe the best of things.","याद रखा, रेड, आशा अच्छी होले। शायद सबसे अच्छी।"
I enjoy this weather.,हम इ मौसम क मजा लेहली।
At what time will this train reach to Bombay ?,ई ट्रेन कवनी समय मुंबई पहुंची?
They came here then we went to see the pond.,उ सब इहाँ अईन तब हमहन तालाब देखे गईनी ।
"I mean, all the way... - to America! - America!","मतलब, दूर अमेरिका।"
This boy is stronger than Hari.,ई लड़का हरी से भी मजबूत हवे। ।
I rejoice at his good fortune.,हम अपने भाग से खुश हईं।
"And next time, be sure!","अउर अगली बेर, सुनिसचित रहिहा!"
The United States has a big navy.,अमेरिका के लगे बड़हन नौसेना हऽ
Really cognac?,असली कान्यैक रहनँ?
But don't forget that every letter will be written with my blood.,लेकिन मत भुलइहा कि हर अच्छर हमरे खून से लिखल जाई।
Why did you let him go for the soup?,तू ओके जूस के खातिन जाये काहें दिहला?
We played a round of golf.,हमहन क के चारो ओर खेलले रहली जा।
"No thanks, Not hungry.","नाहीं, धन्नबाद हमके भूख ना हव।"
"Goddamn it, Stephen.",इसटीफन ई धत् तोरे क।
He was all alone when I saw him.,जब हम ओके देखलीं तब उ बिल्कुल अकेला रहऽल।
One evening a beggar came to my door.,एक शाम एगो भिखारी हमरी दरवाजा पर अईलन।
I like my coffee strong.,हमके कड़क काफी पसंद हऽ।
Come here.,इहवाँ आवा।
I must impress it strongly upon you.,हम एकर प्रभाव तोहरे ऊपर देखऽब।
I told her that Bill is coming.,हम ओके बता देहली कि बिल आवऽत ऽब।
"We'll take the dog with us, eh?",हमहन क अपनी शाथे कुक्कुर ले लेवेके । ।
"No problem, Mr. Ullman.","कवनो समिसा ना हव, सूरी उलमन।"
"You're scared of room 237, ain't you?","तू कमरा 237 से डेरात हवा, न?"
Who do you want ?,तोहके के चाहत हउअ ?
You gonna miss it Come on.,आप ई इयाद करअ वाला हवॅ।
Something terrible is coming. And we must all be ready.,आ रहल हव अउर हम सब तइयार कइले हव
How long does it take to get there?,ओके पयिला में केतना समय लग सकेला?
I was having tea.,हम चाय पीयत रहलीं।
"If I had to immitate you, I could.",तोहर नकला करे के रहती हमरा के त हम करतीं ।
They stole what?,ऊ का चोरवली.
Have you brought me a letter ?,का तु हमरे खरतिन एक चिट्ठी ला भइलअ ?
I met him yesterday.,हम ओसे कलिहां मिलल रहलीं।
"You were inquiring about Prof. Chaudhary, they are his daughters Puja and Nisha, and dear Puja he is Mr. Kailashnath, your father ` s friend.",आप प्रो० चौधरी के लिए पुछत रहली हऽ इ हई उनकर वेटी पुजा और निशा और पुजा वेटी इ हवअ के लाश नाथ जी तेहरी पापा के दोस्त्
The noise (speakers ) is barely audible.,हल्ला बहुते मुश्किल से ही सुनाई देत बा।
I shall keep back nothing from you.,हम तोहसे कुछ छिपा नाई सकीऽल।
How did Mr. Lamb’s meeting with Derry become a turning point in Derry’s life?,डेरी क ज़िंदगी में कइसे मिस्टर लैंब से मुलाकात रोचक मोड़ ले आइल।
Which do you prefer?,तोहके कवन पसन्द हउअ ?
May I read my book ?,हम आपन किताब पढ़ सकी ल।
I wouldn't think of it.,हम एके ना सोचब ।
Lincoln emancipated four million African slaves.,लिंकन ने 4 लाख अफ्रीकी गुलाम के ले आइऽल।
Which drama company are you from?,कवने नाटक कमपिनी से तू आयल हवा?
She was thirty-seven eight years younger than you.,"ऊ 33 क हव, आठ सालि तुहसे छोटि।"
Kindly bring soap.,साबुन ले आवा।
Will you play with us today?,का तु आजू हमरे साथे खेलब ?
Did they invent new gadgets?,का ऊ लोग नया गैजेट के आविष्कार कईले?
We wrote.,हमहन क लिखली जा ।
"You live in the city, don't you ?",तु शहर मे रहल कि तु नाई ।
Listen to me once.,खाली एक बेर हमार बात सुनिला।
Even now you can spend if you have.,अबहिनों अगर तोहरी पास कुछ होक त तू खर्च कर सके ल।
I fed you mangoes.,हम तोहके आम खिलइलीं।
I'm old enough to go to the mountain.,हमार अब पहाड़े पे गइले क समे आइ गयल हव।
Understood it clearly.,बेलकुल साफ तौर से समझलीं।
"He is here since noon , I have become very close to your brother-in-law.",अरे दोपहरे क आईल हई हमार त बहुत अच्छी धनिष्ठता हो गईल वा आपके साले बाबु से ।
We picked ten baskets.,हमहन क दश गो दौउरी उठवली जा ।
Had they worked hard?,का ऊ लोग कठिन काम कईले रहे?
Now exact time is 11.00,अब ठीक 11।00 बजत बा।
"Hadley's got him by the throat, right?","हैडली ओके बहुत तंग कइलै, सही?"
May I pay by cheque ?,का हम चेक से भुगतान कर सकेलीं?
I wanted to know that her life was full by satisfying,पता चलल हव कि ओकर जीवन सन्तोख वाला हव अउर हम चाहत हईं।
"Hey, Brian?",अरे बरायन?
Someone else will have to fill in the holes with cow dung... so the foreman doesn't find you out.,अउर केहू अउर के गोबर सेद्दे दयरे के होई।
Jasper...,जरूर तुहार मदद ना कइ सकत संभवत:
Ravi walked leisurely.,रवि इत्मीनान से चलि गइऽल
We village elders still exist.,हम गाँव क बुजुरूग अबहिनो मजूद हईं।
After the ceremony he went and fell on his bed.,समारोह के बाद उ बिस्तरे पर गिर गइल।
Will he be here on Monday?,का उ सोमार के यहवा होईहे ?
We are the future. Anything is possible If you just believe. - Nice.,"कुछहू सम्भव हव, अगर तू ठीक अगला"
"The door was open, the lights were on.",ओके ऊ कमरा में जरूर जाये के चाही।
"I'm going to look after him until he's big enough to fly. Oh, no!",हम एकर देखभाल करब जबले ई उड़अ लायके ना होइ जाई।
Her beauty is making me sing...,ओकर सुन्नरता हमार गीत बनलि हव...
By whom was grammar taught to you ?,केकरा से तु गरामर पढल ?
"I thought, maybe you were afraid that I'll be too different.",हमने सोचलीं की हम अलग ना हईं डर हव की बहुत हवा
And he found himself with face to face with Moomal.,आ मूमल के आमने सामने उ अपने के पवलस ।
Got air in your tyres?,टावर में हवा हव?
I am bent on attending the meeting.,हम बैठक में जाए खातिर ब्याकुल हई।
"You have given your word, Sher Khan.","का तोहके आपन बचन इयाद ना हव, सेरखान।"
Do you have to do that?,आपको अइसन कइले क का जरूरत हव?
This is the key of your room.,ई हमनी के कमरा के चाभी हवे।
Now please come with us.,"कृप्या, अब हमनी के साथ चलल जाव।"
We can't afford so much tobacco,हम एतना तमाखू ना पी सकित।
I make sausage rolls for the party since morning.,हम सुबह से पार्टी खातिर ससेज रोल बनावत हई।
How dare you fall in love with Simran?,तु सिमरन के साथे प्यार कईले क जुर्रत कइसे कइलअ ?
"Rajasthan, Gujarat, Uttar Pradesh, Maharashtra, Chattisgarh and Delhi states of India has established Sindhi Sahitya Academy.","राजस्थान, गुजरात, उत्तर प्रदेश, महाराष्ट्र, छत्तीसगढ़ और दिल्ली भारत क इ जेतना राज्य हवें सिंधी साहित्य अकादमी बनइलें हवें।"
I was confused drunk.,हम उलझन में रहलीं...नशा में।
"Bull, we're early on this one again... and it ain't even broke out yet.","बुल, हम फिनू से ई एक पे जलदी करत हईं...अउर ईहो अबहिन ले बहरे तोरले ना हव"
What's going on? - You're not going to Seattle?,उ इहवाँ मत आना
We'll hope for happiness and blessings on the three of us.,हम तीनों खुँसी अउर आसिरवाद खातिन आसा कै सकत हई।
Her name Tamayan,ओकर नाँव हव तमयन।
I may help you.,हम तोहार मदद कई सकीऽल।
Who wants to drink water?,के पाने पियल चाहत?
And at midnight the ogress came once more,अउर आधी रात में दानवी एक बार फिनु आइल
You should talk less and work more.,तोहके काम जादा आउर बात कम कर के चाहि।
You are five years older to me.,तु हमसे पाच साल बढहन हउअ ।
"I couldn't be angry with him, if I tired.",अगर हम थकल हई त ओसे रिसिया नाई सकीऽल।
"No problem, go ahead.","कवनो बात ना, पूरी सुनावा।"
Will he not write a letter?,का ऊ एगो चिट्ठी न लिखिहें?
They waited (for) about an hour.,ऊ लोग एक घंटा से इंतज़ार करत रहे। ।
Because you have done this I shall punish you.,काहे की तू इ कइल हम तोहके सजा देमे।
Was he on holiday ?,का उ छुट्टी पर रहने ?
This man talks most.,ई आदमी अधिक बात करेला।
I do not know who is there.,हमके नाई पता कि उहां के हऽ।
Are you going to sing a song?,का तु गीत गावे जात रहल बाडअ ?
You don't trust me. With my life. I'm just saying that...,का आप हम पर बिश्वास रहत हव ओकरे संहे
I am going to play.,हम खेले जात हईं।
The war was so intense.,भयानक युद्ध रहल।
"Your wife appears to be stronger than we imagined, Mr. Torrance.","जेतना हम सोचले रहलीं तुहार मेहारारू बोसे मजबूत परतीत होत हव, सरी टॉरन्स।"
Of Krishna and Rama the latter works the harder.,कृष्णा व राम के बाद वाला कठिन काम कईल रहे ।
I shall be returning home soon,जलदिअ घरे लवटब।
Do you know what they said just now?,तू जानत हवा कि ऊ का करत हवॅ?
"See, Pelle?","इ देखा, पेले।"
You seem angry.,तु गुस्साइल लगत हउअ ।
I have been trying to talk to you since morning.,हम सुबह तोहसे बात करेऽक कोशिश करत हईं।
How many people will not change their phone?,केतना आदमी आपन फोन ना बदलीहे ।
I saw a big tent on that ground.,हम मैदान में बड़ा तंबू देखलीं।
Does he go to school?,का उ स्कूल जात हाउए ?
"Danny's not here, Mrs. Torrance.","डेनी इहवाँ ना हव, सिरीमती टॉरन्स।"
You must either stay home or go with us.,या त तु घरे रुका या हमहन के साथ चला।
He's all right.,ऊ सब ठीक हव।
"Even though the boy ate the pizza, you could tell that he wanted to be outside playing.","यद्यपि उ लड़का पिज्जा खायिने हऽ, लेकिन आप ई कह सकें ली कि उ बहार खेले जा सकेंलन।"
The rivers of America are larger than those of Europe.,अमरीका के नदी यूरोप के नदी से ज्यादा बडा ह् ।
"Like I said in prison, a man will do anything to keep his mind occupied.","जइसन हम कहनी, जेल में, आदमी आपन मन लगावे खातिन कुछ भी करी।"
Meet me tomorrow.,हमसे बिहान मिला।
I could never get like that.,हम अइसन कभो भी ना हो सकत हईं।
Bring the toolbox.,औंजार क बक्सा ले आवा।
Did it look at you?,ई तुहरे पे लगत रहल?
I'm sure my mother would help if you asked her.,हमके भरोसा हऽ कि हमार माई मदद करी अगर तू मदद मंगऽब त।
I'm not gonna be going long. - Don't rush.,हम पकड़य खातिन जल्दी ना हव
Whose photo is this ?,ई केकर तस्वीर हवे?
"Do you really think I'd risk all I've worked for... all my savings and be a hunted outlaw, do ya?",तुहके लगत हव की हम आपन सारी बचत खोकर अपराधी बन सकत हईं?
My boss called me last night.,हमार मालिक हमके रात में बोलइलें।
I prefer very much that he should go now.,ओके अब जाए चाही इ हम ज्यादा चाहत हईं।
I was the second in command. My abilities to control emotions served her well.,हम कमान में दुसरा रहल मददगार की शक्ति भावना
I gave him letter to write.,हम ओके एगो चिट्ठी लिखेऽक देहलीं।
I do not know.,हम ना जनतीं।
Go on.,पर जाईं।
I always thought it happens to others.,हम हमेशा सोचीऽल इ दूसरन के साथे होत होई।
"If I had that book, I would give it to you right away.",अगर हमार पास किताब् होईत त हम तोहरा के दे देयतीं ।
We shall go since you desire it.,हमहन क राउर की ईच्छा के बाद यहवा से चलल जाई ।
Me stepmother as well.,हमार दादी भी।
Then today is his turn.,तो फिनू ओकर बारी हव।
"Do you want beer, wine, or wisky?","का तु बीयर , वाइन या विस्की चाहत हउअ ?"
I figure we owe him that much for the beer.,हमके लगत हव हम ओके बीअर खातिन एतना करेके चाही।
Little learning is a dangerous thing.,थोड़ा सीख खतरनाक होला।
What a silly dog.,केतना मूर्ख कुत्ता ह ।
Get me his files.,ओनकर फाइलन हमके मिलत हव।
"Repeat it, please. Which is lighter-- a ton of feathers or a ton of lead?",यदि आटे की एक पाउण्ड की लागत 12 पइसा हव त बारूद की एक बैरल की लागत?
You need money?,पइसा?
I knew.,हम जानत रहलीं।
I saw it on TV.,हम एके टीबी पे देखले हईं।
How many humans have treated you well?,तु केतना अदमी के अपने दवाई से ठिक कइले हउअ ?
"Major Jasper Whitlock, Ma'am.",का सुशरी अपना नाम जेस्पर सैनिक?
How can I reach airport ?,हम एयरपोर्ट कइसे पहुंच सकी ल।
The girls will sing ghazals.,लइकी कुल गजल गइहे ।
I like no one.,हमके केहू नाई पसंद हऽ।
Is it too far from here ?,इहां से का ऊ बहुत दूर बा?
My friend saw the Prime Minister yesterday.,हमार दोस्त कलिहां प्रधानमंत्री के देखलस।
Landlord Ray has his own troubles.,मकान मालिक रे अपनही मुसीबतन में फँसल हव।
I'm burning up in here!,हम एकरे भित्तर जरत हईं।
When does your father go to Europe?,तोहार बाऊ कब यूरोप जालन?
This is undeniable.,ई बात से मना ना कईल जा सकेला।
Should I've to give birth to a daughter for him?,का हमके एकरे खातिन एगो बिटिओ पइदा करेके पड़ी?
I had never thought that my daughter will make a compromise but would not love.,हमार बेदी समझौता करी और प्यार ना करी इ त हम कवो सोचले ना रहली
What would you do if you had a million dollars?,करोड रुपैय्या होत त तु का करत ?
I saw a girl.,हम एगो लइकी देखलीं।
"If a girl plays with a boy, she will win.",लईकी लईका के साथ खेली त लईकी जीत जायी ।
The story is well written.,कहानी बढ़िया से लिखल गईल बा।
I have told you the facts.,हम तोहके तथ्य बता देहलें हईं।
"So her mother put a lump of frank incense before her, and asked her what it was.","येही से उनकर मम्मी उनकी सामने धूप के ढेर लगा देहली, अउरी पुछली की बतावअ ई का रहे।"
"After my death, You'll sleep with all the cadets of the village.",हमरे मउत के बाद...गाँव क सब खेतिहरन के संहे सोअल।
I went to the kitchen and made a sandwich.,हम रसोई में गइलीं सैंडविच बनइलीं।
"Sister-in-law, have you gone to sleep?","ठाकुर जी, का सुत गइल हईं?"
Was the movie good ?,का फिलिम अच्छा रहे?
I need some light.,हमें कुछ प्रकाश की जरूरत हव
There’ve just been some men arrested.,इंहवा तुरत कुछ आदमी पकडल गईल।
I have informed him that he has succeeded.,हम ओके बता देहली कि उ सफल हो गइल।
"You're out some smokes, son.","तू कुछ धुमरपान से गइला, बेटवा। हम तोहके बता देईं।"
I love him because he is generous.,हम ओसे प्यार करीऽल काहे से कि उ उदार हऽ।
Why don't you go?,तू जाते काहे ना?
What is it?,का हव?
"This idea on which he based his philosophy, is very difficult to comprehend.","ई विचार जेपर उनकर दर्शन आधारित बा, ओके समझ पावल बहुते मुश्किल बा।"
Does she want to build a house?,का उ घर बनावल चाहत हई ?
There are Chinar trees in Kashmir.,काश्मीर मे चिनार क पेड़ बाटे ।
Rohan returned from Delhi yesterday.,रोशन कलिहां दिल्ली से लौट आइऽल।
I would have given a splendid party to all of you.,हम तू सबके शानदार पार्टी देहले होतीं।
Mr Jones is my teacher.,मिस्टर हमार गुरुजी हऽ।
Raka writes fiction.,राका कहानी लिखलस।
"Hi, Ronald.","हाय, रोनालड।"
I knew that you had booked a flight for tomorrow.,हमके पता हऽ तू बिहान के फ्लाइट बुक करइले हवा।
Here is the book you want.,ई किताब हवे जवन तोहके चाहत रहे।
"Your dad died... saving my life, and these people were killin' firemen for money.","हमरे बापे क मउत होइ गइल ....हमरे जीवन क बचत, अउर ये लोगन के पइसा खातिन हतिया, फयर बिरगेड रहल।"
I am not keeping well.,हम बढ़िया से नाई धरील।
Can I borrow your umbrella ?,का हम तोहार छाता ले सकेलीं?
I could not prevail on him to attend the meeting.,हम ओके बैठक में भाग लेवे क जोर नाई दे सकीऽल।
"I cannot see, for it is very dark.",हम नाई देख पइलीं काहे से अन्हार रहल।
Jesus.,"ओह, यीसु।"
"Remember this, Ronald?",रोनाल्ड ई इयाद हव?
This film is terrifying the children.,ई फिल्म बच्चा सबके डरा देहलस।
Ravi is angry because he has not received his books.,रवि रिसियाइल हऽ कि काहे से कि आपन किताब नाई मिलऽल ओके।
Revenge.,धत।
We trust him completely.,हमके ओकरी पर पूरा विश्वास हऽ ।
Ram found out that Sita was very ill.,राम के पता चलऽल कि सीता बहुत बीमार हऽ।
"At heart, I'm a city girl, so-- so I'm returning.",हम आपन ख्याल रखेके सिखल हई हम तय कइ लिहले हईं...।
It was a stormy night.,इ एक तूफानी रात हव।
The men had not completed their work by sunset.,सूरज डूबे से पहले आदमी काम नाई खत्म कई पवलस।
Come on.,चला.
An M.P. gets Rs. 2 crore a year for developing his constituency.,एक एम पी साल में २ करोड़ पावेला आपन चुनाव क्षेत्र के विकास बदे ।
What did I steal?,हम का चोरी कइले हईं?
We walk for 5 KM.,हमनि 5 किलोमीटर चललीं ।
Some more than others.,कुछ अन्य तुलनायें
These are the boys who work hard.,ई उहे लड़का सब हवन जे कठिन मेहनत करेलन।
"If I asked you to stay in the car, would you?","अगर हम गाड़ी में रहअ खातिन तोहके पूछल, का तू"
We came here so that we can go there together.,हमहन क एके संहे ओहीज जा सकत हई जा एसे की यहवां हमहन क आईल रहली जा।
Bring that book.,उ किताब ले आव ।
What can I do ?,हम का कई सकींऽल।
I had to.,हमें पड़ल
Kaka did not understand the meaning of that question.,काका इ प्रश्न के अर्थ न समझेला ।
Mine was.,पूरी तरह से परिपूर्ण हव
Please let us allow to go for a picnic.,तनी हमहन के पिकनिक जाए खातिर आज्ञा दा।
He wants me and Alice to join him...,"उ जानत हव की इ परिवार जीवित हव कबो ना हो हमारी जब की,"
Ashok buys fruits for himself everyday.,अशोक रोजे फल खरीदे लन आपन खातिर ।
"I called him, but he gave me no answer.",हम ओके बुलइलीं लेकिन उ हमके जवाब नाई देहलस।
We stayed at his house.,हमहन क ओकरी घरे पर रुकल रहली जा ।
We know every child.,तु जानत हव कुल लईका हव स ।
They couldn't have chosen a better woman for the job if I may say so.,"उ काम खातिर कौनो बेहतर महिला के न चुनल जा सकत रहे उ लोग्वन द्वारा, हम त ईहें कहब।"
How horrible!,केतना भयानक!
Which communication skill does help in building friendship?,कवना प्रकार के वार्तालाप के तरीका मित्रता बनावे में मदद करेला ?
"If today is Friday, he is here already.",आज शुक्रवार हऽ त उ पहिले से ईहा हऽ ।
They have not been planting trees.,उ लोग पौधा न लगावत हवें ।
Where are the traces of ancient civilization in India and Pakistan ?,भारत और पाकिस्तान कहां पुरान सभ्यता क निशान बा।
Take it... take it...,ई लेला...ई लेला।
Ram sent his son to the city.,राम अपने लइका के शहर भेजले हऽ।
A score of 70 or above will get you an 'A' grade.,सत्तर से ऊपर के अङ्क पे ए ग्रेड मिलि ।
We were supposed to come yesterday.,हमनि के कला आवे के रहे ।
See now we are late for the graduation ceremony.,अब वी० ए० की खातिर देरी हो गईल न ।
Mumbai is famous for its textiles.,मुंबई अपने कपड़ा क खातिर मशहूर हऽ।
Maher said that Maher likes his teacher and Omar said that he likes Maher’s teacher.,माहेर कहऽलं कि माहेर अपने टीचर के पसंद करऽल उमर कहऽलं कि उ माहेर टीचर के पसंद करऽल।
"If they are late, I am going to be angry.",अगर उ लोग देर से अयिहें त हम नाराज हो जयिब ।
You were lucky to get out of his clutches.,तु उनके चन्गुल से बहरे निकलले खरतिन भाग्यशाली रहल ।
I gave her a gift.,हम ओके तोहफा देहली।
No.,नाहीं’
Don't have!,डेनी:
"Be careful, not to wake the baby.","सावधान रहीं ,बाबू के मत जगाईं ।"
"I can extend no other mercy to you"", said the Raja, ""except permitting you to choose what kind of death you wish to die.",राजा कहऽल कि अब हम और दया तोहरे पर नाई देखा पाइऽब एकरे अलावा कि तोहके आपन मौत अपने हिसाब से चुनेऽक मंजूरी दे देई।
You once lived in Benares;,तू एक बार बनारस में रहला
The rain comes from above.,बरखा ओहर से आइल।
See.,देखय वेजा सदस्यों पिताजी
To reign is worth ambition.,राज करे खातिर दाम महत्वकांक्षा हऽ।
Where can I do registry ?,हम कहां रजिस्ट्री कराइब।
"You know, Pelle, I've been thinking.","अरे, पेले..."
Most writers are merely rehashing old stories lf their stuff is popular shouldn't my stuff be even more popular?,जादेतर लेखक महज पुरान कहनिअन के नया रूप देलँ जदी ओनकर माल लोक पिरिअ हव.... अउर हमार माल अधिक लोकपिरिअना होखअ के चाही।
Masa TOCHIZAWA lighting:,मसा तोचीजा परकास:
"She said she was glad I knew, that she hated all the sneaking around.",ऊ कहलअ की ऊ खुस रहल की हम जानत रहलीं कि ओके चोरी चुपके नजर रखले से नफरत रहल।
We see you've served 20 years of a life sentence?,तोहरे फाइल के अनुसार तू जीवन भरे क सजाइ 20 साल काट लिहले हवा।
"You have to cross a whole ocean, Pelle.",बीच में हव एक बिसाल सागर।
This is what I want.,ई उहे हवे जवन हम चाहत रहनी।
You're mine now.,तू अब हमार हवा।
How will you do a favour to her?,तु उनके पक्ष मे कइसे करब ?
I laughed at him.,हम ओकरे पर हंस देहली।
Thank you.,धन्यवाद
We are not enjoying our holidays.,हमहन क अपने छुट्ठी क मजा ना लेत हई जा ।
How did the dog find its way home?,कुत्ता कईसे घर के रास्ता पाऊवें ।
You have written the lessons.,तु पाठ लिख भइल हउअ।
I think that you know each other.,हमरे ख्याल से तू एक दूसरे के जानऽल।
They would have gone for a visit.,उ लोग भ्रमण के लिये गईल हुंव ।
"Hey, Sean-man.",अरे साँन अदमी।
It's an absorption catalyst used in toxic waste accidents.,ई जहरीला छूटन दुरघटनन में इसतेमाल एगो अपने में सोखल उतपरेख हव।
We are watching movie.,हमहन क फिलिम देखत हई जा ।
Why are you shouting?,तु काहे चिल्लात रहत हउअ ?
Inspite of this there are some people who want to learn and teach.,एकरी अलावे इहां कुछ अईसन लोग बा जे लिखे अउरी पढ़े चाहत बा।
All Sindhis do not earn.,कुल सिंधी नाई कमाऽल।
"But Malhotra, you wear boring clothes.",लेकिन मल्होत्रा तु त बडा बोरिंग कपडा पहिनेलअ ।
My elder brother is coming.,हमार बड़ भाई आवत हवें।
Where are you working ?,तु कहवा टहलत रहत हउअ ?
Look out!,बाहर देखा!
Do as you think best.,जवन सही लगे ओके कर।
Can you lose your head?,का तु आपन मुखिया खो चुकल हउअ ?
"We did not go, as the weather was too stormy.","हमके जाये के ना रहे, जइसन की मौसमों बहुते भयानक रहे।"
Get up!,तनीं उठा।
She said that- - She said that the sleeves should be let down a little bit.,आस्तीन निचा होवे चाही।
"The Council leaders, Dad, Quil's grandpa, and Sue Clearwater.",दादा अउर क्या लोग मुकदमा साफ पानी
Where will we get tickets for Indore ?,हमके कहवां से ईन्दौर की खातिर टिकट मिल जाई ।
Just stop it and get lost!,बस करा अउर भागि जा।
This is my chance to get out!,ई बहरे निकरले क हमार मोका हव! देखात ना का?
What money !,कईसन पईसा?
Ravi said that he had bought a new car.,रवि कहलस हऽ कि उ नई कार खरीद के लाइऽल हऽ
The rich are not always happy.,अमीर लोग हमेसा खुश न रहे लन ।
"’Take off your hat', the king said to the Hatter.","टोपी वाले से राजा कहलस, आपन टोपी उतारा।"
They play tennis.,उ लोग टेनिस खेलेन ।
Where is cobbler shop ?,मोची क दुकान कहां हऽ।
What a pity ...,भगवान दया करँ।
Mary shut the door.,मैरी दरवाजा बंद कई लेहलस।
"Apu, the son:",अप्पू बेटवा।
You follow 17 in the truck.,अपने टरक में 17 क पालन करँ।
"Amy watches football on television, but she never goes to a game.",एमि फूट्बाल दूरदर्शन पर देखेले लेकिन कबो न खेलेले ।
I must not go outside.,हम बहरे खेले नाई जाब।
Or is it because of this?,चाहे फिनू ई एह वजह से हव?
You're really out of your head.,कराउन? तू पागल हवा?
Will you please come to my wife?,किरिपया का तू हमरे मेहरारू से मिलअ आइ सकत हवा?
The way was long.,लंबा रास्ता हऽ।
any girl will fall for us.,त कवनेहूँ लइकी हमरे मरिमिटी।
Do not go near the smelly,‘बदबू’ लगे मत अइहा।
How badly you have done your work !,तु केतना खराब तरह से आपन काम कइ चुकल हउअ ?
Yeah?,हाँ।
Somebody is standing at the door.,केहु दुवार पर खड़ा बा ।
They are talking to the police.,उ पुलिस से बात कइ रहल हव
Don't forget:,मत भुलिहा
This story is well written.,ई कहानी सही से लिखल गईल बा। ।
Even I did not know what I was speaking but I understood that I have started loving you.,हम खुदे ना जान पइली कि मो का कहत हई लेकिन हम वुझत रहली की हम तोहसे प्यार करे लगली ।
You may look everywhere.,तु सब जगहि लउक सकल ।
"Antonio, you look for the tires.","अनटोनिओ, तू टयर देखिहा।"
You can ask for help whenever you need it.,तु मदद खरतिन पुछ सकल जब तोहके एकर जरुरी लगी ।
Do you like their new house ?,का तोहके उनकर नया घर पसंद आईल?
"Easy, Ronald.","असान, रोनाल्ड।"
Do you like this ?,का तु इहके पसन्द करत हउअ ?
"Wait, let him go.","रुका, ओके जाये देवल जाये।"
You may not wish to do the work.,तु काम कइले के इच्छा नाई कइ सकल ।
Was my sister feeding our dog?,हमार बहिन अपनी कुत्ता के खियावत रहली का?
"Fun, isn't she?",ऊ मजेदार ना हव।
You know you could be sued for libel?,पता हव तुहरे पे मोकदमा कइल जा सकत हव सिकाइत खातिन?
I'm blunt.,हम लंठ हईं।
Our fruit disappears. I complain and the mother says:,"हमार फल गायब हो जात हव, हम सिकायत करत हईं अउर माँ कहत हईं"
Look at him.,ओके देखा।
All my stuff's up there!,हमार सभी समान उहँवा हव!
I am a businessman.,हम व्यापारी हईं।
How many notes can you give me?,तु केतना नोट्स हमके दे सकल ?
Ram made Anil beat Ravi and he couldn't laugh.,"राम अनिल के रवि क पीटे क कहलस, लेकिन उ हंस नाई पाइल।"
My uncle is younger than my father.,हमार चाचा बाउजी से छोट हवें।
"And who knows, Pelle?","अउर कवन जाने, पेले।"
... thatitwaswhattheold-timers used to call cabin fever.,ई ऊहअ हव जेके पुरान अनभवी केबिल बोखार कहलँ ।
"Oh, excuse me.","ओह , हमके माफ करिहाँ।"
You show.,तु देखावा।
Was John at Mary's party?,का जान मैरी के भोज मे रहल ?
Stop playing.,खेलब बंद करा।
"Hey rickshaw puller, hurry up.","हे रिक्सावाला,जल्दी कर।"
It was impossible to lift the box.,संदुख के उठावल असंभव रहे।
Do you hear that?,तू सुनला?
A swordsman came.,एगो तलवार क परीछन करे खातिन
"Grab a chair, Bill.","तुहसे मिलिके खुसी भइल। एगो कुरसी ले ला, बिल।"
Ashitaka!,आशीटाका!
I myself thought of writing a letter to Roshan.,हम रोशन के खुदे चिट्ठी लिखेऽक सोचत हईं।
Let's move it.,ओकरे खातिन ई कदम चला।
I cannot eat too much sweets.,हम ढेर मिठाई नाई खा सकी ल।
After some time that girl gave birth to a baby who was named Chanesar.,कुछ समय बाद उ लड़की एगो बच्चा के जन्म दिहुवे जेकर नाम चान्सर रखऊवे ।
"Well, I think she's is either Russian or Polish.","ठीक बा, हमके लागत बा कि या त उ रसियन होयिहन या फिर पोलिश।"
How this word would be pronounced ?,ई शब्द के उच्चारण के तरह होई?
"Shorbojoya, the mother:","सोरो बोजोया, माई।"
I met Hari who had just returned.,हम हरि से मिलऽली जवन तुरंत लौट के आइल रहऽल।
It's a horse apple.,एगो घोड़ा क सेब।
I wish I were dead.,काश हम मर जईती ।
"Mary heard the frightening noise again, and the sound was one that would frighten the bravest of people.",मैरी उ भयानक शोर दोबारा सुनलस और आवाज उ बहादुर लोगन में से एक क रहल।
Saint Kawarram was born in 1885 in the village of Sindh knowns as Jarwarni.,संत कंवर राम क जनम 1885 में सिंध के जरवानी गांव में भइऽल।
In which subject does Vinod have to write an article ?,विनोद कौने विषय पर लेख लिखी।
Can I have some water ?,का हमके तनिक पानी मिल सकेला?
I'll carry your youth like a palanquin...,हम तोहार जवानी पालकी जइसन ढोइब...
Ram gave Ravi a book.,राम रवि के किताब देहले हऽ।
... there'soneotherthingIthink we should talk about. Not to sound melodramatic...,एगो अउर बाति हव जवने बारे में हमअ लगत हव हमके बात करेके चाही।
Return it to me.,येके हमके वापस करा।
Will he not come back soon?,का ऊ जल्दी वापस ना अयीहें?
Can you make me fool?,का तु हमके मुरख बना सकलअ ?
The streets were flooded.,सड़क पर बाढ़ आइल रहऽल।
I'm the guy who can get it for you.,हम हीं तोहरे खातिन जोगाड़ कइ सकत हईं।
"And the most important thing is that there is no noise, there is peace.",आ सबसे बड़ी बात रहे कि उहाँ कवनो शोरगुल ना रहे खाली शान्ति रहे ।
Will he return in a year?,का उ एक साल मे वापस अइहे ?
That's no answer.,ये कवनों जबाब ना हव
Will Hari buy a good book?,का हरि अच्छा किताब खरीदिहें?
"I was annoyed, still I kept quiet.",हम नाराज रहलीं तबौ शांति रखलीं।
I suggest that this rule be changed.,इ हमार सुझाव हऽ कि नियम बदल सकऽल।
How many people are living their life?,केतना आदमी आपन जिंदगी जी रहल हऊवन ।
I refuse to answer the question.,हम सवाल के जवाब देए से इनकार करत हईं।
"Man, you're gettin' cheap in your old age.",यार तू अपने बुढ़ापे में सस्ते मिल रहल हव।
We're going to make a new rule:,हम एगो नयका नेयम बनावअ जात हईं।
Was he in Berlin ?,का उ बरलीन मे रहने ?
Now!,अब!
What colour do you like?,कवन रन्ग तु पसन्द हउअ ?
I have two horses.,हमरे लगे दूई घोड़ा हऽ।
"He hasn't come, madam.",ऊ ना आयल हवॅ रजकुमारी।
We eat by seven in the evening.,हमहन क साझी क सात बजे खाईल जाला ।
Is he cooking rice?,का ऊ चावल बनावत हई?
What is there that I do not know?,उहाँ पर का बा जेकरा बारे में हमके जानकारी नईखे। ।
Let's go!,चला चल!
I like it although it's very expensive.,हमके इ पसंद हऽ हालांकि इ बहुत महंग हऽ।
Let me try if I can spin also.,हमके कोशिश करे द अगर हम घुमा सकी ।
"The file says that he is a dangerous culprit , but my memory says that he was an innocent , emotional but impassioned youth who was ready to die for his motherland.","फाइल कहत बिया कि इ एगो खतरनाक मुजरिम बा मगर हमरा दिमाग कहत बा कि इ मासूम जज्बाती मगर जोशीला मर्द था, उ अपना देश की खातिर मरे के लिए तैयार रहे ।"
That's all right.,की सब ठीक हव।
East Timor declared itself independent from Portugal on 28 November 1975.,पूर्व तिमोर अपने के पुर्तगाल से स्वतंत्र २८ नव० १९७५के घोषित कईलस ।
Thanks.,धन्नबाद।
I'm his lieutenant.,हम ओकर लफटीनंट हईं।
And she used to remain virgin.,आ उ कुंवारी रहल ।
Mahabaleshwar is cooler than Panchgani.,महाबलेश्वर पंचगनी से बढ़िया हऽ।
You must be eating a lot.,तोहके जादा खाए के चाहि।
I want you to call your father.,हम चाहत तू अपने पापा के फोन करा।
Now Junagarh is a famous place of Gujarat.,अब जूनागढ़ गुजरात के एगो प्रसिद्द स्थल हवे।
"I know, well--",हमें पता हव अच्छी तरह से।
Where is your book ?,तोहार किताब कहाँ हव?
"Munnabhai! Police has put the raid at Badkey ` s place, yet I am saving the money , this is today ` s ransom.",बड़के के अड़डा पर पुलिस क छापा पडल बा मुन्ना भाई! फिर भी हमहन क आपन माल वचावत हई जा इ रहल आज क हफ्ता ।
"I know you're good, but all that paper leaves a trail.","हमके पता हव की तू नीक हवा, अंडी लेकिन ई सब कगजे पे निसान छोड़ जात हवँ।"
"Go check out the Snowcat and the radio, and you'll see what I mean.","जा अउर सनोकैट अउर रेडियो क जाँच करा, अउर तुहके पता चली हमार मतलब।"
"Hey Rajesh! Come here, your father-in-law is a very interesting person.",अरे राजेश इहां आवज न इ जवन तोहर ससुर जी हवअ न बडा दिलचस्प इन्सान हवंअ
I understand you want a vacation.,हम समझत हईं कि तोहके छुट्टी चाही।
"Thing is, see I don't read so good.",बात ई हव....हम ओतना अच्छा ना पढि़ पाइत।
Everyone is laughing at me.,हर केहू हमरे पे हँसत हव।
Hunting tigers is a favourite sport in this country.,ये देश में चिता के शिकार कईल सबसे पसंदीदा खेल हवे।
Which boy knows which book Mary bought ?,कवन लईका के पता ह कि मेरी कवन किताब खरीदलस ?
It would be as easy as breathing with me.,हमरे संहे इ असान के रूप में आप सांस लेवे खातिन होई
Things are looking up.,हालत अब ठीक लउकता।
What is the traditional dress of Bhakti folk dance ?,भक्ति लोक नृत्य में कौन नरखा पहिरल जाला।
It'll be lots of fun.,बहुत मजा आई ।
What about-,लेकिन पेले...
Thank you for your letter.,तोरे पत्र खातिर धन्यवाद?
The train will leave from here in the morning.,इहां से ट्रेन सुबह में निकली।
When Sasuee and Punhoon met something inexpiable happened.,जब सैसुई और पुनहून मिलऽल तब रोचक भइल।
Was she there ?,का उ वहवा रहली ।
Those are not good.,उ सब अच्छा न हवें ।
"If you had worn a lighter jacket, the car driver would have seen you earlier.",हल्का जैकट पहनल रहतअ त गाडी के चालक तोहरा के देख लेतत ।
You're not gonna grow.,तू कबौ बड़ा ना होवा।
"If we boil water, it vaporises.",पानि के उबालब् त उ भाप बन जायी ।
Maigret will imitate Poirot with enthusiasm.,मैग्रेट बड़ा उत्साह से चित्र बना लिहें।
The rats gave us a great deal of trouble.,चूहावा बहुत बड़ समस्या दिहुवे ।
We learn a new language here for ten months.,हमहन क यहवां दश महीना खातिर यहवां एगो एगो नई भाषा सखली जा ।
Including her!,ऊ हो!
Kolkata is the biggest city in India.,भारत में कलकत्ता सबसे बड़ा शहर हवे।
There were many people in the library.,पुस्तकालय में बड़ा आदमी रहऽल।
In a fire?,आग में?
"If it's OK by you, I will leave early today.",तोहार साथ ठीक बा त हम जल्दी चल जयेब ।
Your dad would puke if he saw how you shit on his department.,ऊ तुँहके अपने बेभाग पे गन्दगी देखलअ की कइसे अगर तुहरे बापे के उलटी होई।
While traveling I had to put up with a good deal of discomfort.,सफर करत के हम असुविधा क कुल व्यवस्था रखी ऽल।
Who gave you the chocolates?,तोहके चोकलेट्स के देहलस।
Ravi didn't beat Ram.,रवि राम के नाई मरऽल।
Have the children laughed about the joke?,का बच्चा सब मजाक पे हंसल रहले?
"Drink boost and take rest, my son!",जूस पीआ अउर अराम करा लइको!
"Where do you think you're going, you cabbage head? We have to talk to your father!",तू कहाँ जा रहल हवा गोभी सिर?
"She will not sacrifice herself by being a daughter,sister and wife at every step.","वो बेटी, बहिन, बीवी बनकर कदम - कदम पर अपना के कुर्बान ना करिहें ।"
We came first to Delhi.,हमहन क दिल्ली खातिर सबसे पहिले आईल रहली जा ।
My arm ain't worth a damn.,हमरे हाथ में एगो दुकान के लायक ना हव।
What keeps you hanging around here?,तू एहवा कवनी बात में फंस गईल बाड़अ।
Sure?,यकीन
We are going to arrive at the airport.,हमनि एयरपोर्ट पहुंचतानि ।
I cannot express how sorry I am.,हम नाई बता सकींऽल कि हम केतना शर्मिंदा हईं।
Do you have bread ?,का तोहरे लगे रोटी बा ?
Is my carriage ready ?,हमार गाड़ी तईयार बा का?
"Késakichi, shut up and work.",केसाकिची’ चुप रहर अउर काम कर।
That’s what I call a good job.,का यह के हम अच्छा नौकरी कह सकेली।
This is as good if not better than that.,बेहतर न सहि त ठीक हऽ ।
I have forgotten my swimming trunks.,हम तैरे के ट्रंक्स भुला गइलीं।
It's an exciting story.,ई बहुते मजेदार कहानी बा।
The man is honest that's why the man is trusted.,आदमी ईमानदार होल एहि से आदमी भरोसा कर ल।
The trees were blown down by the wind.,पेड़ निचे झुक गये हवा के कारण।
"Don ` t make me more angry saxena, you have done it all, you are the root of all the problems.","हम के और गुस्सा मत द सक्सेना, सव कईल धईल तोहर हऽ सारे झगडाक जड़ त हवे ।"
I am about to leave this place.,हम इ जगह से जात हई।
Me either.,हम या केहू और।
An air-conditioned restaurant.,वातानुकुलित रेस्टोरेंट।
"Yes, I think this brother.","हऽ हं , इ त समझत हई भइया"
What did I tell you ?,हम तोहसे का कहलीं।
Does he want to divorce her?,का उ उनसे तलाक चाहत हउए ?
I can get it in a couple of days.,हमके एक दुइ दिन में मिल सकति हव ।
Get a lot written today?,टाजु काफी लिखला?
You can't go upstairs.,तू उप्पर ना जा सकत हवा.
"Because I went to work early, I found a good parking space.",काहे की हम जल्दी काम चाहत हइ हमके अच्छा गाड़ी रखेके जगही मिलल ।
You're acting like I just saw you last week.,हम अबहिन पिछले सप्ताह आपने देखा की तरह आप अभिनय कर रहल हव।
"No, you're not leaving!",नाहीं तू इहवाँ से ना जात हवा!
Rama came earlier.,राम जल्दिए आ गइल।
The novelist and poet is dead.,उपन्यासकार अउरी कवि दुनों लोग मर गईल बा।
This flower is full of thorns...,ई फूल कॉटन से भरल हव...
Tell me the news as you have heard.,हमके बताऽव जवन समाचार तू सुनऽल हऽ।
Do you know who did?,का तू जानत हऊ की के लिहलस?
Shame on you to use a poor cripple so!,तोहके एक गरिब अपन्ग काम मे लाये खरतिन शरम आवे के चाहि।
I found her an interesting partner.,हम ओके मज़ेदार साथी पइलीं।
You know what I'm trying to say?,तेके मालुम हऽ हम का कहेके कोशिश करत हई।
This could turn into a blood bath.,उहवाँ क पहिचान ना हव जेसे एक हम
"Sealed off, brick by brick.",सील बन्न। एक एक ईंटा ले।
Have you advised him?,का तु हमके सलाह दे चुकल हउअ ?
We have not sailed a lot.,हमहन क बहुते ना पवरली जा।
"I like to read, and I also like to write.",हमके पढ़ब और लिखब नीक लगऽल।
Which kind of room do you want ?,तोहके कवने तरह के कमरा चाहि ?
What is it?,इ का हव?
This is my book.,ई हमार किताब हवे।
You are flying a kite.,तु पतंग उड़ावत हवा।
Can you teach me diving?,तु हमरा के डाईविंग सीखा सकेलअ
Ram ordered him to go.,राम ओके जाए क कहऽल।
[Captain] Mask up.,(कपतान) उप्पर मुखउटा।
"I am very delighted to meet Prem today,now you also must send Rajesh Babu here.",आज प्रेम से मिलके बडा खुशी भईल एक बार राजेश बापू के भी इहवा भेज देई ।
"Anu, who is standing, is tall.","अनु, जे खडी बाडी, लम्बी हीय ।"
Once he came on the bank of a canal for hunting.,एक बार ऊ शिकार करे के खातिर नहर के किनारे पे अयिलन।
Here is the doctor who cured me of malaria.,ई उहे डाक्टर हवन जे मलेरिया से हमार उपचार कईल।
Will she not sing a song?,का उ एगो गीत गावत होइहे ?
Miss Marple is conscious of the problem.,मिस मारपल समस्या के लेके चौकन्ना हईं।
It needs to be done with care.,एके ध्यान से कईला के जरुरत बा।
Stop crumpling my upper cloth.,हमार दुपट्टा खींचल बन्न करा।
These signs speak well for the prosperity of the people.,ई लक्षण से लोग के समृद्धि के बारे में अच्छा से पता चलेला।
Alice would've seen if she wanted to make an army.,ऐलिस देखा की उ सेना के एक होई बनावल चाहत हव
There are no neighbours I can talk to,कवनो परोसी ना हवँ जेसे हम बात कइसकीं
I'm surprised they've let it go on this long.,"हमरे खातिन आश्चर्य के रूप में समय की अनुमति निम्नासुर हव, शायद उ येकरे पीछें हव"
Do you know her?,तू ओके जानति हऊ?
"He's a friend of yours, and Brooks is a reasonable man.","तू ओके चोट ना करत हवा, ऊ दोस्त हव, अउर बरुक्स समझदार हव।"
Immediately the Sultan hurries to his capital.,तुरंत सुलतान जल्दीबाजी में अपने राजधानी आ गयल।
Does John pronounce well ?,का जान निक से बोलत बोलत होइहे ?
You had to hear.,इ का हव?
Your book is not here.,तोहार किताब इहाँ ना हव।
What was the terrible deed done by the mariner?,नाविक काव सबसे बुरा कइलस।
The elephant was eating fruits.,हाथी फल खात रहे।
"Hey, we all need friends in here.","अरे, इहवाँ हम सबके दोस्त क जरूरत हव।"
"Anyways , search every nook and corner of the city and close all the ways to go out , it is very necessary for me to catch this man.","खैर शहर क कोना कोना देखो और बहरे जाये वाला कुल रास्ता बन्द कर द,ए आदमी के पकडल हमरे लिए बहुत जरुरी बा"
Put it out!,येके बहरे रक्खा!
I was going to eat the sweets but I saved them for my sister.,हम मिठाई खाए जात रहलीं लेकिन अपने बहिन खातिर बचा लेहलीं।
It does not work.,ई काम ना करेला।
I wrote the letter in his very presence.,हम ओके रहऽत में इ चिट्ठी लिखलीं हऽ।
All that I said had no effect on him.,कुल मिलाकर जवन कहलीं ओह पर कौनो असर नाई हऽ।
Didn't you go home ?,का तु घरे ना जाला?
We expect an improvement in business.,हमहन क व्यापार में सुधार क उम्मीद रखत हई जा ।
"""Get busy living or get busy dying. """,जियले में रमगल रहा चाहे मरले में लगल रहा।
I shall not go unless I am invited.,हम नाई जाइऽब जब तक हमके न्योता नाई मिली।
Where did boys go ?,लईका लोग कहवा गईने ।
Will my clothes get wet if it rains?,अगर बारिश होयी त का हमर कपरा गीला हो जायी?
It was a poem that John wrote.,ई ऊ कविता हवे जेके जॉन लिखले हवे।
Where's Jacob? Did he already...,कहवाँ हव याकूब पहिले से ही हव
They will start on Wednesday and will reach here on Thursday.,उ लोग बुधवार के शुरू करी आ बृहस्पतिवार तक इहाँ पहुची ।
I'm a writer.,हम एगो लेखक हईं
What did Calpurnia dream of?,कल्पूर्निया का सपना देखलस?
"Anything you say, Lloyd.","तू जवन कहा, लॉयड।"
"Brown was not feeling particularly happy that morning, and this may be the reason that he was glad of Mass’ company.","ब्राउस भिनहीं खुश नाई रहल, हो सकला कि मास कंपनी के कारण खुश होखे।"
"That is why I say , everything that happens , happens for the best, do one thing , join the office from tomorrow.","एहो से मो कहीला कि जवन होला अच्छे होला, तु अइसन कर की बिहान से आफिस पकड़ ले ।"
What are we gonna do about this?,हम लोगन एह बाटे में का करत हईं?
Please stay outside.,बहरे रहँ।
"Had he worked hard earlier, he would not have failed.",अगर पहिले मेहनत कराले रहतन त फ़ेल न होतन ।
Atrocious?,बहुत बाउर भयल?
"Accompany me in my death, Bhairava.","मुअत छन हमरे संहे रह, भैरवा।"
Please translate this.,एकर अनुवाद करा।
I might have gone to him.,हो सका ल ओके साथे जाई।
The fight only lasted five rounds.,पांच बार लड़ाई भइल।
"Had I known earlier that nonsense girls like you come here to study , I would have never come here.",हमके पहीले पता रहत कि यहवाँ पर तोरी जईसन वेशर्म लइकी पदे अबती सअ त हम यहवाँ कवो ना अवती
My mother went.,"हमार माँ गई,"
What's an item like this usually go for?,ई आमतोर से केतनी क आवत हऽ?
You would have gone.,तु चल गयल होबा।
Will you read this book?,का तु इह किताब के पढ लेब ?
I am leaving,हम छोड़त हईं।
The girls are dancing.,लइकी कुल नाच रहल हइ।
I'll come back later with a couple of sandwiches.,हम बाद में वापस आ जाइब कुछ सन्डबिच के संहे।
I have no enough cash.,हमरे लगे पर्याप्त नकद नाई हऽ।
Open here.,इहां खोलअ।
This tiger is a carrot-eater.,ई चिता गाजर खाए वाला हअ।
Yes.,हाँ
Rustam made twelve runs.,रुस्तम 12 रन बनइलस।
I live in this forest all by myself.,हम अपने आप इ जंगल में रहीऽल।
Do you have a television set ?,का तोहरे लगे टेलिफोनवा के सेट हउए ?
Ram was angry.,राम रिसियाइल रहऽल।
This one yes and this one no.,ई वाला हँ अउर ऊ वाला ना ।
Sometimes I go shopping with my mom.,कभौ कभार हम माई के साथ खरीदारी करे जाइऽल।
Could I borrow your bicycle ?,का हम तोहार साईकिल ले सकेलीं?
Omkar! Why are you sitting alone and quiet in this dark?,"ओमकार ए ओमकार ,अरे ए अन्हारे में काहे गुमसुम होके बईठल हउवा बेटा ।"
Will he ever forget my kindness?,का उ हमार एहसान भुला गईल होईहे ?
This work can be done.,ई कम कईल जा सकेला।
Bhairava will win!,भैरवा जीती।
Will Sita not go to market?,का सीता बाजार ना गईल होईहें?
What do you want from her?,तू ओसे का चाहत हवा?
You never know when friendship turns into love.,यार कब दिलदार बन जाय पते ही ना चलेका ।
We were listening to the radio all evening.,हमहन क साझी क रेडियो सुनत रहली जा ।
I should be surprised.,हमके चौंकेक चाही।
"My friend invited me to a party, but I do not want to go.","हमार दोस्त पार्टी में बोलइले हऽ, लेकिन हम जाए नाई चाहत हईं।"
We liked the jokers gimmicks.,हमके जोकर क चालबाजी पसन्द आ गईल ।
Is there fresh fruit in the market ?,का बाजार में ताजा फल हवे?
It seems too good to be true nevertheless it is a fact.,सच भइल नीक बा।
He will come like an erupting volcano.,ऊ एगो फटत जुआलामुखी जइसन देखाई।
What did you do?,तु का कइल ?
Rama is the oldest boy in the eleven.,रामा 11वीं में सबसे बड़हन लइका हऽ।
The Shawshank Prison Library.,सँासें क जेल कीताब घर।
"For the moment, Mr. Grady.","येह पल खातिन, सरी गरेडी।"
Mice with matches.,मंचो के संहे चुहा।
It's alright.,इ ठीक हव
Who's that?,ऊ के हव?
Ram made Ila teach the child a song.,राम इला के कहऽल कि लइका के गीत सिखाऽव।
When did you tell her that Bill is coming ?,तु उनके कब बतइब कि बिल आ रहल हउए ?
The committee decided the matter without leaving their seats.,समीति आपन जगह छोड़े बिना बात क निर्णय क देहलस ।
I was the first to arrive.,हम सबसे पहिले पहुंचल रहलीं।
"King, prayers must be over before this 8 planet gathering ends.","महराजा, ये एकट्ठा 8 गरहन के हटले से पहिले हमके पूजन करेके होई।"
This is what we do. You should be happy.,हम देखा एक संघ काम करय में सहमत हव
This happened.,ई भईल।
We are not working.,हमनि काम नईखे करतानि ।
I'm confused.,हम कुछ समझि ना पावत हईं।
I wished to sell it to you.,हम इ तोहके बेचे चाहत हईं।
"""l smell humans!",हम मनुष्य क गंध सूंघ लेइत हव।
Can you see me?,का तू हमके देखि सकत हवा?
You can park on either side of street.,तु सडकिया के ओर पार्क कइ सकल ।
I wash myself when I get up.,हम जब उठी ल त खुद तैयार होईऽल।
I work.,हम काम करीऽल।
As you are here you may as well see it.,जईसन की तु यहवा हउअ तु यहके ठीक से देख सकल हउअ।
Ravi has a very big burden.,रवि पर बहुत भारी बोझ हऽ
Does she use mobile?,का उ मोबाइल चलावत हई ?
Can you cut the vegetables without knife?,का तु बिना चाकू के सब्जी काट सकल ?
I like this part when she does that shit with her hair.,ईहअ हमार पसन्दीदा हींसा हव जब ऊ अपने बालन क सत्तानास कइ लेत हव।
Was she walking home?,का उ घरे चलत रहली ?
Who will believe her ?,के ओकरा पर विश्वास करी ?
What is the capital of the Republic of Ireland?,आयरैंड गणराज्य क राजधानी का हऽ।
I can write.,हम लिख सकी ल।
Will the owner sell the farm?,का मालिक फार्म के बेचिंहन?
My house is in the village.,हमार घर गांवे में हऽ।
My father is not at home.,हमार बाउजी घरे नाई हवें।
"I've been told the beasts there are all giants, just as they were in the dawn of time.",हम जानत रहली कि उ जायल चाहत रहल... इ अब तक नाह! अपने बोगि में रहा।
"I did my grocery shopping today, consequently, our cupboard is full.",आज किराना क हम खरीदारी कइलीं हऽ ऐही से अलमरिया भर गइल हऽ।
I am so glad to hear it.,हमके इ सुनि के बड़ी खुशी भइल।
I'm not sure which key.,हमके बिस्वास ना हऽ कवन चाभी हऽ।
Which man do you wonder when they will appoint ?,तोहके केकरे पर सक हव कि उलोग केके भर्ती करिहं।
"I had complete trust on you Chandan! I thought that if my love and affection has strength, I will definitely get you.","तोहरा बडा भरोसा रहे चन्दन: हम त समझत रहली , अगर हमरा नेह छोह में बक होई त हम तोहके जरुर पा लेइब ।"
What did I do?,हम का कइलीं।
And suppose he's innocent.,अउर मान ला की ऊ निरदोष हवअ।
I know the answer.,हमके उत्तर पता हऽ।
The papers were strewn about the room.,पन्ना के रुम में बिखेरल रहे ।
I gotta focus.,हाँ हमके लगत हव....।
"They used to look after the herd, cultivate their small piece of land and led a contended life.",उ सब झुन्ड देखेन आ छोटा जमीन बोयेन ओर विवादित जिन्दगी जियेन ।
No. We haven't.,"नाहीं, हम ना हईं।"
I bought a cycle.,हम एगो साइकिल खरीदली।
They will be with you until you're alive...,"जब ले तू जिअत हऊ, ऊ सब तोहरे संहे रही...."
How many useless newspapers will you study?,तु केतना बेकार अखबार पढबअ ?
Will you have story book?,का तोहरे लगे कहानी के किताब बा ?
Relax.,सान्ती रक्खा।
That's great!,ये बढि़या हव!
My dad used to say that a man bows his head only in front of three women.,हमार पापा कहत रहे कि मर्द का सिर सिर्फ तीन औरतन की सामने झुकेला
The boy reading a book is rich.,लईका जवन किताब पढ रहल बा धनी ह ।
"Ah, Inspector--","आह, निरीछक"
Rani came out of the room.,रानी कमरा से बाहर आ गइऽल।
No one with black clothes be allowed to enter the fort.,काला कपड़ा पहिनल केहूँ के भी किला में प्रवेश करे के अनुमती न मिली ।
Is this mango ripe or unripe ?,ई आम पाकल बा की कच्चा?
Will she have been praised by her mother ?,का उनकर बड़ाई उनकी माता के द्वारा कईल जाला?
I want to purchase a colored T.V.,हम रंगीन टीवी खरीदे चाहत हईं।
Elias isolates himself a lot.,एलियास खुद को बहुत अलग रखत हव
I think playing hide and seek with me in public is your intention...,हम सोचत हईं हमरे संहे लुका छिपी खेल रहल हऊ लोगन में तोहार मतलब हव...
Elmo Blatch.,एल्मो बलाच।
Will Bill be staying?,का बिल रुकिहें?
Either of these roads leads to the railway station.,ई सब रास्ता रेलवे स्टेसन जाला।
I've been very clear on this point.,हमके लगत हव की हम एह बाती पे बहुत साफ हईं।
A major feature of the fort and palaces is the superb quality of stone carvings.,किला व महलन के मुख्य चित्र पत्थर नक्काशी के महानतम गुण ह ।
Anil sells elephants and horses.,अनिल हाथी अउर घोडा बेचे लन ।
No other planet is so big as Jupiter.,कवनो अन्यगृह एतना बड़ ना ह जेतना कि बृहस्पति ।
I am sending a letter.,हम चिट्ठी भेजत हईं।
We are in fact a multicultural society.,हमन वास्तव में बहुसांस्कृति क समाज हईं।
I have travelled many hundreds of miles with them.,हम ओकरे साथे कई सौ किमी चलले हईं।
What is the time for games?,खेलेऽक समय का हऽ।
You may displease him.,तु ओके दुखी कर सकला।
"Come on, hon.","चलो छोड़ा, हॉन ।"
Thank you much.,बहुत धन्नबाद।
Excellent!,बहुत बढ़िया।
I can't believe you said that.,हम तुहके विस्वास ना होत की कहले
Has Stephen gotten back yet?,इसटीफन् अबहिन ले वापस मिल गयल हव।
"If I decide anything is mine,",अगर हमके कवनो चीज पसन्न आइ गइल
We had given her an apple.,हमहन क ओके सेव देहले रह्ली जा।
It was much regretted that he was absent.,ई बात के बहुते अफसोस रहे कि ऊ अनुपस्थित रहलन।
You did what you had to do.,आपके का करअ के रहल कइले रहला।
One day while on hunt they came across a Jogi in the forest.,एक दिन शिकार करत समय उ लोग जंगल में एगो जोगी के देखल लोग।
"Your separation, Marianne.",आप का सम्बन्ध टुट गयल मेरिअनि
I drank some tea and felt better.,हम चाय पियलीं तब नीक लगऽल।
I want to roam this city.,हम इ शहर में घूमे चाहत हई।
I wouldn't know.,पता नाहीं।
"It is not his words, it is his thoughts.",इ उनकर शब्द न हवे बल्कि ई उनकर सोच हवे।
I hope he will be alright.,हमके उम्मीद बा उ ठीक होइह।
I am sleepy.,हम सुत गइलीं।
They may or may not work harder.,उ चाहे हऽ चाहे नाहीं कड़ी मेहनत् कर सकत हऽ ।
This child is ill.,ई बच्चा बीमार बा।
What do you really think?,तोहार असली सोच का हउए ?
Hang on.,हम आशीटाका हई! हम दुरे से पहिले आ गइली।
Pull up Badshah!,खींचला बदसाह!
"One day he sent for Cassim and said to him, 'You are now old enough to earn your living, so you must sat off, and make your own way in the world.'","एक दिन ऊ कासिम के बुलावाले अउरी कहलन कि, 'अब तू बहुते बुढा हो गईल बाड़ा, अब तू ई काम धंधा छोड़ द, अउरी दुनिया के आपन रास्ता खुदे ही बनावे द।"
I shall return within an hour.,हमके एक घंटा में लौटऽक पड़ी।
Cover me!,हमके कवर।
"No, not that bitch there.","नाहीं, नाहीं उ कुतिया नाहीं।"
A long time.,काफी लम्बा समय से हव।
Raju will go to Jaipur with his friend today.,राजू आज अपने दोस्तन के साथे जयपुर जाई।
[Speaking Lithuanian],[बोलत लिथुआनियाई]
Ow-ow-ow.,"ओउ, ओउ, ओउ"
Who did you know all this?,त तू ई सब कहवाँ से जनला?
We are not going to open the door.,हमहन क केवाणी खोले खातिर ना जात रहली जा ।
"The one you saw must come from ""the middle house.""",जवन तू देखला ऊ बिच्चे वाला घर’ से आव के चाही।
How did Ryder lose the carbuncle?,राइडर कैरबंचल कइसे हार गइल।
They go to their school at 7.00 a.m.,उ लोग अपने विद्यालय ७ बजे जान ।
The old Okan?,"बुढि़या, ओकन’?"
I'll just give you two some privacy then.,तो हम कुछ गोपनीयता देवे खातिन आप करब?
"If I were you, I'd tell him what happened.",हम तू रहतिं त बतयती ओकरा के का भईल।
What have you decided to do?,तु का करे के निश्चय कई चुकल हउअ ?
My arm!,अरे हमार हाथ!
See these cotton sarees !,ए सूती के साड़ी के देखा !
Marathi is spoken in Maharashtra.,महाराष्ट्र में मराठी बोल ल जा ल।
I been in here most of my life.,हमरे जीवन क जिआदेतर इहवाँ गुजरल हव।
I killed my father And I killed my mother.,हम अपनं पिता को मार दिहनी....अउर हम अपनी माँ
"Dear God, bless me with light.",भगवान हमके आसिरबाद दें।
He's very dangerous man.,ऊ बहुतअ खतरनाक अदमी हव।
Will Rohit do his work?,का रोहित आपन काम कईले होईहें?
"sir, those are pens.","सर, उ कुल कलम हऽ।"
How is he? Is he okay?,ऊ कइसे हव?
What? What are you saying Rupa? Did you listen sisters? Our Rupa forgot the Gayatri Mantra.,"का इ तु का कह हई रुपा , सुनलु बहिन जी हमार रुप गायत्री मन्त्र भुला गईली"
Thousands of Victorian workers joined educational associations in an attempt to better themselves.,हजारों के संख्या में विक्टोरियन कार्यकर्ता लोग शैक्षणिक सम्मलेन के अपनी भलाई के कोशिश में शामिल भईल।
Ravi was angry because he had not received his books.,रवि रिसियाइल हऽ कि काहे से कि आपन किताब नाई मिलऽल।
I'm afraid you won't do too well here unless you brought supplies.,"हमके डर हव कि तू कुछ खास न कइ सकबा, इहवाँ जबले तू सपलाई ना ले आवत हवा।"
The car is blue.,कार नीला ह ।
Come to me after five days.,पांच दिन बाद हमरे लगे आऽव।
I have arrived yesterday.,हम कलिहें पहुंच गइल रहलीं।
"My friend Asha Deshpande and her friend, Meena Patil.",हमार दोस्त आशा देशपांडे और ओकर दोस्त मीना पाटिल।
Let me see his face properly,हमके ओकर चेहरा ठीक से देखअदा।
This institution is a very good example of social service.,सामाजिक सेवा के एगो बहुते बढ़िया उदहारण के रूप में इ संस्थान जानल जाला।
Continue to advance and along the valley.,अउर घाटी के किनारे-किनारे आगे बढ़े।
I shall see you after lunch.,हम दोपहर क खाना खाएक बाद मिलब।
"But there's nothing I'll ever gonna want, more... than Edward.",का केहू अउर हम का एडवर्ड की कामना करत हई फिनू तू गलत हव
Saint Kanwar Ram attracted all with his devotional singing and dance.,संत कंवर राम सबके अपने तरफ भक्ति क भजन और नृत्य से खींच लेहले।
Which are the best?,कवन सबसे अच्छा बा ?
"Boys don't have to go out to work, you said.",काम नाही करय के पढ़त हव-उ...।
Can you tell me about him?,का तु हमके उनके बारे मे बता सकलअ ?
Sarita wanted four sarees.,सरिता के चार साड़ी चाही।
You can shut up or get out !,तु चुप रही सकल नइ त बहरे चल जा।
Which don't you know who bought ?,का तु नाइ जानत हउअ कि के खरिदले ?
May I ask a question?,का हम एगो सवाल पूछीं?
I felt happy because I moved to the US.,हमके खुशी महसूस होऽत काहे कि हम अमेरिका जात हईं।
Tell them that your father is Lasse-- Lasse Karlsson from Tomelilla. It's all right.,तुहं पता नाहीं हव तुहरे पिता का नाम लेसे कार्लस्सन हव।
What an awful weather !,का इ खराब मौउसम बा !
"I think it appropriate... that we recognize the two asswipes... probationary firemen, among us today, who were officially baptized... into the world of old man fire.",हमके ई उचित लगत हव...हम दो एस वाइप्स समझत हईं की....परिवीछा के अधीने फायर बिरगेड।
He will come if you call him.,उ आयीहन तु बुलायिह त ।
Will all the witnesses have given their evidence before he arrives?,का उनकी पहुंचला से पहिले ही सब गवाह आपन आपन बयान दे देहले रहनअ?
A bandage is also tied on his head.,ओकरे हाथे में पट्टी कसल हऽ।
[Fitzgerald] I couldn't have wished for a better life.,(फिजराल्ड) हम एगो बेहतर जिनगी खातिन कामना कइले हईं ना कइ सकलीं।
How many booksellers are selling the great books?,केतना किताब बेचे वाला महान किताब बेच रहल हऊवन ।
How many publishers are in your office?,तोहरे कार्यालय में केतना सम्पादक काम करलन?
Rupert is not going to dial the number.,रूपर्ट नंबर नाई मिलावे जाऽत।
There's no need to worry so.,चिन्ता करे क कवनो बात नाहीं हऽ ।
We are thinking of going to Lonavala.,हम ऊ लोनावाला के पास जाये खातीर सोचत हई ।
I hear he has passed all right.,हम सुनलीं सब ठीक भइऽल।
Then I'll have enough money for my ticket.,फिनू हमरे पास होई टिकट के खातिन पर्याप्त पैसे।
I must study you thoroughly.,हमके ठीक तरे से येके समझ के होई।
"And I can see that love today, but it is not for me.",और आज हमके व प्यार दिखलबा लेकिन उ हमरा खातिर ना ।
When should I leave here?,हमके इहा से कब जाएऽक चाही।
Agra is a historical city.,आगरा एगो ऐतिहासिक शहर हवे।
India expects this of every man.,भारत के हर आदमी क इहै उम्मीद बा।
Good.,अच्छा हव।
There's just no work for you people!,बस कवनो काम ना हव तुहन लोगन खातिन!
You became breathless by climbing just these many steps?,खाली इह कई सीढ़ी चढ़ में तु हाफ लगला।
You had given this to Tina when she was beginning a new life.,तु ई टीना के दिहले रहलअ जब उ एगो नई जिनगी शुरु करे जात रहे त
And now I'm-- I'm going to change yours.,अउर अब हम तोहार बदलअ खातिन जात हईं।
But he is attempting to use that very talent against your will.,लेकिन ऊ येही परतिभा क उपयोग कइले क परआस करत हव...तुहरे हीछा के बिरोधे।
"Oh, my God.","ओह, हमार भगवान।"
You burned people!,तूँ लोगन के जरा दिहलअ!
One makes progress with his own his own hard work and not through recommendation.,उहे तरक्की करा ल जे खुद और खुद के कड़ा मेहनत कराल न कि सिफारिश से।
You may go.,तु जा सकत हउअ।
It burns almost completely away when you light it.,आपके ई रोसनी जब ई करीबन पूरे तरे से दूरे जलत हव।
Will he not have been taking the examination since Monday?,का उ सोमार से परीक्षा नाई लिहे ?
You probably wanted some book of mine.,तु शायद कुछ हमार किताब चाहत हवा।
Make hay while the sun shines.,बहत गंगा में हाथ धोऽल।
"If you go straight and turn left, fourth house on the right side.","अगर तू सीधे चलबा अउर बायें मुडि़ जइबा, त दहिने तरफ क चउथा मकान।"
It is to be regretted that he retired from the world so early in life.,"ऊ एह जीवन के संसार से बहुते जल्दी चल गईलन, एह बात के बड़ी दुःख बा। ।"
"My girls, sir they didn't care for the Overlook at first.","हमार लइकिअन, सिरिमान....पहिले परवाह न कइलीं, उपेछा कइलीं।"
There is no man but wishes to live.,अइसन कहुए नइखे जेकरा के जियत रहला के इच्छा ना होखे।
Have you fallen in love?,का तोहके पिआर होइ गयल हव?
We were buying tickets.,हमहन क एगो टिकट खरिदत रहली जा ।
The public will learn with astonishment that war is imminent.,आदमी चौंक के समझी कि लड़ाई होए वाली ह।
Why didn't one fish brought by the princes dry?,रजकुमारन नीरस दुआरा एगो मछरी काहे ना ले आवल गइल?
Do you know why is the engagement ring worn on this finger?,तु जानत हऊव सगाई क अंगुठी ए अंगुली में काहे पहनल जाले ।
It's cold in this house.,ई घर में ठंढा बा।
We're going to the fair.,"ई सियाह, डेनियल ई जेकिल थिर्मयाह।"
"If you had left earlier, you would have caught the train.",जल्दी निकलल रहत त ट्रेन पकड सकत रह ।
Are you yuck and she's a queen?,का ई सब छी हव अउर ऊ एक रजकुमारी हव?
Is it Adcox?,ई एडकाकस हव?
The books should be submitted.,किताबन के जमा करे के चाहीं ।
for the journey.,जत्तरा खातिन ।
"I love the pie, because it is delicious.",हमके पाई पसंद हऽ काहे से कि बड़ा स्वादिष्ट हऽ।
You are having pakodas in canteen.,तु कैंटीन में पकौड़ा खात हवा।
The man walked round the house.,आदमी घरे क बगले चक्कर लगइलस।
"Though I am poor, yet am I contented.",हालाँकि हम गरीब हईं फिर भी हम संतुष्ट हई।
What d'you say?,डीतू क कहत हव।
And when they put you in that cell and those bars slam home that's when you know it's for real.,अउर जब ऊ तोहके सेल में डारि देत हवँ अउर ऊ सलाखन बन्न होइ जात हईं......तब तोहके पता चलत हव की ई असली हव।
Sort of like a bonus.,एगो बोनस जइसन।
Did Elias hit Sofus?,एलियास से सोफुस को मरलय का?
Ila memorized the story.,इला कहानी के याद कर लेले रहली।
What are you talkin' about?,अपने बारे में का बात करत हवा?
Try your best.,पूरी कोसिस करिहा।
Maybe you'll let me read something then.,सायद तब तू हमके कुछ पढ़अ देबा।
Your conduct is very peculiar.,तोहार वेवहार बहुत अजीब हव।
I keep the fellow at arm's length.,माई जइसन कहले रहऽल हम वइसे बनइलीं।
Ashok helped Amit.,अशोक अमित के मदद कैलास ।
It's in the walls!,ये दिवारों मे हव!
Calamity?,सान्ती भंग?
Ram fell hard.,रामा के मुश्किल लगऽत।
I have had too many late nights recently.,हम हालऽए में बहुत रात रहऽल।
I offered him a chair.,हम ओके कुर्सी देहलीं।
Once upon a time a man owned a hen which laid everyday a golden egg.,एक बार एक समय एक आदमी के पास में एगो मुर्गी रहे जे सोने के एकगो अंडा रोज देवे।
Get up!,फिर भी तुहार गुस्सा!
I hope you can come tomorrow,हमके भरोसा हऽ तू कल अइबा।
I'll manage and bring her to Rock Garden restaurant.,हम सम्हार लेइब अउर ओके राक गारडन रेसटोरेंट में ले आइब।
"I do not run after girls , they run after me.",हम लईकिन के पीछे ना भागीला लईकि हमरा पिछे भागेली सअ ।
I have come here to give lecture on the history of Sindhi theatre.,सिंधी थियेटर क इतिहास पर हम यहां पढ़ावें आईल हईं।
Radha writes to his mother every week.,राधा हर हफ्ते अपने माई के चिट्ठी लिखेली।
I saw a fly.,हम मक्खी देखली।
"In Colorado, 10 inches of snow fell injust a few hours tonight.",सनटरल अउर मउनटन राज बरफ में दफन हव। कोलोरोडो में 10 इंच बरफ गिरल आज रात कुछअ घंटन में।
Nisha jee! Please forgive me if I have misbehaved with you during the marriage.,"निशा जी , अगर वियाह में हसी मजाक मे हमसे कवनो भूल भईल होई त हमके माफ कर दिहाअ ।"
"Thanks, Larry.",धन्नबाद लेरी।
Have you built this house?,का तु येह घर के बना चुकलअ ?
I thought you just... Maybe you gave up on the whole institution of it. Of marriage.,हम सोचली की आप इ संस्थानों से चालू छोड़ने पर
Please carry my luggage to the room.,हमार समान कमरा में ले आ व।
That's swell.,ई बढि़याँ हव।
Some students like to study in the morning.,कुछ विधार्थी सुबह में पढल पसन्द करेलन ।
It is likely that John will leave.,ई अईसन बा जईसन की जॉन चल जईहन।
How old are you?,तु कय साल क हवा?
I believed his lies for years.,हमके लगऽल उ कई साल से झूठ बोलऽत।
I can smell dinner cooking.,खाना बनऽत हमके महकऽत।
I needn't have bought it.,हमके एके खरीदेऽक जरूरत नाई हऽ।
Keep you happy and doing the laundry.,तोहके खुस रखअ अउर कपड़ा धोबअ खातिन।
It appears that it might be about the birth of girls.,अईसन लागत बा की ई लड़की सब के जन्म के बारे में हो सकेला।
Wait your turn.,आपन बारी आवे दा.
Tell me.,बतावा हमके।
I wouldn't know what to do with it if I did.,हमके ना पता हव येकरे संहे का करेके हव अगर हम छूअब।
"No, just trying to cool him off!",नाहीं बस ओके सानित कइले क कोसित करत हईं।
Of course I am.,बेसक हम हईं।
The world went and got itself in a big damn hurry.,दुनिया चलल आऊर खुद के ले गइल बड़ी जल्दी में।
Let men sow anything.,मनई के कुछ भी बोए द।
Nobody is here.,इहां केहू नईखे।
I like fat cats with long tails.,हमके मोट बिलार लंबी पूछ के साथ पसंद हऽ।
"I have a wife and two daughters, sir.",हमरे एगो मेहरारू अउर दूगो बिटिअन हईं सर।
Yuck?,छी?
Won't you leave me even if I threaten to kill myself?,का तू हमके तबले ना छोड़बा जबले हम खुद ना मरि जाईं?
"Tiwari jee In fact your disease is chronic , you did not notice it before that is why it has become wrecked.",सच पुछअ त तिवारी जी तोहार बिमारी पुरान बा तु पहिले से ध्यान ना दिहल एही से बिगड़ गईल ।
"Tome, bring me the logs.","टोम, हमके लकड़ी ले अइहा।"
I have seen him.,हम ओके देख लेहली।
You didn’t stay at home.,तु घरे नाई रुकल ।
Where had Roshan gone ?,रोशन कहां चल गइल।
Meena had gone to her home and you had gone to your friend at Pimpri.,मीना अपने घरे चल गइल और तू अपने दोस्त के लगे पिंपरी गइल।
Ram kept his attention on the child and Nina paid attention to Ila's voice.,राम आपन लइकन क ध्यान रखले रहल और नीना इला के बाती पर।
Doctor? You can- - You can use this if you want to take some blood.,का आपको लगत हव डाक्टर ओकर निकरलल बेहतर होई?
This house is smaller than your house.,ई घर तोहरी घर की तुलना में छोट बा।
"Hey, Axe, you know this rug rat?","अरे कुल्हाड़ी, आप इ गलीचा चूहा पता हव?"
We waited for you outside till the movie got started.,हमहन बहरे रऊरा के जोहत रहली जा तब तक फिलिम सुरु हो गईल रहे।
"Well, if you were his friend, maybe he would like for you to take over his laundry.","ठीक हव, तू ओकर दोस्त रहला....होइ....सकत हव कि ऊ आपके ओकर कपड़ा धोअल पर लेवे खातिन चाहत हवॅ।"
Ego becomes a great dividing wall between lovers.,घमंड लैला-मजनुअन के बीच में एगो बहुते बडा दीवार बन जाला ।
And there they would often become Jogis or beggars.,आ उहाँ उ लोग जोगी चाहे भिखारी बन जाई ।
You'll be expelled.,चाकू छुपा दा
"But you do, and you're choosing wrong.",हम कवनो बात ना आप कइसे अपने दयनीय मानवजीवन
"Oh dear, Does it hurt?","हे प्रिय,का एसे तकलीफ भयल।"
Please iron this shirt.,इ शर्टवा प्रेस कई द।
It might be your last chance to see her before you graduate. Well.,सायद ई हव ओके सनातक अस्तर के पढ़ाई से पहिले अखिरी मोका देखअ खातिर।
That girl...,ऊ लइकी
Hey.,सिरिफ सही समय हव।
Is he able to read and write ?,का ऊ पढ़े-लिखे जाने लन?
Are you going to stay here only ?,का तु खाली यहवा रुके खरतिन रहल हउअ ?
I’ve met him before.,हम ओसे पहिले मिलल हईं।
What happens in trade fair ?,व्यापार मेला में का भइऽल।
"I may have offended, but such was not my intention.","हमसे अपराध भइल, लेकिन अइसन हम सोचले नाई रहली।"
You must cut down your expenditure.,तोहके आपन खर्च कम कर के चाहि।
"""Dufresne.""",डुफरेन!
I want to spend my vacations in Banaras this year.,हम ए साल आपन छुट्टी बनारस में बिताए चाहऽब।
I was told this.,हम इ बतइले रहली।
Can he be serious ?,का ऊ गंभीर हो सकेलन?
You didn't count beyond 28.,तूँ 28 से जिआदे गिन ना पवतू।
Then I will think over it.,तब हम एकरे बारे में सोचब।
We haven't found any connection between the victims at all.,हम सभे में पीडि़तन के बिच्चे कवनो सम्बन्ह ना मिल हव।
May I sit here ?,का हम इंहवा बईठ जाई?
I shall do it for pleasure.,हम इ खुशी के लिए करऽब।
"On the last night of my life, I left a friend's house late.",इधर से दूर ना रहल
I went to Bombay and then to Delhi.,हम बंबई गइली और तब दिल्ली गइलीं।
New crops are also being harvested in these days.,ये समय में नया फसल के भी कटाई होत बा।
"Man missing on tier 2, cell 245!",टीअर 2 क अदमी लापता।- कोठरी 245
I have told you anyway.,हम तुहें वैसे भी बता दिहल हई।
Papa?,पापा…
Did you go shopping yesterday?,का तु कलिहां बाजार गइल रहल ?
I have no idea to this day what those two Italian ladies were singing about.,हमके आज ले ना पता चलल ऊ दुई इतालवी मेहरारून का गावत रहलीं।
Will he be going abroad for forever?,का उ हमेशा खरतीन बिदेश जईहे ?
Sean?,सॉन?
"If it reoccurs, which I doubt we can always think about having some tests done.","अगर ई दोबारा होत हव, जवने क हमके सक हव, त कुछ परिछन करवले के बारे में सोच सकत हईं।"
We'll get drunk!,हम नसा करब!
They like eating apples.,उ सब सेव खाईल पसन्द करत हवें।
So were you counting stars in the morning standing at the roof?,त का तु छत प खडा होके दिन में तारा गिनत रहलु ।
Inspector.,इंसपेक्टर
At last the truth has come out.,आखिर में सच्चाई सामने आ गईल।
The Blessed Lord sends his light from above.,धनि हवा पर भू ऊपर से आपन परकास भेजिहा.
How many sisters do you have ?,तोहरे कय ठे बहिन हइन?
Who wrote that novel?,ई उपन्यास के लिखलस?
They are brothers and sisters.,उ सब भाई और बहन हुवं ।
I will see more some other time.,कौनो दूसर समय हम और देखऽब।
"My sister, who works in IT, is coming to visit me tomorrow.",हमार बहिन जवन सूचना प्रौद्योगिकी में काम करे ले बिहान हमरे लगे आई।
"Let me see, Everything has changed, the days have changed, the nights have changed.",देखत हई सब कुछ केतना बदल गईल दिन बदल गईल रात बदल गईल ।
Want me to come with you?,हम तुहरे संहे चलब?
How did Miss Mebbin manage to get her cottage?,आपन झोपड़ी पावे खातिर मिस मेबिन कइसे प्रबंध कइलीं।
What is going to take place over the next 90 minutes?,अगिला नब्बे मिनट में का होवे के बा ?
I will get ready.,हम तैयार हो जाइब।
Want to get killed?,मरल चाहत हवा?
"Yeah, their names were devilish back in Bible days. - Daniel--",यकीन हव की उनका सैतानी नाम रहल।
"O, my goodness!!",ओह बाप रे !
Mansingh.,मानसिंह।
Sasuee prayed to God to save her chastity.,सैसुई भगवान से अपने पवित्रता क बचइले क प्रार्थना कइलस।
Some of it was absolute rubbish.,ये में से कुछ बहुते ख़राब बा।
Holy shit!,अरे नाहीं।
"What a lovely shawl, Auntie","केतनी सुन्नर चादर, ठाकुरमाई"
Get your hand off me!,हमरे संहे अपने हाथ में ले जाय
Please spare me sir.,किरिपया हमके जायेदा।
They do part time job.,उ सब पार्ट टाईम कार्य करेन ।
What do you do in leisure time ?,तु खाली समय मे का करत हउअ ?
Highways are blocked by snowdrifts.,सड़क रूकल हईं बरफ से।
"I decided this, not him.","हम इ फैसला कइले हव, ओके ना"
Which institution did you have to visit ?,तोहके कउने परिस्थिति में जाए के पड़ल।
I am of low caste.,हम छोट जाति क हईं।
I like this house.,हमके इ घर पसंद हऽ।
You do whatever you think right.,तु उह करा जवन तु ठीक सोचा।
Can you cover this properly?,का तु यहके नीक से ढक सकल ?
"Raj was very insistent, wasn’t he?","राज एकदम अड़ल रहऽल, नाई रहल?"
You did not play cards.,तु पत्ते नाइ खेलल ।
This box is heavy.,ई बक्सा भारी बा।
My brother must be listening to the radio.,हमार भाई रेडियो सुनत होई।
"Now, for one year we also belong to Poona.","अब, एक साल खातिर हमनी के भी पूना में रहल जाई।"
How did you know my name?,तू हमार नाँव कइसे जानत हवा?
There's no accounting for the tastes.,मजा के कवनो लेखा-जोखा थोड़े हऽ।
I will take you for a visit.,हम तोहे घुमावे ले चलब।
Ken Ogata,केन ओगाता।
I can manage perfectly well on my own.,हम अपने दम पर अच्छी तरह प्रबंध कई सकी ल।
Listen to what I have in mind I am going to write original plays and poems I'll soon be in great demand,"हमरे मन में का हव, सुना हम मूल नाटक अउर कबीतन लिखअ जात हईं। एक बेर चल जायत जलदिअ हमार मांग हो जाई।"
Flesh and blood and warmth.,रक्त अउर गरमी
We haven't seen Padma for several months.,हमहन क कई महीना खातिर पद्य ना देखली जा।
This is IKDIK 1 .,ई के डी के 1 हव।
"What's up, Elias?","का भवन, एलियास?"
I just won 500 dollars!,हम 500 डॉलर जीतलीं हऽ।
We elected Balu captain.,हमहन के बालु क मालिक बनावल गईल ।
Ram does not eat rice.,राम भात नाई खाऽल।
"What happened Krishnamurti! You look so upset, is everything alright?","का अयल कृष्णामूर्ती , तु बडा परेपान नजर आ रहन बाडअ , सब ठीक त हऽ न ।"
I live in the city.,हम शहर में रही ल।
It is a very good thing.,इ बहुते अच्छा चीज बा।
How wonderful you look!,का तु खुब लगत हउ !
The prisoner was questioned.,कैदी से प्रश्न कईल गईल रहे ।
"I don't believe it. It's empty already. - Hey, Lasse.","लेसे, निचे स्टोर जा अउर कुछ बरांडी ले आवा।"
"Well, it's nice to know we can still be friends.","खयर, आप ये हम अब भी दोस्त हो सकत हव पता करय खामिन अच्छा हव।"
Kanta was trying to cut the cloth with the small pair of scissors.,कान्ता कपड़ा के कैंची के छिट जोड़ा से काटे के कोशिश करत रहवे ।
Success is not merely winning applause.,सफलता मुख्यत: करतल ध्वनि के प्राप्त करे खातिर ना ह ।
"I know you can protect her. But you can give her a life, a human life. It's all I want for her.",हमें पता हव आप जीवन की रक्षा कइ सकत हव लेकिन उ अपने मानव देवे के तइयार कइल गयल रहल
A good number of resident and migratory birds are found in the park.,पार्क में बड़ी संख्या में लोग और बाहर से आइऽल चिरइए हईं।
You live at Chaubepur and you do not know where the doctor lives.,चौवेपुर मे रहेलु और वैध जी के घर ना मालुम बा ।
How many shops are close today?,आज केतना गो दुकान बन्द ह् ?
Are you sure you don ` t have any kind of ailments?,कवनो प्रकार क कवनो तकलीफ त ना हऽ न ।
My entire life is about get wasted.,हम पूरी जिनगी बरबाद होखअ के हव।
"Because, for some people... ... solitude...","कारन, कुछ लोगन खातिन..."
The boss is going to dictate a letter.,साहब चिट्ठी लिखवावे जात हवें।
You were not singing a song.,तु गीत नाई गावत रहल हऽ ।
Did Sita sing a song ?,का सीता गाना गईली?
The load weighs three tons.,ई भार तीन कुंटल होई।
"For his love, breaking the traditions, a warrior who made his love to win, my Bhairava.","ओकरे परेम खातिर, परमपरन के तोरत हईं, एक जोधा जवन अपने परेम के जीतअ चाातिन बनल हव, हमार भैरवा।"
A little place on the Pacific Ocean.,परसान्त महसागर पे एगो छोटि क जगही।
I am going.,हम जात हई।
Will you go?,का तु जइबअ ?
There is wheat on ration but it is not good.,"राशन में गेहूं रहल, लेकिन नीक नाई हऽ।"
You were together under the arch!,तू ओके संग महराब के नीचे खड़ा रहला!
The girl is under a tree.,लइकी पेड़ के नीचे हउए ।
Mohan eats mangoes.,मोहन आम खइलस।
All I tried to do was pull him up.,बस हम ओके उप्पर खिचले क कासिस कइलीं।
Zihuatanejo.,जीहै टोनजो।
We had come to you.,हमहन क तोहरी खातिर आईल रहली जा।
Ram bought books.,राम किताब खरीदलस।
"Is it true, that Sofus has been blinded?",का इ सच हव की सोफुस आन्हर हो गयल हव
"But why didn ` t Chandan speak anything when the talk about the marriage initiated that day,even he was there.","मगा चन्दन आए गुंजा के बियाह कईल चाहत हऽ त जवना दिन से ई बात तय भईल वा ,त वो दिन त उ भी वहाँ रहे उ काहे न कुछ कहल ।"
"I am telling Munna Bhaiya! A new gang has appeared in our area , they are seen near the station around Hanuman street and they come in the dark and then they plunder.",हम बताबत हई मुन्ना भईया अपनी यहाँ एगो नई गैंग अईल बा स्टेशन के पास हनुमान गली में रहती है और अन्हारे में आ के धन्धा लूट लेत हीय ।
I get up early.,हम जल्दी उठब।
You'd better watch out I don't make a carving of you and Mrs. Olsen in bed. You're getting a little too big for your-- Come back here!,देबना हम तुहार अउर मैडम आलसेन की तस्वीर काटकर गेट पर लगा देव।
It's white rice!,ई खीर हव।
We ventured out.,हमहन क बहरे निकल गईली जा ।
Understand?,समझलू?
I knew who you were when we got married.,"हम जानत रहलीं जब हमार बिआह भयल, तू रहला।"
There are Anacin tablets in the cupboard.,आलमारी में अनासिन टैबलेट है ।
They're addressed to you.,ई सब तुहके बोलावके हवँ।
Let's find her.,चला ओके ढूंढत हईं।
I want to purchase something for remembrance.,हम कुछ यादगार कीने चाहत हई।
You stay here.,तू येहीं रहा।
Will you walk into my parlour ?,का तु हमरे समान्तर चलब ?
"Here's the man we're here to honor,",चीफ जैक फिजराल्ड।
Does she plan to go overseas?,का ऊ समुद्र पार/विदेश देखे जाए के योजना बनईले बाड़ी?
They have sheared the sheep.,उ लोग भेंड़ के मुण्डित क देहलस ।
I’d like you to meet Dr. Edward Smith.,हम डॉक्टर एडवर्ड स्मिथ से मिले चाहत हईं।
Never do anything that is not compatible with public safety.,ईसन कवनो काम मत करिहा जवन सामूहिक सुरक्षा के अनुसार गलत होखे।
Are you afraid of his hearing you?,का तु ऊनके सुन के डेराइल हउअ ?
These were my orders to him.,ई उनका खातिर हमर आदेश हवे।
Wow!,बाह!
These mangoes are not such as I bought yesterday.,ई आम ओयिसन नईखे जईसन कि हम कल खरीदले रहनी।
Why is Gabriella there?,गैविरएला वहाँ काहें खड़ी हव।
I don't think I can get home before 9 or 1 0.,हमके ना लगत हव की हम 9:00 चाहे 10:00 से पहिले घर पहुँच सकत हईं।
Will he not be going to school everyday?,का उ रोजो स्कूल नहीं जा रहत होहिहे ?
How many people from your graduating class went to college?,तोहरे गाँव में केतना लोग तोहरे स्नातक कक्षा से कॉलेज गये?
What the hell is your trouble?,का नरक आपन परेसानी हव?
Ram is friendly to me.,राम हमसे दोस्ताना ब।
You're hurting me.,आह! दुखात हव।
Has he exercised this morning?,का आज सुबह ऊ व्यायाम कईलें?
I think Pakistan will win the match.,हमरे ख्याल से पाकिस्तान मैच जीती।
"Yeah, I know.","हाँ, हमके पता हव।"
I didn't even want to be a damn fireman.,हम भी एक लानत फायरमैन होवे ना चाहत रहनी।
"Heh, Probie, how about it, huh?","हे पोरबी, कइसे येकरे बारे में हव न?"
They might have gone.,उ लोग शायद गईन ।
Okay. Settle down.,"ठीक हव, बसने।"
When do you think that John left ?,तोहरे विचार से जान कब गयल?
Louis is going to throw the ball.,लुइस गेना बहावे जाऽत।
Have mercy on us.,हम पर दया करा।
Go to work !,काम करे जा ।
Some have travelled in space for a few days.,केहूं अंतरिक्ष में कुछ दिन खातिर यात्रा कईले ह ।
I'm not going to lose any sleep over it.,हम येह पर केहू क नींद खोवे खातिन ना जा रहल हईं।
Ravi was eating a banana.,रवि केरा खाऽत रहऽल।
"Yes, I do.","हाँ, हम करत हईं।"
I was her friend.,हम ओकर दोस्त रहलीं।
You meet me after three days.,तु हमसे तीन दिन बादे मे मिलिह ।
They used to live in their straw huts.,उ लोग अपने सुखी झोपड़ी मे रहेन ।
There are many varieties in these.,एमे बहुत तरह के प्रकार बा।
Macbeth murders the king of Scotland who is staying at his palace.,मैकबर्थ स्कॉटलैंड के राजा क खून कई देहलस जवन कि अपने महल में रहत रहल।
"And you're a part of this. I mean, it's the first time Seth, Leah and Quil are hearing them, too.",सेब-लियाकली अउर पहली बार खातिन उहवाँ हव
"Let me have the soup first, at least.","हमके पहिले जूस पीयदा, कम से कम."
"Where are you, you Swedish bumpkin?","लेसे, कहा हो, बेढग स्वीडस अदमी?"
We called upon Mr. Pundit and he introduced us to his partner.,पन्डी जी हमहन के बोलवल औरि अपने अपने साथी के साथ बात करवल।
Which is the best restaurant?,कवन सबसे अच्छा रेस्टोरेंट ह ?
So your father's a widower.,अउर तुहार पिता एक बिधुर हव?
"Even though he enjoyed the movie, he will not buy the DVD because he only watches films once.","फिल्म ओके ढेर पसंद आइल, लेकिन उ तब्बौ डीवीडी नाई कीनी काहें से कि एक बार देख ल।"
I ate a banana,हम केरा खइलीं।
"Mother, I have fallen in love , I might not fall in love again , you can consider it to be a compromise.",प्यार त हम क लेहले हई माई शायद हमसे फिर से न हो एक एगो समझौता ही समझ लअ ।
"That doesn't matter, sir.","कवनो, बात ना, साहेब।"
God bless you !,दैऊ तोहार भला करैं।
What is Brazil to you?,ब्राजील तोहरे खातिर का हव?
Imprinting on someone is like...,जइसन चित्त में अंकित कवनों पर
Indian Art in the 20th Century.,20वीं शताब्दी में भारतीय कला।
Mukut Bihari! Get your Ration Card transferred from here quietly and don ` t be visible here after morning.,मुकुटबिहारी चुपचाप यहाँ से अपना राशन पताई लेके चल जो सबेरे के बाद इहवा दिखाई मत पिहे
I did not eat any of the poisoned food.,हम कौनो ज़हरीला खाना नाई खइलीं।
It's about to leave.,ई अब जाए के बारे में हवे।
The teacher said the earth goes round the sun.,गुरु जी कहल पृथ्वी सूरज क चक्कर लगावे ली।
Please let Jack and me go to the theatre.,जैक और हम जात हईं थियेटर।
We shall fight tooth and nail for our rights.,हमहन के अपना अधिकार खातिर दाते औरि नहे की तरह लडे के होई।
The lease of our premises has run out.,हमहन क परिसर पट्टा से बहरे चल हईल ।
"That's fine for the papers, but I've got a family to feed.",ई समचार पत्तरन खातिन ठीक हव लेकिन हमके पलिवार पोसअ के हव।
"A couple of crows, man!",कांव! क्उवा क एगो जोड़ी आर!
They fled to the higher ground.,उ सब उँचा भूमी पर भाग गईल ।
"Well, we'll die like rats with rifles,","खयर, हम राइफल संहे चूहन जइसन मरि जाइब, का राइफल?"
"Well, it's for shit.","खएर, बेकारअ।"
You really mean that?,तू सच में चाहत हवा?
You'd better go; you can't stay here any longer,"बेहतर होई कि तू जा, तू अब इहवाँ ना रहि सकबू।"
Am I really supposed to believe you came home... because you felt heartstrings moan for the family biz?,हम वास्तव में आप घर आयल विस्वास करय वाला हई...आप हृदय परिवार विज के खातिन विलाप काहे की ओके लगल?
I guess we've been staying up too late.,हमके लगत हव हम बहुत देरले जागत रहि गइलीं।
I am tired of walking.,हम टहरे से थक गइलीं।
Please sit here.,इहां बइठा।
I used to teach.,हमके पढ़ावेक आदत हऽ।
I shall play,हम खेलब।
They can teach.,उ सब पढ़ा सकत हवें ।
They are not concentrating on the task.,ऊ लोग अपनी काम पे ध्यान नईखे देत।
Will she watch the match?,का उ मैच देखिहे ?
"""Till death do us part."" Isn't that what you heard, Helen?","मउत हमके डटले से अलग न कइ सके कि हेलेन, का आप सुनल ना हव?"
The receptionist was less than helpful.,रिसेप्शनिस्ट कम मददगार रहऽल।
Damn near anything within reason.,"कुछहू, जेल के भित्तर।"
Bhanu swims very well indeed.,भानु बड़ा नीक तैर ले लीं।
And neither did his friends.,अउर नाहीं ओकर दोसतन।
You had to go to Ajmer.,तोहके अजमेर जाए के हव।
Please go away and leave me alone now.,जाईं और हमके अकेला छोड़ दीं।
It is now a heap of ruins.,अब ई मात्र एगो कचरा के ढेर बा।
you've even lived!,आप भी रहत रहल
They that are whole have no need of the physician.,जो अपने आप में संपूर्ण हैं उन्हें कवनो डाक्टर क जरूरत ना हऽ ।
I am fully prepared.,हम पूरा तैयार हई।
The book costs $1000.,किताब के दाम $1000 ह ।
Teachers also used to teach with dedication.,मन से पढ़ाव क गुरुजी लोगन क आदत हऽ।
Edward and I are going on a campsite.,ऐके इहवाँ अन्त चाही
"Six-to-twelve, armed burglary.","छह से बारह, हथिआर संहे चोरी।"
I am fond of reading novels.,हम उपन्यास पढ़ेऽक उत्सुक हईं।
Recently my expenses have run up considerably.,हाल ही में हमार खर्चा कुछ जादे बढ़ गईल बा।
How many members have you called ?,तोहके केतना सदस्य फोन कइले हउए ?
He seemed to grant the permission.,ऊ अनुमति ले लेहने बाडनअ ।
Why did everyone laugh?,काहें सब हंसत रहऽल।
This pony is better trained than yours.,ई टट्टू तोहरी टट्टू की तुलना में अच्चा सिखावल बा।
We cannot live without water.,हमहन क पानी की बिना ना रह पावेके ।
"Every morning and evening you hear Ramayana from your daughter-in-law, we have not grown such old dear.","रोज सुवेरे सांझी क अपनी बहुरिया से रामायन सुनेलय , हमहन क एतना त वृढ़ ना होगईली जा"
I can't really remember.,हमके सच में इयाद ना हव।
I don ` t know what has entered into his mind since childhood that he always wants to die for the country.,बचपन से होअ न जाने एकरई माथा में का घुस गईल की देश की खातिर मुबे बाली वात करत रहेला ।
Your mother told me you shifted here.,तोहार माई हमसे कहलेस कि तु इहाँ चल अइला।
What a disaster you are!,का तु एकगो आपदा हउ !
They went where living was cheaper.,उ सब वहाँ गये जहाँ रहना सस्ता हव ।
I was speaking in Sindhi.,हम सिंधी में त बोलत रहली।
Shall I give my introduction ?,का आपन परिचय दे सकी ल।
Still... you must feel bad only if I refuse to marry you.,ओइसहूँ.....तोहके बुरा तब लगे के चाही जब हम तोसे सादी करे से मना कइ देईं।
"Now, Tony, tell me.","अब टोनी, हमके बतावा।"
The coolies belonged to a tribe dwelling in the hills.,कुली पहाड़ी जनजातिय से संबंधित होला औरी पहाडियन पर रहेला ।
Send them down.,आवा ओके हराइ दा।
That happened by chance.,उ भाग्य से हो गईल ।
On the way back You should never look back.,वापस रास्ते में....हम मुड़कर नाही देख के चाही।
This means that there should be light on all the four sides of the whole world.,एकर मतलब ई भईल कि पूरा विश्व के पूरा चारो तरफ से उजाला होखे के चाही।
"My uncle, whom I loved, is dead.","हमार चाचा जेके हम बड़ा मानत रहलीं, मर गइ ल।"
We had tea.,हमहन क चाय लेले रहली जा।
Without a doubt.,बिना सक के।
"One of your best investigators, Don Rimgale, is working a really tough case.","ओ हाथ के एगो अधिकी जोड़ी क जरूरत हव, ओ नाँव वाला हमरे करआले से आवत हव,त।"
What is right for our students?,हमहन की छात्रन खातिर का सही हऽ ।
I like sequin.,हमके सीक्वन पसंद हऽ।
Anjali! I had come to meet you only.,अंजलि हम तोहखी से मिले आवत रहली ।
"Okey I will if you marry me, It's called a compromise.","ठीक हव, हम अगर तू हमसे सादी! ई एगो समझौता कहल जात हव।"
We did not buy books majority of which were useless.,हमनि अधिकतर उ किताब ना कीननी जे बेकार रहे ।
Whatever made these made them recently.,तीन....पैर क अंगुरी अभइन ताजा हऽ।
Its time to go to school.,अब स्कूले गईला के समय हो गईल बा।
Do not go before I come.,कहूं न जा जबले हम नाई आई।
Does she play football ?,का उ फुटबाल खेलल पसंद करत हई ?
You do not drop this envelope in the letterbox.,तु ए लिफाफा के पत्र पेटी में ना डलला।
It will help your cold.,येसे सर्दी में मदद मिली।
Is that any better?,का ई कुछ बेहतर बा?
"Oh no , you are from the groom ` s side , you are our guest.",अरे नही – नही तु त लईका वाला हव मेहमान हवअ हमार ।
How many cobblers are not mending the shoes?,केतना मोची जूता के मरम्मत ना कर रहल हऊवन ।
"I just couldn't let it go, Bull.","हम सिरिफ ई, बुल जाये ना दे सकत हव।"
"Try not to be late tomorrow, huh?",हुह देर कल होवे की कोसिस ना की?
Is it wrong for me to touch you?,का तोहके छुअल हमरे खातिन गलत हव?
"I've to tell you many things, Indu.","हमके तोहसे काफी बात कहेके हव, इन्दू।"
"I made dinner, which was chicken fajitas, when Paul went to the gym.","हम खाना बनइलीं, जवन कि चिकन फजीता रहऽल जब पॉल जिम गइऽल।"
Did you see anybody there ?,का तु यहां केहू के देखले हउअ ?
Girls have to come here.,लड़की सब इहां अयिहन।
Then he'll have to walk.,फिनू ओके पदल चलय होई
I'm afraid you're a little too late with this one.,हम आप एक छोट से बहुत देर से ई एके के संग कर रहल हव डर लग रहल हव।
We shall hear his voice no more.,केहु औउर नाही हमहने के ओकरी आवाज के सुने के होई।
You had been repairing the car.,तु करवा के मरम्त कइ चुकल रहल हऽ ।
"Isn't she lovely, John? I told you she was a looker.",ई ओकरे खातिन मुश्किल हव कहय के संहे अपने परिधान पहने
Please stop this nonsense and give answers to my questions.,बकवाद बंद करा और जवन पूछत हईं ओकर जवाब द।
How many animals live there?,उहाँ केतना जानवर रहेलन?
Damn!,"ओह, लानत हव।"
You look very tired.,तु बहुत थकल लगत हवा।
Who are you phoning ?,तोहके के फोन करत रहत हउए ?
Which country was India’s largest trading partner in 2004-05?,कवन देश भारत के सबसे बड़ा व्यापार मित्र (साझेदार) रहे 2004-05 में ?
We have to go home.,हमहन के घरे जायेके बा ।
You will hurt yourselves.,तु खुद कष्ट देब।
"Look, it's Captain Olsen!",देखा के वट आलसेन।
You think they should just give up?,शायद हम छोड़ देवल चाही
Did they have any useful advice?,का ऊ लोग की लगे कवनो उपयोगी सलाह हवे?
How did you decide that you will marry her?,कैसे सोच लेहल की तु ओकरा संघे शादी करवअ ।
The job is well paid.,नौकरी अच्छा पैसा वाला हौ ।
There is someone at the door.,केवाड़ी के लग्गे कोई खड़ा हव।
"The pirate captain lost her treasure map, but she still found the buried treasure.",समुद्री डाकू क सरदार अपने खजाना क मानचित्र खो देहलस लेकिन तबौ उ गड़ल खजाना पा गइल।
Prepare to roll out.,लाईन लगावा।
I have found the pen which I had lost.,हमके उ पेन मिल गइल जवन हेराइल रहऽल।
Give me some food to eat.,हमके खाए के लिए कुछ दे द।
This is his hobby.,ई उनकर पसंद के कम हवे।
"I knew he was there, for I had seen him come.",हम जानत हई कि उ उहां हऽ उ जब आइल रहल तब देखले रहली।
Ram couldn't laugh and Ravi was beaten by him.,राम हंस नाई सकऽल और रवि क उ पिटाई कइले रहल।
"Listen, I, uh--","सुना, हम उह।"
Did they work hard?,का ऊ लोग कठिन काम करे ला?
A husbandman had sown some corn in his fields.,एगो पति आदमी अपनी खेत में कुछ मक्का बोवले बानअ।
All the three decided that Chanesar's minister Jakhro should be approached in this matter.,तीनों मिलि के तय कइलें कि ए मामला में चनेसर क मंत्री जखरो से मिलल जाई।
Please give one small size.,एक नंबर छोट द।
There's your goddamn score!,इ रहल तोहार इसकोर!(परापति)
We are bored sitting here.,हमहन क यहवां बैठल-बैठल बोर हो गईल हई जा ।
I will give him money.,हम ओके पइसा देब।
Give two and half kg sugar.,ढाई किलो चीनी दीं ।
Did she write poems?,का ऊ कविता लिखेली?
"Leave her alone, Durga","ओके छोड़ दा, दुरुगा।"
You will come first only.,खाली तोही पहिला अइबा?
Do you keep picture postcard ?,का तु पोस्टकार्ड फोटो रखले बाडअ ?
It is not true that the study of science tends to atheism.,ई बात सच ना हवे की विज्ञान के पढाई नश्तिकता के तरफ ले जाले।
I have visited Sindhunagar.,हम सिंधू नगर घूमले हईं।
I will talk to my son respecting his conduct.,अपने लइका से हम ओकरे व्यवहार के बारे में बात करब।
Never mind four-stranded plaits,चार गाँछ वाली चोटी कखयाल छोड़ दा।
He blasphemed.,ऊ बेअरथ में भगवान क नाँव लिहलअ।
Are you sure it's him?,का तोहें एकीन हव की ऊहअ हव?
Yeah.,29? - हाँ
Who do you wonder which present will give ?,तोहके कवन उपहार देहल पे ख़ुशी होई?
It's time to wake up.,इ उठे के समय हवे।
Her name is Tamayan,ओकर नाँव ‘तमयन’ हव।
The whole affair became terribly complicated.,पूरा मामला टेढ़ा हो गइल हऽ।
We speak.,हम बोलत हई ।
"Yeah, it is.","हँ, हव त"
Ram goes to school daily.,राम रोज स्कूल जाऽल।
The teacher is not going to check our homework.,गुरु जी हमन क घरे क काम नाई देखे जात हवें।
They are listening for this to cry.,ऊ रोवअ खातिर एक बात के खातिर सुनत हवॅ।
Enough of us stroking each other.,हम एक दुसरे के भरपूर रस्ता पाइके।
I wrote letters.,हम चिट्ठी लिखलीं।
I was thoroughly ashamed of myself.,हमके अपने आप बहुत शर्म आवा ल।
"So, I'm coming with you.",ठीक हव तू सही हवा?
"'You have already rewarded me,' said the nightingale.","आप हमें पहिले से पुरस्कृत कइ चुकल हवा, बुलबुल ने कहलय"
Ann is growing older but unfortunately not wiser.,एन् बड़ा होत जात हऽ लेकिन दुर्भाग्य से बुद्धि से नाही ।
Ram will eat an apple.,राम सेब खाई।
Where have you advertised your products?,तु आपन उत्पाद कहवा परचार कइल हउअ ?
The teacher punished the boy for disobedience.,कहल नाई करे वाले लइका के गुरुजी सजा दे देहलें।
You might have switched off the lights before leaving.,तु छोडले से पहिले बिजलिया बुझवले होइब ।
That's what I want-- to be free.,हम येही क इंतजार कर रहल हई एक अजाद आदमी।
Good man.,अच्छा आदमी।
It flooded after the rain...,बरखा के बाद बाढ़ आइल।
The scheme has fallen through for want of support.,सगयोग के कमी के वजह से योजना फेल होत बा।
They have gone to a land whither few travellers go.,उ सब उहाँ गईन जहाँ बहुत कम यात्री गईल हवें ।
Dick!,डिक!
Hurdle?,रोड़ा?
[Starter Motor],(स्टार्टर मोटार) विराम।
That's a good question.,उ बहुत अच्छा सवाल हऽ ।
It's your fate to go there and see what you can see with eyes unclouded by hate.,उ यात्रा और मेघशुन्य आंख से देखिहा।
"It's raining, isn't it ?",बरखा होत बा नाई होत बा।
"First, I need to concentrate. They were-- They were Isaiah, Daniel--","खैर, सबसे पहिले हमें सुनिस्चित करय के हव उ सब हमरे पास हव।"
Ram was singing.,राम गावत रहऽल।
"One must also pray, fool.",परार्थना करा मूरख।
I've always liked that one.,हमके ई हमेसा से पसन्न हव ।
They came to room.,ऊ लोग कमरे में आईली।
Manish's friend's letter had come from Jaipur.,मनीष क दोस्त क खत जयपुर से आइल रह ल।
"The opposite is true: they didn't know, so they did buy.","उल्टा सही बा, ऊ लोग के मालुम नईखे, एहिसे ऊ लोग खरीदी।"
This infuriated Palino immediately sacked him and Maruee was betrothed to khetsen.,पेलिनो क क्रोधी ब्यबहार से उ निकार उठल और मैरूई के खेटसेन भेज देहल हऽ
I am sick of the whole business.,पूरा कारोबार हमार कमज़ोरी हऽ।
We watched Sindhi play yesterday night.,कल हमनि एगो सिन्धी नाटक देख्लीं ।
The sari cost me five thousand rupees.,ई साड़ी हमके पांच हजार के पडल।
When would you like to meet with Seema?,तु सीमा के साथे मिलल कब पसन्द करब ?
The boys jumped over the wall.,लइके दीवरवा कूद गइने ।
"Before I can help you, I must know all the facts.","एसे पहिले कि हम तोहर सहायता करीं, तोहके सब कारण मालूम होखे के चाही।"
I saw a dancing girl.,हम एक लइकी के नाचत देखलीं।
Hey!,हे
Please show receipt.,रसीद देखा व।
All orders will be executed promptly.,सब आदेश क सही से पालन होई।
Did you get a haircut?,का तूमने बाल कटवला हव?
"Abdul, quite pale with fright, rushed into the room.","अब्दुल, डर से पीला पडकर, कमरा में भाग गयिलस ।"
Amit is a good boy.,अमित अच्छा लईका हऽ।
[Coughing] Where'd you rent it?,आप येके किराये कहवाँ [खासी] ?
Why are you asking ?,तु काहे पुछत रहल हउअ ?
Is that enough?,एतना ठीक हव ना?
How many students are making a noise?,केतना छात्र शोर मचा रहल हऊवन ।
"Sir, I wish to protest what you did to my son.",परसिद्दू सूरी...हम कहल चाहत हईं ही
I do not agree with you at all.,हम तोहसे कतई नाई सहमत हई।
Does she deliver this on Sunday ?,का उ अतवार के एहके पहुचावट हउअ ?
Mio reads a book or she listens to the radio.,मियो किताब पढ़त या उ रेडियो सुनतिया।
"I cannot come in between this love, it was never mine.",हम ये प्यार के बीचे में कइसे आ सकीला इ त कवो हमार रहें नाहीं ।
It is a strange thing.,ई त तानि अलग हऽ।
Can you weep for 2 hours?,का तु दु घन्टा खरतीन रो सकलअ ?
Who is the real man?,के सच्चा मर्द हव?
There is no doubt about the earth is round.,ये में कवनो संदेह नईखे कि पृथ्वी गोल हवे।
Please...,किरिपया!
"You have all the time, eat well.",अराम से खा।
"There were some good programmes on the radio, none of which I listened to.","कुछ बढ़िया प्रोग्राम रेडियो पर रहल, ऐसे में से कई हम नाई सुनले हईं।"
Well done!,बेलडन!
Do it before you forget.,भुलाए से पहिले एक करा।
Will you never grow up?,डरा मत।
Does he live on the roof?,का ऊ छत पे रहे लन?
The boys went into the garden.,लईके बगईचा मे खेलत रहने।
I have stomachache.,हमार पेट पिरात हऽ।
Will he write a letter?,का ऊ एगो चिट्ठी लिखिहें?
Here is a book.,एईजा एगो किताब ह ।
I will not answer the question.,हम इ सवाल के जवाब नाई देऽब।
"Maybe a pork roast, Pelle. Pork roast with raisins.",सायद हमें भुना पोर्क मिल जाई किसमिस के संग पेले।
Woo hoo! That's me!,कि हमके हव।
You can not leave these people as they are.,यूही इन्हें छोड़ नाही सकीत।
I did not know when the monsoon failed.,हम नाई जानऽत हई जब मानसून बेकार भइल।
"Bahu!It has been long Rajesh has left , is there any news from him about his arrival?",बहू राजेश के गइला काफी दिन हो गईल कुछ अइले वइले क खवर-वबर वा ।
What a fine day!,केतना अच्छा दिन ह ।
Weigh ... always on our house.,हमरे घरे पे...हमेसा हाबी रहीं।
Will she call you?,का उ तोहके बोलईहे ।
They were walking with us.,ऊ लोग हमनी के साथे टहलत रहे।
Did you go to school today?,का तु आजू स्कुले गइल रहल हउए ?
I had to go.,हमके जाएऽक होई।
"Come, I'll introduce you to my colleagues.",आयीं हम अपन साथी लोग से रउआ के परिचय करा दे तानि ।
"And what did Santa bring you, little boy?","अउर सान्ता, छोट लइका तू का ले अइला?"
Four bullets per victim.,चार-गोलियन एक सिकार।
It definitely won't make my list of top ten favorite evenings.,हम रात के शीर्ष 10 की सूची मेना हई
There isn't much we can do now.,अब कुछ ना हव करय के
Two suits for dry-clean and a bag of whatnot.,"दुइ सूट धोवावअ खातिन अउर जो-सो क एगो बेग, हँ, महोदय।"
I teach political science.,हम राजनीति विज्ञान पढ़ाईऽल।
Rajesh is ill.,राजेश बीमार हऽ।
Hello boss... you can sit here.,हैलो बॉस....तू इहवाँ बइठ सकत हवा।
Anil had his breakfast late.,अनिल देर से अपन नास्ता कयिलस ।
Kounru also slept with him.,कौनरु भी ओकरा साथ सुतुवे ।
Let's take it from the side.,उह ओर से ले चलऽ।
We are writing.,हमहन क लिखत हई जा ।
"So, whaddaya wanna do today?","तो का तू आज कयल चाहत हव? वोजीटाइट मोटर साइकिल, बढ़ावल पार्टी रहत हव"
Do not indulge in strong language.,बहस मत करा।
I always go to Mumbai at Christmas.,हम हमेशा क्रिसमस पर मुंबई जाइऽल।
What?,भाग...।
Boys came.,लइके अइने।
"If I did move in with Mrs. Olsen, you'd move there too. You'd come with me.",जदि हम मैडम के आलसेन के यहां रही त तू भीअइबा न?
He is every inch a gentleman.,उ हर इंच सज्जन आदमी हवन।
We're starting to get the feeling your office is dragging out this case... to embarrass the alderman because of his fire department cutbacks.,हम पाने के खातिन सुरू करत हई अपने कार्यालय इ मामले ये बाहर खीच रहल हईं लग रहल हव...काहे की ओकर आग विभाग कटौती के एल्डरमैन के नीचा दिखावे कऽ खातिन।
I don't remember who said what ?,हमके नाई याद हऽ के काव कहलस।
Does he hear the news on the radio?,का उ रेडियो पे समाचार सुनले हाउए ?
From where were you returning ?,तु कहवा से वापस आवत रहल हऽ ?
Their feathers are just too bright.,कुछ चिरई बानहल ना जा सकें न।
We would have sacked him months ago.,हमहन क ओके एक् महिना पहिलवे निकाल देले रहती जा ।
"I mean, seriously how often do you really look at a man's shoes?",केतनी बार केहु केहु क जुता देखत हऽ।
People perform 'Chheja' with ecstasy.,बड़ा मजा से लोग छेजा देखावे ल।
"My uncle, who was born in Hong Kong, lived most of his life overseas.",हमार चाचा जवन हांगकांग में पैदा भइ ल आपन पूरा ज़िंदगी विदेशे में गुज़ार देह ल।
Rohit’s scream resounded in the room.,रोहित क कमरा में डर के मारे चीख निकर गइल।
There are many places to visit.,उहाँ घुमे वाला बहुत जगह बा।
Too much tea is not good for us.,ढेर चाय हमन खातिर ठीक नाई हऽ।
We would have enjoyed very much.,हमहन क बहुते मजा आईल हॊई।
I wish I were a millionaire.,हमार इच्छा ह कि हम एगो करोड़पति रहती ।
Give mother the fish,माँ के मछली दे दा
Move in!,ऊपर ले जा!
How many bites will you eat?,तु केतना काट खइब ?
"Though the property is ours, I'm not able to do anything.","हालांकि ई जयजाद आपन हव, फिनो हम कुछ ना कइ सकित।"
We wrote on the blackboard.,हमहन क स्यामपट पर लिखली जा ।
What is your favourite instruement ?,तोहार प्रिय बाजा का हउए ?
Who is in the class ?,वर्ग में के हऽ ?
the thirty-three hair that adorn her lower abdomen,तैंतीस बाल जवन ओकरे पेटे के निचला हींसा के सजावत हव।
"Established by engineers from prestigious institute, I.I.T.Delhi.",मशहूर संस्थान आईआईटी दिल्ली क इंजीनियर लोग स्थापित कइले रहल।
Where does one find trained employees these days?,आज के समय में कहां से कुशल कर्मचारी मिलिहें?
With what intention?,कवने इरादा से?
And you can thank God.,अउर तू भगवान क सुकिरिआ अदा करा।
"""l doubt they'll kick up any fuss, not for an old crook like me.",हमके संका हव की ऊ कवनो हाय तोबा मचइहँ हमरे जइसन पुरान बदमास खातिन नाहीं।
"I've had to face death... and loss and pain, in your world.",हम दुनिया में रहल तुहरे चेहरा संघ दर्द अउर मृत्यु में हानि
There is a cow in the field.,खेत में गाय हऽ।
Oscar bites his Banana and Bert does too.,ओस्कर आपन केला खात हऽ आ बर्टो भी ।
"A good student works steadily, not by fits and starts.","एगो अच्छा छात्र बहुत तेजी से काम करेला, ऊ फिट अउरी बेफिट के ना देखेला।"
"I think we can manage that too, Doc.",हमके लागत हव हम ऊहो परबन्ह कह सकत हईं डॉक।
I am not going to China.,हम चीन नाई जात हईं।
AM/FM radio.,ए एम् एफ एम् रेडिओ ।
Had you not been working?,का तु काम नाइ कइ चुकल बाडअ ?
Sometimes they would also play tennis.,कबो उ लोग के भी तेनिस खेले के चाही ।
Does he show you a picture ?,का ऊ तोहके एगो तस्वीर दिखवलन?
The country suffers for want of skilled labour.,देश में कुशल मजदूरन क समस्या हऽ।
What are you talking about?,तू का बात करत हवा?
Leela did not believe her.,लीला के ओकरे पर भरोसा नाई हऽ।
Where is Tatsuhei?,तातसुहेई कहवाँ हव?
"If you had mentioned it before, I could understand.",अगर पहिले कही होत त हम समझ सकत रहित।
I had lost the pen.,हमार पेन हेरा गइऽल।
Food is ready.,खाना तैयार हऽ।
Both Ram and Kali were present there.,राम और काली दूनों उहां मौजूद रहऽल।
A lion was proud of his strength.,"""एगो शेर के अपने ताकत पर घमंड रहे।"""
Shakespeare is better than any other English poet.,शेक्सपियर दूसरे कवनों अंगरेज कवि से बढि़या हवें।
All other girls except Vimla arrived there.,विमला के छोड़ कुल लइकी पहुंच गइलीं।
I'm a pretty good shot.,हमके एक बहुत अच्छा शॉट हईं।
She will always be the enemy.,ऊ हमेसा दुस्मन हो जाई। हम
We thought him a rascal.,हमहन क ओके एगो गुन्डा सोचत रहली जा।
I was embarrassed by your behaviour.,हम तोहरे व्यवहार से झेंप गइली।
"The Professor has now gone on Pilgrimage to Ramtekri with his family, we can meet him as he comes back home.",ए समय प्रो० सा० अपनि परिवार के संघेतीर्थ खाता पर रामटेकडी गईल हवे और जैसे ही घरे अई हें चल चलत जाई ।
"Hey, do I know you?","अरे, हम आपके जानत हईं?"
How many different schools have you attended?,तु केतना अलग स्कुल मे भाग ले चुकल हउअ ?
Because today is-- today is-- today is your birthday.,चूंकि इ तुहार जन्मदिन हव हम तुहँ अपने संग आवे देवे।
I cannot say this.,हम अइसन नाई कहि सकीऽल।
Jeremiah!,"ईहियाह, डेनियल, इजेकिल अउर यिर्मयाह!"
Tommy was it.,ऊ टॉमी रहल।
Lie still.,शांति से सूता।
These days even pulses have become so expensive that common man cannot even eat pulses.,आजकाल त दाल भी एतना मेहेन्गा हो गयील बा कि आम आदमी न किन सके ला ।
I will do this work.,इ काम हम करऽब।
I am not a little tired.,हम तनिको नाई थकल हईं।
Ram loves to swim.,राम के तैरे से प्यार हऽ।
I went to the shop.,हम दुकान गइल रहलीं।
The kids all behaved well.,लइकन क व्यवहार बढ़िया रहऽल।
"Come back, Bruno!",वापस आवा बरूनो!
"And the day after tomorrow, it's tomorrow.","अउर परसों तू कह सकत हव कल,"
How did you break your leg?,तु आपन गोड कइसे तुर लेहल ?
"Alright , we ` ll definitely go.",अच्छा जरुर चलब
I want a Sindhi dictionary.,हमके सिंधी डिक्शनरी चाही।
Planning to buy it.,खरीदअ के सोचत हईं।
I wonder.,हमके अचरज हव।
How much do you think this dress is?,तोहके का लगला कि ई कपड़ा केतना क होई?
May I ask a question ?,का हम एगो सवाल पूछ सकेली?
"No change, sir.","छुट्टा ना हव, साहेब।"
We had been walking in the mountains.,हमहन क पहडे में घुम लेले रहली जा ।
I don't think that's true.,हमके ना लगत हव की ई सच हव।
Three years are left,तीन साल पीछे।
"You shit when we say you shit, and piss when we say you piss.","अब हम हगे के कहीं तू हगिहा, अउर जब हम मूते के कहीं तू मुतिहा।"
"Atta boy, Brian!","अ लइका, बरायन!"
I am writing a letter to home,हम घरे चिट्ठी लिखत हईं।
Can you reach on time?,का तु समय पर पहुच सकलअ ?
Now I will work only on reaching home.,अब हम केवल घर पहुंच गईला पर कम करब।
I haven't seen Tajmahal.,हम ताजमहल कभौ नाई देखले हईं।
"If I were an Alaskan, I would probably choose to live in Anchorage.",अलास्का के निवासि रहतिं त शायद अन्चोरेज के पास रहतिं ।
"Laurent found out about the things they could do, and they killed him. But not before he told me.","उ सिखलय सबवे कइ सकत हव अउर ओके मारत हव, लेकिन कहलय की उ ना हमरे सामने"
"You feel something else for me, you just won't admit it.",त हम ऊपर दे देवे
It's fine.,इ ठीक हव
Will he do ?,का ऊ करिहन?
Get lost.,जा इहवाँ से।
I didn't think she'd make it.,हमें ना लग रहल की उ एके सह पाइब
You go away.,तू अब जा।
Okay? - Whatever.,हमें लगत हव ठीक हव
How is your brother today?,आज तोहर भाई कयीसन ह् ?
You washed clothes.,तु कपड़ा धोवत हवा।
Is this less than that ?,का ई ओसे कम बा?
It ` s great Bahu! You have made Lalloo an Englishman by teaching him English.,"भाई वाह , बहू तु त लल्लू के अंग्रेजी सिखा के एकदम इग्लिशमैन बना दिहलू ।"
"Running at top speed, he got out of breath.",तेज दउड़त दउउड़त उ हाँफ लगल।
What do you want to read ?,तु पढे खरातिन का चाहत हउअ ?
You've got more than that!,तुहरे एसे जिआदे हव।
They teach Sindhi.,उ सब सिन्धी पढा़वत हवें ।
I want to sharpen my pencil.,हम आपन पेंसिल चोख करे चाहत हईं।
You must not sing.,तोहके गावल जरुरी नाई हउए ।
Was he very unhappy with his new car ?,का ऊ अपनी नई कार की साथे बहुते खुश बाने?
There is little danger in going there.,उहाँ गईला में तनिक खतरा बा।
We should certainly go there.,हमके निश्चय ही ऊहवां जाये के चाही।
Give me a kiss.,एगो चुम्मा दा न।
We heard her sing.,हमहन क ओके गावत सुनली जा।
"Listen to me. Victoria's just using you, to distract me.",विक्टोरिया अउर लाभ इ हव की हम ध्यान देत हव
There is a principal also.,इहां प्रधानाचार्य भी बाडन।
"970 girls for every 1,000 boys go to primary school in Andhra Pradesh.","आंध्र प्रदेश के प्राथमिक शाला में 1,००० लड़कन में लड़कियन के संख्या ९७० स्कूल जाली सभे ।"
Really.,सच्चो में।
And he's the one they pinned it on.,अउर एलजाम ओपर लगल।
The captive was bound to a tree.,कैदी पेड़ से बान्धल रहे ।
Will you have a good time?,का तोहरे लगे आच्छा समय बा ?
How many clients had come to your shop?,केतना ग्राहक तोहरा दोकान पर आईलन ।
The lady with the green hat is my sister.,हरे टोपी वाली हमार बहिन हऽ।
He moved out last April.,उ पिछला अपरयल में बहरे चल गयन
Can you speak loudly?,का तु कस के बोल सकल ?
You might as well stay for the night.,बेहतर होई की तू रात यहीं रहा।
This work is beyond his capacity.,ई काम उनकी औकात से बाहर हवे।
Let me lie here.,हमके इहां सूते द।
Was she writing a poem?,का उ कविता लिखत रहली ?
How long shall I sleep ?,केतना देर सूतब हम।
"Today morning, all the students and teachers gathered on the school ground.",आज सुबह सब शिष्य-शिक्षक लोग विद्यालय के मैदान में ईकट्ठा होलन रहे ।
Did you go to the game Friday night?,का तु शुक के राति के खेले गइल ?
I must know all the facts.,हमके हर जरूरी बात जानेऽक हऽ।
That beats me.,हम समझनी नाहीं।
"Whenever I'm in here and you hear me typing or whatever the fuck you hear me doing in here when I'm in here, that means I am working.",..जबअ हम इहवाँ हईं...अउर तू हमके टइपींङ करत सुना...चाहे कुछहू चाहे तू हमके इहवाँ करत सुना।
Which woman knows which book Mary bought ?,कवन औरत जानतिया कि मेरी किताब मेरी खरीदलस ।
The book seems betwixt and between—neither tall tale nor American history.,ई किताब में लागत बा कि न कवनो बहुते बाद कहानी होई अउरी ना त अमेरिका के इतिहास।
I am full of faults.,हम गल्तिन से भरल हईं।
The dog bit the horse.,कुत्ता घोड़ा के टुकड़ा कईलस ।
They came in a taxi.,उ सब टैक्सी में आईल हऽ ।
Sorry about the tap I gave ya.,छमा नल के बारे में हम आपके दे दिहले हईं।
Badshah!,बदसाह!
Will the patient have died before the Doctor arrives?,का डॉक्टर के पहुंचला से पहिले ही रोगी मर गईल रहे?
I suppose not.,हमके लगत ना हव। ओभर।
We won't be made fools for a third time.,हमहन के तीसरी बार मुरखन में ना करीयन स ।
Am I not working?,का हम काम नईखीं करत?
This is a machine which is used for sewing.,ई एगो मशीन हवे जेकर उपयोग सिलाई करे में होला।
I want to see Gandhidhaam.,हमार गांधी धाम देखे क मन रहल।
"There is no compulsion, still, I will have to arrange for a feast on the occasion of Diwali.",कवनो जरुरी ना ह फिर भी हम दिवाली के अवसर पर दावत के व्यवस्था करव ।
"Emerging victoriously with Anna Rodriquez, a seamstress for the North Shore Clothing Company.""","अन्ना, राडरिकवेज संहे जीतल उभरत नारथ शोर कलोदिंग कम्पिनी खातिन एगो महिला दरजी’।"
I set off for the village.,हम गांव के लिए निकल पड़लीं।
"That's right, sir.","ई ठीक हव, साहेब।"
They have only three ways to spend the taxpayers' money for prisons:,जेलन खातिन खाली तीन तरीका से करदेवइअन क गाढ़ी कमाई खरच होति हव।
How many people came to the meeting?,केतना आदमी बैठक में आईल रहन ।
Loyalty.,वफादारी।
"You know , he cannot do anything without me.",तु जानत हव कि उ हमरी विना कुछ ना कर सकेले ।
What's the use?,कैसे बोलीं?
Nothing is too wrong.,कुछहू गलत हव।
In it there were some beautiful rose-trees.,एकरी अंदर में कुछ गुलाब के सुंदर पेड़ बा।
"Anything you want, It's yours. Do you promise?",आप जवन भी इच्छा तुहार हव
You're in great danger if you stay here.,इहवाँ रुकले में बहुत खतरा हव।
"There are lakhs of girls in the city, I have not undertaken the pact for all of them.","ये शहर मे लाख लइकी हई स, सबकअ ठेका ना ले रखले हई हम ।"
"Now, hold your eyes still so I can see.",डँगडर : अब आपन आँखि थिरे रक्खा ताकी हम देखि सकीं।
You come home.,तू घरे आइ जा।
A page with no writing on it.,एगो पन्ना जेपर कुछु ना लिखल रहे।
"Wherever a flower blooms, I'm there...","जहवाँ कहीं एक फूलफुलात हव, हम ओहीं हईं..."
Sounds good to us.,सही कहला।
High-rise gigs give me the creeps.,अधिक बढ़ल गिग्स हमके बेमार कइ देई।
Does she spoil your work?,का उ तोहार काम बिगाड़ देहली ?
Matsu is pregnant.,मात्सु गर्भवती हव।
"I, fortunate sister of my brothers",हम अपने भइया क बहिन भगसाली ।
In 'palau' we wish for happiness and well being of everyone.,पलाऊ में सब् लोगवन खातिर खुशी के कामना कईअल जावत ।
By a careful analysis of these substances you will see that they differ in essence.,ई पदार्थ सब के सावधानी से निरिक्षण कईला के बाद आप देखम की ई सार में अलग अलग बाने।
A girl ate an apple.,एगो लइकी एगो सेब खइले।
"The police dragged that river for three days, and nary a gun was found so no comparison could be made between your gun and the bullets taken from the bloodstained corpses of the victims.","पोलिस तीन दिन नदी छनलअ अउर कवनो बन्नूख ना मिल, त मिलावल ना जा सकल तोहरे बन्नूख अउर पीडि़त के खून सनल लास से मिल गोलियन के बिच्चे।"
I have got hardly any money.,हमके बड़ा मुश्किल से पइसा मिलऽल।
I'll have to call him back.,हमके ओके वापस बोलाव के परी।
"I had scarcely taken orders a year, before I began to think seriously of matrimony.",इ आदेश शायद हम एक साल पहले ले लेहले रहलीं उ शादी के बारे में गंभीरता से सोचले बिना।
The dog howled although he was well fed.,कुत्ता भोंकुवे जबकि उ बहुत दु:खी रहे ।
It's just wonderful.,अदभूत हव!
We are desirous that you should succeed.,हमनि चाह तानि कि तू सफल होहीह ।
We are studying German these days.,हमहन क ये समय जर्मनी में पढत हई जा।
We'll have a home and a woman to take care of us.,हमार एक मकान अउर घर होई अउर एक खूबहूरत माँ भी।
"Okay, marriage is the condition for you, to change me yourself, right?","जरूरत हव एक शादी खातिन आप प्रोमजेनिस हवा, ना हव"
You can sit next to Elias then.,तब तू एलियास के बगल में बइठ सकत हवा
I am around twenty minutes late.,हम तकरीबन 20 मिनट लेट होऽब।
All right.,ठीक हव.
Leela repented her foolish action.,लीला के ओकर बेवकूफी क हरकत पीछे कई देहलस।
Please bring chicken soup for me.,हमरे खातिर चिकन सूप ला व।
Stealing eggs.,अंडा चोरी।
Some girls of the class are clever than Naomi.,वर्ग क कुछ लईकी नाउमी से तेज हई ।
I'd have told you the news sooner if I'd seen you.,हम खबर बता देतीं तोहरा के अगर तोहनी के देखले रहतिं ।
Will you not do it?,का तु इहके नाइ कइ लेब ?
I don't catch your meaning.,हम तोहार मतलब नाई समझ पइलीं।
I played hockey.,हम हॉकी खेलली।
Will they not have told fine stories?,का ऊ लोग से अच्छा कहानी न कहल गईल?
I could listen your Sindhi.,हम तोहार सिंधी सुन सकीं ल।
Thought you'd like to know.,सोचला तू जानल चहबा।
Hello!,हल्लो!
I want to know the reason.,हम कारण जाने चाहत हईं।
What do you care?,तोहके का परवाह?
My sister stays in Kanpur and she teaches over there.,हमार बहिन कानपुर रहेले और वहीं पढ़ावति अ।
No thanks.,"ना, धन्यवाद"
How old is this temple ?,ई मंदिर केतना पुराना हवे?
I wanted it to be a surprise.,एगो तोफा।
"What's your favorite food, then?",त तुहार पसन्न वाला भोजन का हव?
The author is entitled to his remuneration.,लेखक अपने पारिश्रमिक खातिर हकदार हऽ।
And she was very much wanted to meet him.,आ उ ओसे बहुत मिलल चाहत हिय।
There's gotta be at least 500 other smoke eaters here... that do that shit for real every day.,होई इहवाँ कमो से कम 500 दूसर धुआँ क खायल होत हव...कि हर दिने असली खातिन हव कि गन्दगी करत हवँ।
Have you seen any good plays?,का कवनो अच्छा नाटक देखला?
Your clothes are dirty.,तोहार कपड़ा गंदा हव।
I certainly can.,हम निचितअ कइ सकत हईं।
Elephant is the largest of all animals.,हाथी सब जानवरन से बड़हन जानवर हवे।
How did Anjana come to know about an exhibition ?,अञ्जना के प्रदर्शनी के बारे में कयिसे पता चलल ।
What kind of dress do you wear on festivals ?,तु कवने तरह के पोसाक त्योहार पर पहिनब ।
I listened to the commentary for a few minutes on the radio.,हम रेडियो पर थोड़ी देर खातिर कमेंट्री सुनलीं।
"Gunja! I had full confidence that when you will listen to my helplessness , you will understand it and forgive me.",गुंजा हमके एतना भरोसा रहे कि तु हमार मजबुरी सुनबु त हमके समझवु और माफ करबु ।
I do not like his lectures and so I don't attend them.,हम ओकर लेक्चर नाई पसंद हऽ ऐसे हम नाई जाइऽल।
You shouldn't be doing this to yourself.,"हमके लगत हव तू कुछ जिआदेबं करत हवा, एंडी।"
They wanted an assistance in the box office.,टिकट घर पर उ लोग सहायता चाहत रहे ।
"With great difficulty I have rescued myself, come on eat.",बड़ा मुस्किल से जान छोड़ा के आईल बानी इ ल खाना खा लअ ।
Do you know ?,तु जानत हउअ ?
I suspect he has an axe to grind.,हमके शक हऽ कि ओके लगे काटे खातिर कुल्हाड़ी होई।
Rahul is your best friend right?,राहुल तोहार सबसे अच्छा दोस्त बा ना ।
I will see that if he gives things in a reasonable price.,अगर उ सही दाम में चीज़ देई त हम देखऽब।
Okay.,ठीक हव?
You know the drill.,तुँहे डिरल पता हव।
I waited till his arrival.,हम ओकरे पहुंचले तक इंतजार कइलीं।
It's lovely; your husband will enjoy your cooking,"केतनी पिआरा हव, तोहार मरद बहुत खुस होई तो हरे, खइले से।"
I have seen as many as 80 species of birds.,हम बहुत मने 80 जाति चिड़ियन के देखले हईं।
I wanted a car.,हमके कार चाही।
You also come.,तु भी आवा।
We'll stay here.,हम इहवाँ रहब।
Can you teach me?,का तु हमके पढा सकलअ ?
That's what the man said.,ईहअ ऊ कहले रहलँ।
You are very hardworking.,तु बहुर मेहन्ती हउअ।
I'll have the bicycle.,हमरे पास सइकिल होई।
"They get under your car, you don't even know it.",ई तुहरे कार के नीचे आई जात हव अउर तुहके पतो ना चलत हव
Blessed soul of your mother!,तोहरे माई क धनि अतमा!
I have this document.,हम लगे इ कागज़ बा।
Pelle?,पेले।
Treat me as a friend.,हमके आपन दोस्त बूझा।
I will be ready by quarter to six.,हम तीन से छह महीना में तैयार हो जाब।
"Oh, give it a rest, Leah.",हमें
"Now, this is the storeroom.","अब, ई भंडारघर हव।"
Mumbai is bigger city than Poona.,मुंबई पूना से बडहन शहर हऽ।
"I'll pay you 100 krone a year, including the boy--your son.",तुहके 100 रूपये/वर्ष किराया देइवा।
How was I supposed to know?,अरे भला हम कइसे जानित?
Charge it!,इ आरोप!
I'm sure you would have investigated.,एकीनन तू खुदअ जाँच कइले होबा ।
Remember I had once said that I have never been serious till now.,याद वा हम कहले रहीं कि मो आज तक ले गम्भीर ना भईली ।
It is nothing else but pride.,ई गर्व के अनुभूति के सिवाए कुछहूँ नईखे।
"Look, how happy she is!","देखीं, ऊ केतना खुस्स हईं।"
You can have my boots too.,अउर तू हमार जुता भी ले सकत हव।
Is he a fireman?,ऊ एगो फयरमैन हवँ?
Which company are you from?,कवने कमपिनी से तू आयल हवा?
A king may be looked at by cat.,बिलार राजा के देखलस।
I would never feed my dog commercial dog food.,हम अपने कुक्कुर के कभौ बाज़ारी खाना नाई देइऽल।
Have you ever eaten those pies?,का तु ओ समोसवा के खइले रहलह ?
"Come out, Kongstrup!","बहरे आवा, काँगस्टरप।"
"I assure you, we're just trying to ensure your safety.",हम विश्वास दिलावात हईं कि हम तोहार सुरक्षा क बंदोबस्त करत हईं।
This is bound to be a night you will never forget.,ई आपके कबों ना भूलि जाई एक रात होखल सोभाविक हव।
Eat it all.,खाइला खाइला।
I wanted to stay for three-four months or so but its my daughter ` s in laws ` s place.,हमार मन त रहे कि चार पाच महीना रही के जाईतंअ लेकिन लईकी क ससुराल बा
The road is under repair.,सड़क क मरम्मत होऽत।
What do you think?,तूँ का सोचत हवा?
Did you know that he has resigned ?,का तु जानत हउअ कि उ इस्तीफा दे चुकल हउअ ?
it's good...,ई अच्छा हव.....
Mahatma Gandhi has given the slogan of non violence is the greatest religion.,महात्मा गांधी क दिहल अहिंसा क नारा सबसे बड़ा धर्म बा।
I got one!,हम एक मिल गया!
The match is to begin at 11 pm.,मैच 11 बजे रात के शुरु भइल।
That's fine.,"ठीक हव, ई ठीक हव।"
"""Pelle Karlsson is the young cuckoo in Mrs. Olsen's nest. "" - Isn't she married to a sailor?",मैडम आलसेन के घोसले में पेले । नन्हा कोयल हव।
I fly overseas twice a month.,हम महीने में दूई बार विदेश जाइऽल।
This attracted attention of all including of Moulvi.,मौलवी के छोड़ के ऊ सबकर ध्यान खिंच लेले रहली।
May I come in ?,हम अंदर आ सकें लीं का?
The boy was brilliant.,लइका बुधिमान रहल ।
No? Huh.,नाहीं?
"Because you called me, I am here.",हम यहवा हइ काहे की तु हमके बोलवल ।
One day a severe storm raged.,एक दिन एगो बहुत भयानक तूफ़ान आ गईल।
Which are the famous fairs of Sindhi who live in the corners of India ?,भारत क कोने कोने में लगे वाला प्रसिद्ध सिंधी मेला।
Don't you interfere with our personal life.,आप हमारे निजी जीवन में दखल मत करा
Kolkata is a large city.,कोलकाता बड़ा शहर हऽ ।
I have finished my work.,हम आपन काम कई चुकल हईं।
"Sheela, what is the pecularity of our country ?",शीला अपने देश के खासियत का हे।
#Got to ride alone#,अकेलअ सवार करअ खातिन मिल गयल #
Does he want to eat unripe mangoes?,का ऊ कच्चा आम खाए चाहत रहन?
That I would hurt you?,कि हम तुहके मारब?
How's that?,कइसन रही?
Which songs do you like best?,कवन गीत तोहके बढिया लागल ?
What is the best strategy I should adopt to survive?,सबसे बढ़िया उपाय का हऽ जवने।
Where's her folks?,ऊ लोग कहवाँ हवॅ?
"Though the waves are raging high, I'll row you o'er the ferry.","हालाँकि लहर सब बहुते तेज बा, हम आपके दूसरी जहाज से पहुंचा देब।"
That'll cost you.,अउर तोहके खरच आई।
Robinson Crusoe was puzzled when he discovered the print of a foot on the sand.,रॉबिनसन क्रूज़ो खीझ गइल रहल जब उ रेत पर पैरे क निशान खोजत रहऽल।
I must be watching a movie.,हम फिल्म देखत हईं।
When will you pay them back?,ओके कब वापस करबू?
Is there any substance to Rohit’s claim that he knows everything?,का रोहित के दावा में अईसन कवनो चीज बा जेकरा आधार पे ई मानल जा सकेला की उनके सब कुछ मालूम हवे?
"But she's in love with me, too.",लेकिन हमें प्यार करत हवा
"My mother, she is not feeling well.",हमरे माई क नीक नाई लगत त।
If you are diligent then you will succeed.,मेहनती हऽ त जरुरे सफल होहीह ।
"You're thick as thieves, you are.",चोर-चोर मउसियाउत भाई।
It is suggested that a ring road be built to relieve the congestion.,ई सुझाव देहल गईल बा की भीड़ कम करे खातिर एगो रिंग रोड बनावल जाई।
Is she sitting on a chair?,का उ एगो कुर्सी पर बईठ रहल हउए ?
"Come, I'll introduce you to my family.",आयीं हम अपन परिवार से रउआ के परिचय करा दे तानि ।
The peacock was dancing.,मोर नाचत रहल।
"No need of a week my lord, say yes and one day is enough.","एक हप्ता क कवनो जरूरत ना हव, साहेब, आप हाँ करीं, एकअ दिन काफी हव।"
What kind of bird is that ?,ई केह प्रकार के पक्षी हवे?
"Father , bring the sister here.It has been long , we have met her , we miss her a lot , please bring her here.","अइसे कइसे हो आई अरे तु का जानउ किसान के घरे पचास गो काम होला, अव उ अपनो"
These seats are set apart for ladies.,ई जगह सब महिला लोग खातिर लगावल गईल बा।
I think his soul is in hell.,हमरे ख्याल से ओकर आत्मा नरक में होई।
May I make a choice myself?,का हम अपने से अपन पसंद कर लीं?
A lot of hayfields up there.,"ठीक हव, लेकिन....उहवाँ बहुतअ खेत हवँ।"
I cannot run any faster.,ऐसे तेज हम नाई दौड़ सकील।
We do not move house.,हमहन क घरे ना जायेगें ।
Why is he away so long?,एतनी लम्मा समे से ऊ दूरे काहें हव?
That would result in gross injustice.,एसे बड़हन पैमाना पर अन्याय होई।
You closed the gate.,तु दरवाजा बन्द कइ द ।
Here is the watch that you asked for.,ई ऊ घड़ी हवे जेकरी बारे में तू पूछत रहलअ।
I sent a car but you were not there.,हम कार भेजले रहलीं पर तू नाई रहऽल।
Girls came.,लइकी आइल ।
This morning the boys studied Geography.,आज सुबह लिका लोग भूगोलशास्त्र पढलन ।
I'd only ask three beers apiece for each of my coworkers.,हम खाली तीन बीअर लेब हमरे हरेक संही कर करता खातिन।
"Women follow more healthful diets, and they go to doctors more often.",मेहररुए ढेर सेहतमंद खा लीं और अक्सर डॉक्टर के यहां जा लीं।
While I still want you this way.,जबकी तू अब भी इ कयल चाहत हईं
Your father succeeded well.,तोहार बाऊ बढ़िया से सफल भइलन।
Do you think I was born yesterday ?,का तु जानत हउअ हम कलिहा जनमनी।
Which is your native town ?,तोहार गाँव कहाँ हव?
Maybe he showed me something.,सायद ऊ हमके कुछ पता देखवले होई।
I dreamt I was in love again.,हम सपना देखलीं कि हमके फिर से प्यार हो गइल।
Is the teacher going to check our homework?,का ध्यापक हमनी के गृह कार्य जांचे जात बानअ का?
The girls can't find their cows when you move them around.,"लइकी को आपन गाय नाही मिलत हव, अगर तू ओके चारों ओर घुमावा।"
Oxygenated blood is pumped out.,ओक्सिजन वाला खून बाहर आईल ।
On the condition that he would not set his eyes on Moomal ever again.,ये स्थिति में ऊ उनकर आँख मोमल के ऊपर ना देखिहन।
"We're the only clan even close to Seattle. Regardless, of who are they were may, if we don't put a stop to them, the Volturi will.","अगर केहू को रोक ना करत हव, बोलचुरी चाहत हव"
Roll out!,लाईन में चला।
It is raining.,बरखा हो त।
I'll be there in a minute.,हम एक मिनिट में हो जाई।
"Some contraband here, but nothing to get in a twist over.","कुछ मन्नाही चीजन हईं इहवाँ, लेकिन अइसन कुछ ना जवन फेर में डारअ।"
You must have been kept outside the society by the law for the benefit of the society.,कानुन ने समाज की फायदा खातिर तोहके समाज से बहरे रहे के काविल समझले बा ।
"In Hyderabad I visited Charminar, Golkonda Fort and Birla Mandir.","हैदराबाद में हम चारमीनार, गोलकुंडा किला और बिड़ला मंदिर घूमले हईं।"
Suppose the children take it;,मान ला बच्चा एके लेत हव
The boy cut his hand with a knife.,लइका एगो चाकू से ।
My brother has an umbrella.,हमरे भाई के लगे छाता रहल।
And that palace was occupied by Kounru.,कोनरू द्वारा उ महल रखल गयल रहे ।
"That's why she died, because of me the way I am.","एही कारन ऊमरि गइल, हमरे वजेह से, येही तरे क हम हईं।"
These grapes are not sweet.,अंगूर मीठा ना रहले।
"As soon as you can, write and let me know how you are.",जइसे तु लिख सकल अउर हमके बताव तु कइसे जानत हउअ ।
Does she like apple ?,का उनके सेब पसंद हवे?
[Indistinct],(साफ ना)
I am frying pooris.,हम पूड़ी छानत हईं।
There are 100 different ways to skim off the top.,अउर कइगो तरीका हव मलाई उड़वलेई क।
"Ah, it's not working today, Pelle.","नाही हम इ आज नाही कर सकत हई, पेले।"
What does the poet wish for the children of the slums?,झोपरपट्टी के बच्चन बदे कवि का चाहत हौ?
Was he not a villain to do such a deed ?,का ऊ सही में गुंडा न हवन जे की ई सब काम कईले बा?
"I don't want anything else, thanks.","हमके और कुछू नाई चाही, धन्यवाद।"
"And you know, you can get anybody if you wish.",तु मालुम बा तु अगर चाहअ त तोहके कवनो लईका मिल सकेलअ
This is Rama's umbrella.,ई राम के छाता हवे।
I knew that our team was weak.,हमके पता हऽ कि हमन क टीम कमजोर रहऽल।
You will be late.,तोके देर होई।
He's going out to see the world.,पेले को अलविदा कहा काहें की उ बाहर बड़ी दुनिया में देखय जा रहल हव।
Did the children finish their homework?,का बच्चा सब आपन गृह कार्य पूरा कर लिहलन?
Come here,इहाँ आवा
You have not been repairing the car.,तु करवा के मरमत नाइ कइ चुकल रहल हऽ ।
"Don't worry, clown.",जोकर में चिन्ता मत करा।
If Mohan would not go to work then how the house would run.,अगर मोहन काम पे नाई जाइ तो घर कइसे चली।
Don't think you're the first.,तूँ पहिली बेर करत हवा लगत हव की नाहीं।
I shall not work.,हम काम नाई करब।
You can rest assured that's not going to happen with me.,तू असस्त रहा की ई हमरे संहे ना होखअ वाला हव ।
"What reply shall I give it , even after spending half my life the land is stranger to me and I am stranger to it .",अब मो एके का बताई आधा जिनगी वितले के बाद इ जमीन हमरी खातिर अनजान बा और हम एकरी खातिर ।
There were heavy rain clouds.,उहाँ बहुत भरी बादल घिरल रहने।
They will not feel good.,उ सब अच्छा महसूस न करत हवें ।
Does he rent this house?,का ऊ ई घर के किराये पे दिहन?
It's gonna go!,ई जाये वाला हव!
I usually spend a nice time with my family.,हम आमतौर पर परिवार के साथ बढ़िया समय बिताइऽल।
"This container is small, it will not take five kilograms of flour.","ई दब्बा छोटा हव, एम्मे पांच किलो आटा ना आटी।"
They are inventing a new gadget.,उ लोग नया वस्तु बनईहे ।
He hit me.,उ हमें मरलँ
"Along with the earthen pot, 'Bahirana' is also celebrated.",माटी के बर्तन के साथ बहिराना भी उत्सव मनावत ह ।
We will work.,हमनि काम करब ।
Fuck this place!,भाड़ में जाय ई जगह!
The street of some of our cities are noted for their crookedness.,हमहन की सशहर मे से कुछई सडक ओकरी खातिर प्रसिद्द हवे।
I am not the kind of man who sleeps with a married woman. No,हम एगो सादीसुदा मेहरारू संहे सोइत हऽ जवन अदमी जइसन ना हईं।
Anyone close to Indu should die.,इन्दू के कवनहूँ संही के मरेके होई।
I know it's not a modern notion. - It's not modern. It's ancient.,हमें पता हवा की इ आधुनिक प्राचीन ना हव
I wonder how John will fix it ?,हम जाने चाहत हईं कि जॉन ए के कइसे तय करी।
I knew a boy at school.,हम स्कूले में एक लइका के जानीऽल।
He was weary of failure.,ऊ विफलता से थक गईल हवन।
It's about that long.,ई बहुते लम्बा समय के बारे में हअ।
It is a very good advice.,इ एगो बहुते अच्छा सलाह बा।
"Yes, I am mad about you.","हाँ, हम तोहरे खातिन पागल हईं।"
Will you know your exam results?,का तु आपन इम्तहान के परिणाम जनब ?
Does she help him ?,का उ हमार मदत करत हई ?
I am quite at sea.,हम समुद्र पर हईं।
Hyderabad,हैदराबाद।
Ms Geeta is good,मिस गीता नीक हईं।
You're not the only one!,खाली तुहरहीं पास ना हव ।
"If I don't get something, no body will.",अगर हमके ना मिल त हम केहू अउरो के ना मिलअ देइब।
Don't boast too much.,ढेर घमंड नाई।
Will she recover by and by?,का उ वसूली करीहे ?
We will come with her.,हमहन क ओकरी साथे आ जायेके।
They will eat barfi.,उ सब बर्फ़ी खईहें ।
It was a sunset of great beauty.,बहुते सुन्दर दृश्य रहल सूरज के डूबला के। ।
One should learn a lesson from it.,लोग के खुद से ही सीखे के चाही।
"If he phones, what should I do?",अगर उ फ़ोन करीहें त हं का कहब?
They went out to play in evening.,उ लोग शाम में खेले बदे बाहर गईन ।
"Now, will you be a good girl and do as I tell you?","अब, का तू एगो अच्छा लड़की बनके उ सब कर सके लू जवन हम कहब?"
You have visited Bombay.,तु बम्बई देखले हवा।
Just checking to see if you're still human.,अगर आप अबहिनो जाँच करत हवँ बस देखिहा
It was believed that the earth was flat.,ई मानल जाला की पृथ्वी सपाट हवे।
The word of command will be given.,आदेश के अनुमति दिहल जाई।
"The Speaker urged the Committee to take drastic action, but they hung fire.","अध्यक्ष समिति से कठोर कार्रवाई के कहलस, लेकिन ओन्हन आग लगा देहलें।"
You haven ` t seen the guy to whom you are getting married?,"जेसे तोहार वियाह होखे वाला बा, तु कवो ओके देखले हउ ।"
Was not he going ?,का उ नाई जात रहने ?
You are singing well.,तु बढ़िया गावत हवा।
Everyone will have read the book.,सबके किताब पढ़ेऽक पड़ी।
You are mad.,तु पागल हउअ।
Ramesh came to you.,रमेश तोहरे लगे आइऽल
Come out...,बहरे आइ जा बेटवा
It is my own idea.,ई हमार खुद के विचार हवे।
Oh no!,ओह नाहीं!
Where is your son Tatsuhei?,तोहार पूत तात सुहेइ’ कहवाँ हव।
This is the pen that you are looking for.,ई उहे कलम हवे ना लेके तू खोजत रहुव।
You're always complaining!,धिक्कार हव हमेसा सिकायत
And he told him that he will beget a son but at the age of 16 he will be separated from him.,आ उ ओसे कहलस कि एगो बच्चा पैदा करी आ १६ के उमर में उ ओसे अलग हो जई ।
Ravi went home and ate his meal.,राम घरे गइल और खाना खइलस।
Why don't you mind me?,तू हमार बात काहें ना मनता?
Please don’t drink coffee at this hour !,ए घंटामें काफी न पीं।
Don't you die on me now. You hear me?,आप हमके सुनत हवा?
I believe they're based mainly on Navajo and Apache motifs.,हमार मानल हव कि ऊ मुख्ख रूप से नवाजो अउर अपाचे रूपकनन पे आधारित हव।
Did you buy this one?,का तु यहके एकठो खरीदल ?
I honour him.,हम ओके सम्मान देहलीं।
Bob is popular even though he is ugly.,बॉब सुन्दर नाई हवें तबौ प्रसिद्ध हवैं।
#I've been too long standing still#,# हमहूँ लम्मा समे से ठाढ़ कइ देवल गयल हईं अबहिनो #
I'll take you there one day.,हम एक दिन तुँहके उहवाँ ले जाइब।
Ram is sitting on a chair.,राम कुर्सी पर बइठल।
"""Pelle the Conqueror""",पेले विजेता
We must eat to live.,हमहन क जिये की खातिर खाये के चाही ।
"White man's burden, Lloyd, my man.","सफेद अदमी क बोझ, लॉयड, हमार दोस्त!"
It seems like there is a fracture.,अइसन लागत बा कि कवनों चोट हवे ।
I'll kill you if you don't give it back!,हम तुहके मारि डारब अगर तू एके वापिस ना करबा!
Let's keep an eye on him.,हमके ओकरे पे नजर रखेके होई।
They used to sell liquor secretly behind the tree.,पेड़ के पीछे चुपके से उ शराब बेचेन ।
"Lacy can do something about the problem, but I don’t know what she can do.","लेसी समस्या क बारे में कुछ कई सकेली, लेकिन हमके नाई पता हऽ कि का कई पाई।"
Does she speak loudly always?,का ऊ हमेशा जोर से बोलेली?
Which boy thinks that Ravi knows where Mary bought which book ?,कवन लईका जानता कि रवि जानता कि कहाँ मेरी कवन किताब खरीदलस ?
Rama reads for pleasure.,राम खुशी के लिए पढ़ऽल।
It will never end.,त इ खतम ना होई
"God willing, we shall have another good monsoon.",दैऊ चहिहैं त अइसै और बढ़िया मानसून होई।
"Hey Raj! You did not give me your address , I will send you my wedding card , You will come right?","अरे राज तु त हमके अपन पता ना दिहला, हम तोहके अपने वियाह कअ कार्ड भेजब तु अईबअ नअ ।"
It's the end of everything.,ई सब कुछ क अन्त हव।
Will he read a book?,का ऊ किताब के पढ़िए?
You didn't let me finish my sentence.,तू हमके आपन बाक्क खतम ना करअ दिहला।
Do bears crap in the woods?,का भालू लकडी मे पखाना कइले हउए ?
It's nothing.,ई बात ना हव।
Stop trying to take your clothes off.,कपड़ा-दूर ना भाग
Not her.,ओके नाहीं।
She took her vengeance out on the village.,उ परतिकार आयल रहल
How did Savita like the book?,सविता के किताब कइसन लगऽल।
"Stephen, you've come a dozen times.","स्टीफन, तू दर्जन बार आयल हव।"
We thought the movie was too violent.,हमहन क फ़िलिम कि बारे सोचली जा उ खराब रहे ।
It is little wonder that she was so upset.,ई तनिक आश्चर्य के बात रहे कि ऊ तनिक परेशान रहली।
Riley wouldn't tell us. He said our thoughts weren't safe.,उ कहले की हमार बिचार को सुरक्षित ना हव
Whose palace is this ?,ई केकर जगह हवे?
"I'm controlling it, aren't I?",हम ए पर काबू करत हई कि हम नाई।
You peel the oranges and cut the apples.,तु संतरा छिला आउर सेब काटा।
I do not believe in pampering servants.,हम नौकरन के दुलारे में भरोसा नाई करीऽल।
"Let me go, Bull.","हम, बुल चलत हईं।"
That's better!,ईहअ बेहतर हव।
"What if before she falls for you, you fall down from the horse and imagine the horse kicking you...","अगर तोहरे पर कवनो लइकी मुअले से पहिले, तू घोड़ा पर से गिरी जातब...अउर सोचा ऊ घोड़ा तोके लात मारअ..."
Who do you think Maria has spoken to ?,तु का सोचत हउअ मारिया बोल गइली ?
What kind of a joke is this?,ई का मजाक हअ
Mohan and Sohan are eating apples.,मोहन और सोहन सेब खात हवें।
"Like a sweet, Durga?","मिठाई पसन्न हव, दुरगा?"
Down!,निचे!
"Well, I'm not your father.","ठीक हव, हम खुद बाप ना हईं।"
Have I bought a watch ?,का हम घड़ी खरीदनी?
"Seth Jee, you deduct the money from my salary.",का है मालिक तु त हमरी महीना में से पैसा काट लहिअ ।
This part of your investigation?,अपने जाँच क ई हींसा?
Will you serve food to everyone?,का तू सब केहू के खाना परोसबअ?
In which class are Mohan's kids ?,मोहन क लइके कौने दर्जा में हवें।
Too bad it was not a girl.,अच्छा भयल ई लइकी ना भइल।
This place ain't so bad.,ई जगह एतना बाउर ना हव।
It may not be there.,ई उहाँ ना हो सकेलन।
We travelled together as far as Kolkata.,हमनि साथ में कोलकाता तक यात्रा कयलीं ।
Probably couldn't get a library card if he tried.,शायद एगो पुस्तकालय क किताब कार्ड भी न मिले अगर उ कोशिश करे।
The point is that people are not placed.,मुद्दा हव की लोगन के रख लना जात हव।
They came. That's what matters.,महत्वपूर्ण विल्ट?
Those with divine spark in their hearts will only be able to meet the master.,जेकरे दिल मे अलौकिक लव हऽ उहे गुरु से मिले में समर्थो हऽ ।
How come ?,कईसे आईल?
Did she do that ?,का ऊ ओह काम के कईली?
Can you spare some time to think over this matter today?,का तु आजू हे मामल के विचर पर कुछ समय दे सकल ?
How many fishes died?,केतना मछली मर गईल ह ।
"He's got his fingers in a lot of pies, from what I hear.","ओकर बहुत से लफड़न में हाथ हव, हम सुनले हईं। जवन सुनले हईं ऊ आधो ना हव।"
"If you would arrive ten minutes later, we would have been closed.",दस मिनट बाद आयील रहत त हमनी बन्द कर चुकल रहतीं ।
Did I buy bread?,का हम रोटी खरीदनी?
Why does Malti cry ?,मालती काहें रोवतिया।
How many tables are in your classroom?,तोहरे ककशा में केतना टेबुल हव?
Will you call me tomorrow?,का तु हमके बिहान फोन करब ?
Are you singing a song?,का तु गीत गा रहल बाडअ ?
"I did not even realize when I first held his hand , I stayed with him for so many days yet I did not understand anything.","हम त तबो ना बुझली जब उ पहली बार मोके आपन हाथ दिहलस, एतना दिन ओकरे साथे – साथे रहली फिर भी कुछ ना बुझली ।"
I'm the head chef at the Overlook Hotel.,हम मुख्ख रसोइया हईं होटल ओवरलुक क।
Maybe ten.,वे जाये के चाही
One more?,एगो अउर?
Are you going to University?,का तु विश्वविध्यालय जातबाड ?
Who could have done this?,एके के कर सकेला?
Was Tom born yesterday ?,का टाम कलिहां पैदा भइने ?
"If I got some fruit, would you make a cake?",अगर हम कुछ फल ले आयीं त का तू केक बनयीब ।
Will you give me some water?,का तू हमके थोड़ा पानी देबू?
But how can you accuse her of stealing something bought for money?,लेकिन जो पइसा देकर खरीदले हव ओके चोरी का इलजाम कइसे लगा सकीत हव?
We've forgotten the sugar.,हम चीन्नी भूल गईल हई ।
I do not have senses.,हमरे लगे बुद्धि नाई हऽ।
Two deposits.,दूगो जमा
And they vowed to keep on warrin' until one of them didn't have a single man left above Styx.,"अउर ऊ जूध लगे रखले कइले क कसम खइलँ.....ओमे से एक बैतरनी नदी के उप्पर छोड़ दिहले हव, जबले एको अदमी ना रहल।"
Keep your powder dry.,आपन पाउडर सोखा दा।
What reason has Brutus given for Caesar’s assassination?,ब्रूटश लगे सीज़र क हत्या कौन कारण रहल।
Whose is it?,इ केकर ह ?
Glad you made it before they shut down the kitchen.,"अच्छा हव, खुसी हव कि तू रसोईघर बन्न होखे के पहिले पहुँच गइला।"
Had the clouds disappeared?,का बादल छंट गईल रहे?
That is what I want.,इहे हम चाहत रहलीं।
"He must have been a patriot in last birth, who became a martyr for the independence of the country.",जरुर पिछला जन्म में देशभक्त रहल होई जवन देश की आजादी कि खातिर शहीद भईल होई ।
"If you want her to be yours, you must kill him.","अगर तूँ ओके आपन बनावल चाहत हवा, त ओकरे परेमी के मारडारे के होई।"
"When you're done that, bring the pot of sake.","ओकरे बाद, वरतन ले आवा।"
It's just called coercion.,ई बलत्कार कहल जात हव।
An ice age here million years of mountain building there.,"एक आइस एज इहाँ, पर्वत बनवले के एक लाख साल उहाँ।"
I'm comin'.,हम आवति हईं।
Can I save this data in my mobile?,हम एह डाटा के अपनी मोबाईल में सुरक्षित रख सकेलीं का?
Keep that in mind.,एके ध्यान में रखिहा
The most famous river here is Sindhu.,इहां के सबसे प्रसिद्ध नदी सिंधु हवे।
They were sort of unsettled community.,उ लोग अव्यवस्थित सम्प्रदाय क हवें ।
Everything happened exactly as had been expected.,सबकुछ उम्मीद के मुताबिक भइऽल।
Sit down there.,उहाँ बईठ जा।
I keep worrying without any matter.,बिना मामले के हम चिंतित रहीऽल।
You knew this was gonna happen.,तुहें पता हव रहल कि अइसन होवे वाला हव
This is difficult to tell.,ई बतावल बड़ा मुश्किल बा।
The car stopped at the corner.,कार कोना पर रुकल रहे ।
"A helpful, government tourist desk is in the baggage-claim hall.","मददगार, सरकारी पर्यटक सामान का दावा करेऽक कमरा में।"
Does your dog bite ?,का तोहार कुत्ता काटे ला?
A little hobby of mine.,हमार एगो छोटक सउख।
I was on leave yesterday.,काल हम छुट्टी पर रहीं ।
You shut up!,तु चुप रह।
Will she go to school?,का उ स्कुले जईहे ?
Samudragupta was known for his skill of music and song.,समुद्र अपने गइले और संगीत के गुण खातिर जानल जाऽल।
Put it on the shelf above.,एके अलमारी के ऊपर रख द।
"Unexplained disappearances, killings...","बिना साफ कइले गायब, हत्तिआ, अब अगर दसा बिसेख होइ जात हव।"
We changed your medication.,वरना निसकासित हो जइबा
They were not repeating the question.,उ सब प्रश्न क पुनरावृत्ति न करत हवें ।
My happiness is in God's hands... whatever are the world's demands.,"हमार खुसी भगवान के हाथ में हव दुनिया जवन भी माँगे-खुसी आवति हव, खसी...।"
Did he work yesterday?,का ऊ कल काम कईलन?
You fed them a mango.,तु ओके आम खियइबा।
Edward.,एडवर्ड
Then I hit him.,फिनू हम ओके मरलीं
That's a mannequin.,कि एगो पुतला हव।
I don't think I could make it on the outside.,"हमके ना लगत हमसे बहरे ई सब होई, एंडी।"
Let me help you,हम तुहार मदद करत हईं
I said I didn't believe you.,हम कहलीं हमके तोहरे पर विश्वास नाई बा।
He cut the rope with his teeth.,दांत से रस्सी काट दी।
Army of Satan.,सैतान क फौजन।
I stopped the carriage at the door.,हम दरवाजे पर गाड़ी बंद कइ देहलीं।
Matsu!,मात्सु।
"Stop it, Skinny!","इस्कीनी, एक बन्न करा।"
Will you help me lift the box?,का तु बक्सा उठवले मे हमार् मदद करब ?
How did you remember us today ?,तु हमके आजु कइसे याद कइले हउअ ?
Do not show these.,इ सबके मत दिखाई।
What is the telephone number to get the information related train timing ?,ट्रेन के समय से जुड़ल जानकारी लेवे खातिर कवन नंबर हऽ।
"He is unwell, so he cannot attend office.",उनकर तबियत ठीक नईखे येह से ऊ ऑफिस ना आ सकेलन।
I'm going to the mountains.,हम पहाड़ पर जा रहल हई।
Tomorrow at 6:45.,बिहने 6:45 बजे ।
"Where are you going, Erik?","तू कहवाँ जा रहल हव, एरिक?"
Mr. Rock 'n' Roll cocky as hell.,सिरी रॉक एनरोल। पूरअ घमंडी।
What does Mom eat ?,काव खा ले माई।
Had ladies also come there ?,मेहररुओ उहां आइल रहलीं।
Will you be free on Sundays ?,का तु अतवार के फीस देब ?
He's a tree spirit. He brings good luck. It's a sign this forest is healthy.,आपन मालिक ले आवत हई। कवन?
"But after so many days, I'm seeing my father so happy.",लेकिन कइ साल बाद हम अपने पापा के एतना खुस्स देखत हईं।
I am sorry to put you to so much trouble.,तोहके मुसीबत में डारे खातिर हम माफी चाहत हईं।
You ordered the goods and so they have been sent.,तोहार समान ब्यव्स्थित रहल अउर यहसे उ भेजत रहक हउए।
Get your hands off her! Don't fight.,अपने हाथों से आपन सवा वज हे जा
"Allow me to go bauji, please allow me.","हमके जाये द बाबूजी, हमके जाये द ।"
I should hate to do such a thing.,हमके इ सब करे से नफरत हऽ।
"Lynne. This ain't just for your protection, you know.","लीनी, ई आपके सुरच्छा खातिन सिरिफ ना हव, तोहके पता हव।"
We will be able to go.,हमहन क ज्ज्ये कि खातिर तैयार हई जा ।
Why cook white rice at home?,खीर काहें पकति हव?
Will he be playing?,का ऊ खेलत होईहें?
"Come over here! Here, hold this.",यहवाँ आवा अउर हम इंतजार कर रहल हईं
The orders are to that effect.,उ आदेश लागू करे खातिर हवे।
Why did your brother write such a letter?,तोहर भाई काहे अइसन पत्र लिखलस?
Meena must have had lunch.,मीना पक्का खा चुकल होई।
We have to go to Pimpri.,हमके पिंपरी के पास जाये के हऽ ।
Will you come with me?,का तू हमरे संहे अइबा?
Does she invite him?,का उ हमके बुलवात हई ?
A load of great weight.,बड़ा भारी बोझ हऽ।
Hang on just a little longer. You're almost home.,थोड़ी देर रूका।तू बस घरे पहुंचत हव ।
Mahatma Gandhi was born on 2nd October in 1869.,महात्मा गांधी क जनम 2 अक्टूबर 1869 के भइल रहल।
"And I wouldn't be unprotected, I have...","हम असुरक्षित ना होइ, हम...हव....का?"
There is no hot water in bathroom.,नहाए वाले घर में गरम पानी नाई ब।
What is eating you?,तु का खात हवा?
Can you both drive a car?,का तू दूनो जनी कार चला लेत हवा?
The arrow fell here.,तीर ईहाँ गिरल।
For a sister-in-law there cannot be a good friend other than a brother-in-law.,देवर से बढकर का केहु दोस्त होक्ता भौजाई के खातिर
Can't you wait till we get home.,का तु हमके घरे अइले तक इन्तजार नाहि कर सकतअड ?
Pay the fare.,किराया त दा।
Your father works in that factory.,तोहार बाऊ ओ फैक्ट्री में काम करलन।
"Bad husband, maybe.","एगो खराब मरद/ मनसेधू, सायद।"
"Of course, but your desk and your bed won't fit in here.","बेशक, लेकिन आपके डेस्क अउर बिस्तर इहवां फिट ना होई।"
I give training in sports club.,हम स्पोर्ट्स क्लब में ट्रेनिंग देइ ल।
"Seeing this, his servants also took away all his money and went to their country.","ई देख के, उनकर नौकर सब पईसा ले लहलास अउरी अपनी देश चल गईल।"
"There were many boys sitting there, but everyone said that they had not seen anyone running away.","उहाँ बहुत से लड़का सब बईठल रहने, लेकिन सब इहे कहत रहने कि ।"
It is said that the love cannot be confined.,ई कहल जाला की प्यार की सीमित ना कईल जा सकेला।
"All of a sudden, it's not gravity holding you to the planet.",अचानक इ गुरूत्वाकर्षण आप इस ग्रह पर पकड़ ना हव।
You have hardly touched your food.,तु अपने भोजन के कठिनाई से छुअले हउअ।
What the--,का?
Do I need pencil ?,का हमके पेन्सिल के जरुरत बा?
"He is your, uh...",ऊ बनाम अपने मारि दो।
Andy built a library.,एंडी एगो कीताबी घर बनवलअ।
Our flowers are but a handful.,हमहन क फूल एक मुट्ठी हवे लेकिन ।
I was out of danger under his great help.,हम ओकरे मदद से खतरे से बाहर हो गइलीं।
I had to go to friend's marriage.,हमके दोस्त के शादी में जाएक हऽ।
"The last of these voyages not proving very fortunate, I grew weary of the sea.","ये सब यात्रा से भविष्य न सुधारी, हम समुद्र के देख देख के बड़ भईल बानी।"
Allaudin entered the royal palace of Kutch after his victory.,अपन जीत के बाद अल्लाऊद्दीन क्च्छ के शाही महल में घुसलस ।
They hardly ever use the internet.,उ शायद ही इन्टरनेट प्रयोग करेला ।
I recognized your voice at once.,हम एक बार में तोहार आवाज पहचान गइलीं।
I've been thinking a lot about the situation.,हमम न से सोच रहल करत की।
I could not understand the last word.,आखिरी शब्द हम नाई समझ पवलीं।
Did you say something ?,का तु कुछु कहल ?
We never had such sport.,अयीसन खेल कबहुं न देखल रहीं ।
Whom shall we call?,हमहन के केसे फ़ोन करी ।
Go check it out.,जा जाँच करा।
Get in!,अन्दर आवा।
I want to quit.,हम शांत रहे चाहीऽल।
Ila bought a red book and Nina sold a red pencil.,इला एगो लाल कितान खडाली अउरी नीना एगो लाल पेन्सिल बेचली।
I just taught you to focus.,हम सिरिफ धिआन एकाग्र करे खातिन तुँहे के - आपके सिखवलीं।
They were about to play.,उ सब अब खेलहीं वाला हऽ ।
"In this way, northern Sindh is very cold during winters' night.","ए तरह से, उत्तर सिंध में रात के समय में बहुते ठंढी बढ जाला।"
Actually it is a matter of luck.,असल में इ भाग्य पर ब।
That's our Snowcat.,ई हमार सनो कैट (बरफीली बिलार) हव।
We do not know with which soap he will wash.,हमहन क ना जानत हई जा कवने साबुन के साथ धोवेके हऽ।
I know the place which you mention.,हम उ जगह जानीऽल जवने क जिक्र उ कइले रहऽल।
The King asked the philosopher whom he considered the happiest man living.,राजा दार्शनिक से पूछऽल कि उ दुनिया में सबसे खुशहाल मनई के के मानऽल।
"My Foot, My Tutor","हमार गुरू जी, हमरे लाते क तरे।"
This is the first house of Rome.,ई रोम क पहिला घर हव.
The one on the bicycle.,"सइकील वाला,"
You don't like me... because I was no genius in the way I raised you.,तू हमके पसन्न ना हव...हम हम तू रस्ते में कवनो परतिभा उठवले रहला।
I do not remember ever having met him.,हमके नाई याद आवऽत कि हम ओसे कभौ मिलले हई।
We have footprints.,"हमरे लगे गोड़न, टायरपटरिअन क निसान हवँ।"
They would have gone for a picnic yesterday if the weather had been warmer.,अगर मौसम गरम रहीत त उ लोग कल पिकनिक पे जयतन ।
More will be wanted.,और चाही।
You must be hungry.,आप भूखी होइब
The master is nearly blind and the boys are sorry for him.,गुरुजी लगभग अंधा रहल जवने क लइकन के दुख रहल।
"You may be right, maybe I am boring.","तु सही हो सकल, केजाने हमही बोरिन्ग हइ।"
This book is too difficult for me to read.,ई किताब पढ़ला में हमके बड़ा कठिन लागत रहे।
Is your husband a firefighter?,का तोहार पति लड़ाकू हवन?
What did Lata want to buy for her own nephew and neice ?,लता अपने भांजा और भांजी खातिर काव खरीदे चाहतिऽअ।
You just stay there to take care of yours.,उनकर खयाल रखने खातिन आज रात वहीं सो जइहैं।
No good is likely to result from this union.,ये संघ से अच्छा परिणाम अवला के संभावना नईखे।
Do not let the work be done.,काम के पूरा मत होके द।
Radha works from morning till evening.,राधा सुबह से शाम तक काम करत रहऽल।
"There was a great Sindhi fair, I had gone to watch it.","उहाँ एगो बहुते बड़हन सिंधी मेला लागल बा, हम देखे गईल रहनी।"
I know.,"ओह, हाँ हमके पता हव।"
"Whom am I speaking to, please ?",हमसे केसे बात करत हईं।
Will John leave Seoul?,का जान सिओल जात होइहे ?
Radha does not have to go.,राधा के नाई जाएऽक हऽ।
Shyama is taller than Rima.,"श्याम, रिमा से जियादा लमहर हवें।"
I passed my B.A. Examination in 1995.,हम 1995 में आपन बीए पूरा कइ लेहलीं।
Am I a disturbance?,हम परेसान हईं?
So...,त....।
She'll get away!,"ऊ, ललल से बचँ।"
"Shyam wanted a pen, which I bought for him.",श्याम के एगो कलम चाहत रहे जवन हम उनके खातिर खरीदले रहन।
You'll tell him with my baton up your ass!,गांण में हमार डंडा डलवाइके ओके बतइबा।
I cannot make out his handwriting.,हम।
Mamta has only one son.,ममता क केवल लइके बा।
I didn't get time only.,हमके समय नाई मिल पावऽत।
Mary does not appear to like pudding.,मैरी हलवा पसंद करे नाई आइल।
India lost a true patriot.,भारत सच्चा देश भक्त खो देहलस।
Don't cry.,रोआ मत।
We troubled you.,हमहन तोहके परसान कईला जा ।
Away! Away!,दूर उड़ जा कोयल पछी।
Ila gave a child to the mother.,इला बच्चा के ओकरी माँ के देहली।
Various means were employed for this purpose.,ये उद्देश्य खातिर बहुत से तरीका अपनावल गईल रहे।
Did you get a monthly allowance of a hundred rupees ?,का तोहके सौ रुपिया के महीना भत्ता मिलल?
We know Rama to be alive.,हमहन क जानत हइजा कि राम जिंदा है।
From where can I buy an English newspaper ?,अंग्रेजी अखबार कहां से हम कीन सकी ल।
Your sister Lata must also have come.,तोहार बहिन लता के आव के चाहि।
You must be having Diwali vacation.,तोहके दिवाली के होखे वाला छुट्टी चाहि।
Now what should I do to open an account.,अब हमारा के खता खोले के खातिर का करे के चाही।
What are you trying to pull? This isn't money.,इ पइसा ना हऽ।
We will meet in the meeting tomorrow.,हमहन बिहने कि पन्चायत मे मिलल जाई ।
Welcome to the army.,सेना में स्वागत हव
Hi sweetheart.,जानेमन हाय
They drive a car.,ऊ लोग कार चलावेला।
"I understand everything Simran , your pain , your yearning , your tears , but why don ` t you understand it is just the beginning.","हम सब जानत हई सिमरन, तोहार दर्द, तोहार तरप, तोहार आंसू लेकिन तू काहे नइखु समझत कि अभही त सुरुवात हऽ ।"
I will buy a Sindhi book.,हम एगो सिंधी किताब खरीदब।
Look out over there!,देखा जरा।
Mount Everest is the highest peak of the Himalayas.,माउंट एवरेस्ट हिमालय क सबसे ऊंचा चोटी बा।
Ravi does not play hockey,रवि हॉकी नाई खेलऽल।
If they say so.,जदी ऊ अइसन कहत हवँ।
How many times do I have it tell you not to eat candy just before dinner?,हम इ तोहके केतना बेर बताइब कि रात में खाना खाए से पहिले टाफी नाई खाइल जाऽल।
Maher said that Maher likes his teacher and Omar said that Maher likes his teacher.,माहेर कहऽलं कि माहेर अपने टीचर के पसंद करऽल उमर कहऽलं कि माहेर अपने टीचर के पसंद करऽल।
It is time for the shop to be shut up.,ई समय दुकान बंद कर देवे के हअ।
Do your job; they need a line.,"आपन काम करत हईं, ऊ एक लाईन क जरूरत हव।"
He did something wrong?,ऊ कुछ गलत कइलअ?
Carlisle's right.,"रहल काहें की, वे"
Could you believe that fire?,आपके लगत हव की आग बिसवास ना कइ सकत?
Was I answering the question?,का हम सवाल के जवाब देत रहनी?
I left the door open.,हम दरवाजा खुलल छोड़ देहली।
Mexico is way down there and you're in here and that's the way it is.,"हमार मतलब हव, मकसिको उहवाँ हव अउर तू इहवाँ हवा! अउर ई अइसहीं हव!"
I was watching games.,हम खेल देखत रहलीं।
I consider the glass already full.,हम मानीऽल कि गिलास भरऽल हऽ।
Sheila could not go there.,शीला ओहवां न जा सकेली।
Why were you running ?,तु काहे दउड़त हवा?
Ila pardoned Mohan.,इला मोहन के मांफ कर देहली।
"Raju is so smart in his studies, why would he not obtain the first position?","राजू पढ़े में बहुत तेज हऽ, लेकिन तबो ओकर दर्जा में पहला स्थान नाई आइल।"
How many peons are in our school?,हमहन की स्कुले में केतना चपरासी हव स ।
"Buddy, at your age if you touch any girl, sparks are bound to fly.","आर, येह उमिर में अगर तू कवनो लइकी के छुअत हवा त चिनगारिन त निकरबअ करी।"
"You should try something else. Yeah, what the hell you know about it, Capone?","हँ, ठीक हव, तोहके क पता येह बारे में, कै पोन।"
Your shoe pinches.,तोहरे जुतावा के नोकिया।
How kind of you!,तु केतना दयालु हउअ !
But you should've seen him.,लेकिन तुहके ओके देख के चाहत रहल।
Can you give me an advice ?,का तु हमके सुझाव दे सकलअ ?
I haven't understood a word.,हम सबद ना समइनी.
Listen to me.,हमार बात सुनु
Ram has four children.,राम के चार लइके हऽ।
There was no one present who did not cheer.,उहाँ अईसन केहू ना उपस्थित रहे जे खुश ना होखे।
"Go, go, go!","जा, जा, जा!"
I believe him because he is truthful.,हम ओकर विश्वास करीऽल काहे से कि उ सच्चा हऽ।
Bob often studies at night.,बॉब अक्सर रात में पढ़ें ल।
King sent the palanquin to bring him up to the palace.,राजा ओके महल में लावे खातिर पालकी में भेजऽल।
It was he who put a spoke in my wheel.,ई ऊ रहनाह जे हमारी साईकिल के पहिया में छड़ डाल देले रहनअ। ।
They will go to Ajmer.,ऊ लोग अजमेर जाई।
He works for me.,ऊ हमरे खातिन काम करत हवँ।
Your comments are alarming.,तोहार आलोचना चेतावनी डेट हव।
It took me one year to learn Kannada.,हमके साल भर लगऽल कन्नड़ सीखे में।
Have you been in Boulder long?,का तू बोलडरे में लम्मे समे से रहति हऊ?
There was a delay of 5 seconds.,5 सेकण्ड के देरी भयिल ।
You misunderstood what I said.,तू समझलू ना हम का कहलीं।
"A girl that you do not have to kill, you can sell it.","लड़की को मारे क जरूरत ना हव, हम येके बेच सकत हईं।"
Leave me alone!,हमें अकेला छोड़ दा!
How many clothes of yours are there ?,केतना कपडा तोहार वहा हउए ?
I'm coming!,डेनी! हम आवत हईं!
Wendy let me explain something to you.,बेनडी....हमके कुछ चीजन के साफ कइ लेवे दा।
"But when I wake up, I can't remember everything.","ल्ेकिन जब हम जागत हईं, हमके सब कुछ इयाद ना रहत हव।"
"I never laid a hand on him, goddamn it.","ओप्पर कबों हाथ ना मरलीं, धिक्कार।"
I am purchasing vegetables from market.,हम बाज़ार से सब्जी खरीद त हई।
I was going to sleep.,हम सोवे जात रहलीं।
I also lived there.,हमहू वहीं रही ल।
Long live the king !,राजा आप अमर रहे।
"Oh, shit!","ओह, नाहीं!"
"This winter, I will take him to the mountain.","येह सरदी, हम एके पहाड़े पे ले जाइब।"
"You have been troubling me since I have met you , you have annoyed me the whole trip.","जब से तु हमसे मिलल हवअ, मोके परेसान करत रहत हवअ, पुर रास्ता में तु हमार कपार खा गईलअ ।"
"Your stench, however, is revolting.",इहवाँ तक की अगर हम ले लेबे पर हम गंध आपका प्रतिकारक हव बदबू
Thus they both went into a coma.,यह तरह से उ दूनों लोग कोमा में चल गईल।
Ahh!,"अरे, इ अच्छा हऽ।"
Ram went to the market.,राम बाज़ारे गइल रहऽल।
How many checkers will go to school?,केतना जांच करे वाला स्कूल जईहे ।
One day Bassanio came to Antonio.,एक दिन बैसानियो अंटोनियो के पास अईलन।
You didn't pull the trigger or convict him.,तू टइगर घोड़ी (बन्दूकक) ना खिंचले रहला अउर तू ओके अपराधी ना करार दिहला।
You gave me this money.,तु इ पइसा हमके दे द।
Ram gets up early in the morning on Sunday.,राम रविवार के सुबह जल्दी उठ जाऽल।
I am here only.,केवल हम इहां हई।
He has a clean record!,ओकर रेकाड साफ हव!
Raju opens the door.,राजू दरवाजा खोललस।
Rex had to miss work yesterday.,रेक्स कलिहां काम करे भुला गइल।
"Here is the money that I owe you, and I am happy to be free of debt.","ई उ पईसा हवे जवन हम तोहसे लेले रहनी, और अब हम आपना कर्जा चूका के खुश महसूस करत बानी।"
That boy is industrious.,उ लड़का औद्योगिक हऽ ।
What's your name?,तुहार नाम का हव?
All spoke in his favour.,सब ओही के ओर से बोलऽत।
How do you know Ali was a familiar figure at the post office?,तु कइसे जानत हउअ कि अली डाकघर मे एकगो जानल अदमी रहले ?
What were they called?,हमें देखे दा.....
I felt someone beheading me.,अइसन लगल के हू हमार गंटई काटत हव।
I haven't been able to buy some necessary clothes for myself for many months.,हम कई महीना से अपने खातिर ज़रूरी नरखा नाई ख़रीद पावत हईं।
This proved that the man had stolen the horse.,ई साबित करत बा की ई आदमी घोड़ा चोर लेहले रहे।
Isn't that a little dishonest ?,का उ तनी बेईमान नाई हाउए ?
Isn’t he running in the field?,का उ खलिहान मे नाई भागत रहल होईहे ?
"My mother's company, which makes mobile phones, is moving soon from Frankfurt to London.","हमरे माई क कंपनी, जवन कि मोबाइल बनावेली उ फ्रैंकफर्ट से लंदन जात हऽ।"
Let us go.,हमहन के जाये द।
What have I done Munna?,इ हमसे का हो गइंल मुन्ना
Do you have the slightest idea what a moral and ethical principal is?,का तुहरे में थोरिको बिचार हव कि निअतिक अउर सिसटाचारीक नीयत हव?
Meena has her brother’s car these days.,मीना के लगे ए समय भाई क कार हऽ।
Jaam Aari sent his special messenger to Punhoon telling him if he did not return immediately his father would die in his separation.,"जाम आरी आपन सबसे ख़ास आदमी के भेज के पुन्हूं से वापस आईला के संदेश भेजनन, अगर ऊ तुरत वापस ना अईलन त उनकर बाप उनकी बिछड़ला के गम में मर जईहन।"
"Should you pass, he would be happy.",तु पास कर जहीह त उ खुश हो जहिहें ।
The girl cried.,लइकी चिल्लाइल ।
The house should be good.,घरा नीक होएक चाही।
I can play football.,हम फुटबॉल खेल सकीऽल।
The wall is being built by the mason.,दीवार मेसन बनावत हवें।
Amit studies sincerely.,अमित निष्ठापूर्वक पढेलन ।
I thought I should meet you.,हमरे विचार से हमके तोहसे मिलेऽक चाही।
And an officer.,इ अधिकारी देखा
The government has set strict limits on public spending this year.,सरकार लोगन क खर्च करे खातिर सख्त सीमा तय कइ देहले हऽ।
You have to be human first.,तोहके पहिले इनसान होखे के होई।
Our house is far from here.,इहां से हमनी के घर दूर बा।
They had to go.,उ सब के जाय़ेके हऽ ।
Will you forgive me?,का तु हमके भुला देबअ ?
How could a man be in the moon ?,आदमी चांद पे कइसे हो सकाल।
This book is his.,ई उनकर किताब हवे।
I stopped my car.,हम आपन कार रोक देहलीं।
I cut you up into little pieces.,हम तुहके छोटे-छोटे टुकड़न में काटिं डरलीं।
"What did Mona think, where did Ali go ?","मोना का सोचेली, अली कहां गइल।"
Is it raining ?,का बारिश होत बा?
They can speak in Sindhi.,उ सब सिन्धी में बोल सकत हवें ।
It's as though it were godforsaken.,केहू कभी इस्टोन फार्म पसंद नाही हव?
An able man has not always a distinguished look.,एगो सक्षम आदमी के नजर हमेशा विशेष ना होला।
English is spoken all over the world.,अङ्ग्रेजी दुनिया भर में बोलल जावे ल ।
I saw him!,हम ओके देखलीं।
I don’t mind admitting that if she gets herself unpleasantly talked about it might have some effect on the takings.,हमके इ माने में कौनो दिक्कत नाई हऽ कि अगर उ खुद के अप्रिय बतावेले त एकरे बारे में कौनो असर पड़ी।
I'm God.,खुदा हईं हम।
Where would you live if you could live anywhere ?,तोहिनि कहां रहतु अगर किधरो रहे के छूट रहीत ?
I am right behind you on this one.,हम एहीं ठीक तोहरे पीछे हईं।
"Now think real hard, Doc.","अब तनी जोर देके सोचा, डॉक"
How did your physics exam go?,तोहार भौतिक क परीक्षा कइसन भयल?
Mrs. Olsen's sweetheart when everyone thought she was a widow.,मैडम आलसेन क परेमी।
You have done your duty henceforth I will do my duty.,तु आपन करतब्य कइल हउअ आगे से हम आपन करतब करब ।
"You think you can do as you please, living with us","तोखे लगत हव कि तू जवन मरजी कइ सकत हऊ, हमरे संहे रहिके।"
What should we do?,हमहन के का करे के चाही।
"Hey, fish!","अरे, मछरिअन।"
There's no more to say.,अउर कुछ ना कहे कहंव.
"The hen bird was just about to lay, and she said to her mate : ""Cannot you find me some place convenient for laying my eggs ?""","मुर्गी के बच्चा लेटे वाला रहे, अउरी उ अपनी साथी से कहलस: ""का तू हमके हमार अंडा रखे के खातिर ना दे सकेला?"
Want to send another 100 men?,चाहे अउर 100 अदमिन के भेजल चाहत हवा?
"Pull the cord, Brian!",कार्ड बरायन खीचा!
Please take this pen from Shyam.,इ पेन श्याम से ल।
Do not do that.,"अइसन मत करा, ओकरे भाई के देवे को कहा हव?"
We speak in Sindhi.,हमहन क सिन्धि में बोलत हई जा ।
How many presidents are going to that meeting ?,केतना राष्ट्रपति ए बैठक खातिर जा रहल हऊवन ।
Does she try her best?,का उ आपन बढ़िया कोशिश करत हई ?
I don't want the bother.,हम झमेला ना करल चाहत हईं।
Sukho' is a kind of sweet cool light drink.,सुखो आगो प्रकार के मीठा पिये के पदार्थ होवे ल ।
At Rome we must behave as the Romans do.,रोम में हमन के रोमन क तरह व्यवहार करेऽक होई।
I think you have made a mistake.,हमरे ख्याल से तू गल्ती कइऽल हऽ।
I believe you're crazy enough.,ओह तू बेलकुल पागल हवा।
The boy's head was hurt.,लइका के कपारे मे घाव लगल रहल।
Making us take it on in the first room like that.,हम लगत हव की जइसे पहिले कमरे में उस पर ले रहलँ।
"In this way, there are 22 panchayats which make the central panchayat.","ए तरह से, उहाँ 22 गो पंचायत बा जवन की मिलके केंद्रीय पंचायत के गठन करेल।"
Do not go there.,उहाँ मत जा।
Rama asked Hari if he would change place with him.,रामा हरी से पूछऽत कि का उ जगह बदल लेई।
You take your notebook.,तु आपन कापी लेला।
Shikha will keep my book safe.,शिखा हमार किताब जरूर सम्हार के रखिहें।
They just aren't as good anymore.,उ सब अब ओतना अच्छा न हवें ।
I have several shortcomings.,हमरे में कई कमी हऽ।
I asked where he was going.,हम पूछली कि उ कहां जात हऽ।
"O what a fall was there, my countrymen!","हमार देशवासियों,उहाँ का झरना रहे।"
"Last month, I gave fees for both the children and bought your medicine too.",पिछले महीने हम दूनो लइकन क फीस जमा कइलीं और तोहार दवा लेके अइलीं।
Rita considers Sheila her friend.,रीता शीला के दोस्त मानेली।
I'm sorry.,माफ करिहैं।
"It's not a matter that concerns you, Mr. Torrance.","येकर तुहके चिन्ता ना करेके हव, सूरी टॉरन्स।"
I won't eat in a restaurant whose cooks smoke.,हम रेस्टोरेंट में नाई खाइब जवन धुआं में पकावेंऽल।
Did you see how well I let the missus know that you would like to take his place?,का तू नोटिस कइला हम मलकिन क कइसन इसारा हव की तू टरेनी होवे चाहत हव।
There never has arisen a great man who has not been misunderstood.,अइसन कवनों इनसान अबहीं तक जनम नइखे लेहले जेकरा पर शंका ना कईल गईल होखे ।
"Hey, friend!",अरे दोस्त!
Under which offence the accused is being tried ?,कवने गुनाह बदे दोषी सजा पवलस?
Lt'll be shattering with her.,येके खइले में बड़ा मजा आई।
How many naughty children’s are breaking the door?,केतना शरारती बच्चा दरवाजा के तोड़ रहल बाड़न ।
I have not got paper for my exercise.,हम अभ्यास के लिए कागज नाई पइलीं।
We will come with you.,हमहन तोहरी शाथे आ जाईल जाई ।
Will you finish this work?,का तु इ काम खतम कइ देबअ ?
Meena has got enough homework today.,मीना के आज बहुते काम मिलल बा ।
What the Christ is this horseshit?,ई सबका बकवास हव?
This is the book which I am reading.,ई उहे किताब हवे जवन हम पढ़त रहली हऽ।।
Or risk Jacob seeing it? I think we should wait to tell him.,"तू याकूब को देखय खातिन कयल चाहत हव, ना हव"
The workers all hate it here.,वैसे भी तुहँ इहाँ अच्छा नाहीं लगत हव ना?
I saw a girl wiht blue eyes.,हम नीली आंख वाली लइकी के देखलीं।
You live in your work.,तू अपने काम में लगल रहेला।
I want to know your status.,हम तोहार स्थिति जाने चाहत हई।
I have a black and a white dog.,हमरे लगे काला और सफेद कुक्कुर हऽ।
"This isn't the time to make hard and fast decisions, this is the time to make mistakes.",इ गलती खातिन समय ना हव पहिले से ही कठिन निर्णय करय खातिन समय हव
I can make you drink tea.,तू चाय पिया त हम बा देई।
This basket contained a very sweet newly born child.,ई टोकरी एक बहुते ही प्यारा नवजात बच्चा से भरल रहे।
What are you?,तु का हउअ ?
The man was killed with a hammer.,आदमी क हथौड़ा से मार देहलस।
"The Third Wife was no magical being, no special powers, but one...",महिला ना रहल एक तिहाई एक जादू कइले जा रहल हव उ एक रहल बचा सकत हव विशेष रूप से ना।
Did you visit Bombay ?,का तु बम्बई देखल ?
I want John to go first.,हम चाहत हई कि जॉन पहिले जाय।
And don't let a damn soul into this room!,अउर ये कमरे में एगो लानत आतमा के देवे के ना हव!
Don't mind the jokes boys play on you.,लइकन के चुटकुलन पर ध्यान न द।
It's called a rock blanket.,येके एगो चट्टानी बलैंकिट कहल जाला।
It was true.,"ई सच रहे,।"
Like Brooks did?,जइसन बरुकस कइलँ?
Do you expect me to be at your beck and call ?,का तॊहके हमसे इसारा और पुकरले उम्मीद करतड ?
That's right.,अच्छा।
This cow has only one eye.,ये गाय के केवल एगो आँख बा।
I have no doubt of that.,हमके येह बात क कवनो सन्देह ना हव
Your opinion about me.,हमरे बारे में तोहार खिआल का हव।
How many shirts will you sell?,तु केतना शर्ट बेचब ?
"At the base of that wall, there's a rock that has no earthly business in Maine.",ऊ देवाल के नीचे एगो पाथर मिली।
I had abused you also.,हम तोहके गालिओ दिहले रहली
"you're freezing, Bella",समार जवास बेला
What is most important in your life?,तोहरे जीवन में सबसे जादा महत्वपूर्ण काहव?
It's obvious this fellow Williams is impressed with you.,साफ हव की ई लईका बिलिअमस तोहसे काफी परभावित हव।
I was just saying that it is forbidden to wear short skirts in college.,हम त अइसंही कहत हई कि कालेज में शाट स्कटर्स पहीनल मना बा ।
Who built this house?,ई घर के बनववलस?
"And we sense it now, we feel the threat in our blood.",रक्त में खतरा महसूस हो रहल हव एक भयानक कुछ
We can be alone for two hours.,हमहन क दु घंटा की खातिर अकेले हो सकत हई जा ।
What is it?,ई का हव?
Put his head down!,ओकर सिर नीचे रक्खा!
These tribes have been living in the Amazon rainforest for thousands of years.,ई आदिवासी सब आमेजन के बर्षा वाले जंगल में हजारों साल से रहत बाड़े।
You stay near the truck now.,अब आप दरक के पास रहत हव।
"This orange is tasty, isn't it ?","ई संतरा मजेदार बा, बा की ना?"
You'll never have to be that again.,हम ना जानत की कायेकरे बिना हमार संघ भयल होईं
It does not stink?,बस्सात ना हव?
Can you sweep in my room?,का तु हमरे कमरा मे झाडू लगा सकलू ?
You could talk in Sindhi.,तु सिन्धी में बात कर सक ला।
We are playing tennis.,हमहन क टेनिस खेलत हई जा ।
Bullshit!,बकवास!
"One side in alabaster, one in soapstone.","एक तरफ सिलाखिरी, दुसरे तरफ साबुन पाथर।"
Who is such that the books she wrote are on the table ?,ऊ के हवे जे मेज पे रखल येह किताब के लिखले हवे?
Has your luggage been brought in?,का तुहार समान आ गयल हव? ठीक उहवाँ।
I can smell something burning.,कुछ जरले क हमके महसूस होऽत।
You must first sit comfortably.,तोहके पहिले से अरम से बइठे के चाहि ।
"I do not need your fertilizers, I say.","हमके तुहरे खाद क जरूरत ना हव, हम कहली न।"
What can I do for you today?,आज हम तोहरे खातिर का कई सकीऽल।
Will you sing a few notes for me?,का तु हमरे खरतिन कुछ गाइब ?
The teacher is in the classroom.,गुरु जी कक्षा में हवें।
My car and Bill's bike are blue.,हमार कार और बिल क बाइक नीला हऽ।
"My sister, who works for the YMCA, leads a very active life.","हमार बहिन जवन वाईएमसीए खातिर काम करे ले, बड़ा ज़िंदादिल हऽ।"
We can speak English.,हमनि अङ्ग्रेजी बोल लिवि ला ।
Why do we need coolie ?,हमनी के कूली के आवश्यकता काहे ह ?
There are twenty boys in this class.,ये क्लास में बीस को लड़का सब बाने।
I was to go there.,हम उहां गइल रहली।
We had to go to Ajmer.,अजमेर जाये के रही ।
Should I eat food tasted by you?,का हम तोहार जूठन खाइब?
Was Sohan enjoying the game ?,का सोहन के खेल में मजा आईल?
We have lodged the report at the police station.,हमहन क पुलिस स्टेसन मे रिपोर्ट लिखव्ले हई।
I am sorry to hear it.,इ सुनि के हमके खेद हऽ।
Rama has come without an umbrella.,राम बिना छाता के आइल हऽ।
They came with them.,उ लोग ओकरे स्ंगे आईल ।
"Hey, Pelle, where's your father?","बहरहाल, पेले....तुहरे पिता कहवाँ हव?"
Bogs didn't put anything in Andy's mouth.,बाँग्स एंडी के मुँह में कुछहू ना डरलअ।
I ate the cookies that you left out.,जवन तू छोड़ गइल रहऽल उहे कुकीज़ हम खइलीं।
It seems that Ranjan is angry with everyone.,अइसन लागत बा कि राजन सबका से ही नाराज बानअ।
"I need an answer, Bhairava.","हमके जबाब चाही, भैरवा।"
The weather is very pleasant.,मनसाइन मौसम हऽ।
One expects better behaviour from a college student.,केहू अच्छा व्यवहार एगो कालेज के छात्र से अपेक्षा करेला ।
Is it an unnecessary expenditure ?,का इ सब फालतू के खर्चा हवे?
"When dining in the restaurant, a jacket and tie are required.",रेस्टोरेंट में खात क जैकेट और टाइ जरूरी ब।
Will you lend me your pen for a minute?,का तु आपन कलम एक मिनट खरतिन उधार देबअ ?
But then who's going to read all the names of the cows?,लेकिन गायक नाम कवन पढ़ी?
We could go to the cinema or we could stay at home.,हमहन क हाल में जा सकत हई जा का आ की हमहन क घरवे पर रह जाईल जाई ।
"I asked, 'Don't you know the way home ?'",हम पूछली का तू घर का रास्ता जानत हउवा।
Smiley was always yabberin' on about a guy who was gonna roll into town.,इस्माइली हमेसा के बारे में सहर में नाटक करे वाला रहल जवन एक अदमी पे याबरिंग रहल।
Ram likes Rama's staying at home.,राम के रामा क घर में पसंद करऽत।
Krishna had the necessary capital.,कृष्णा के पास आवश्यक राजधानी रहे ।
Just a P.O. box.,कुछहू ना - बस एगो पोस्ट आफिस बक्सा।
Can't you wait till later?,का तू थोड़ा अउर देर अगोर ना सकत हवा?
"I, uh... talked to Helen.",हम उह...हेलेन से बात कइनी।
When does Anup sing a song ?,अनुप कब गावे लन ?
You bring your book.,तु आपन किताब ले आवा।
I like where the skin creases...,चमड़ी किरिज जहवाँ हमके पसन्न हव।
"The teacher sent for the boy, who came at once.",जे एक बार आइल तेके गुरु जी लइकन खातिर भेज देहल।
Does she have many good books?,का उनकी लगे बहुते सारा अच्छा अच्छा किताब बा?
Whom did you give it to?,तोहके ई के देहलस?
I got two pictures.,हमके दुई चित्र मिलऽल।
[Sirens],[आवाज]
Oh... Bella. My parents wanted to remind you about the...,"ओह, बेला हमरे माई बाप खातिन आपके बारे में इयाद दियावल चाहत हईं।"
A track through the jungle.,जंगल से एगो टरक ।
My house is near the church,हमार घर चर्च के लगे हऽ।
"Steve, you all right?","इसटीव, तू ठीक हवा?"
We are still waiting for him.,हमनि अबहुं ओकर इन्तेजार कर तानि ।
"If we had gotten to the airport on time, we would have caught our flight.",यदि एयरपोर्ट पे समय से पहुच गयिल रहतिं त जहाज पकड सकत रहिं ।
You are reading it.,तु एके पढ़त हवा?
I have smoked for 12 years.,हम 12 साल से धूम्रपान करत हईं।
How are railways responsible for the swift decline of forests?,जंगल में तेजी से गिरावट खातिर रेलवे कइसे जिम्मेदार ब।
They got snowbound one winter in the mountains.,ऊ एक सरदिअन पहाड़न में बरफ में फँसि गयल रहलँ।
The famous juggler and conjurer are too unwell to perform.,मशहूर बाज़ीगर और ओझा कुछ न कइ पइहैं।
It is best if you go now.,अभिये जयीबअ त सबसे अच्छा होयी ।
I eat Chinese food in the hotel of China.,हम चीन के होटल में चाइनीज़ खाना खइलीं।
I want you to meet my new sweetheart.,यहां एक...येह नई पेरमिका हव।
Are you blind to your own interests ?,का तु आपन खुद के हित अन्धा होगइल हऽ ?
I know the policeman who chased the thief.,हम पुलिसवाले के देखलीं जवन चोर के पिछियावत रहल।
What can prevent us getting married ?,का शादी कईला से रोक सकेला ?
I'd have bought the bigger model if you'd told me there was a problem.,हम बडा मौडल लेल रहतिं अगर तु बता देत कि उ मौडल के साथ समस्या हऽ ।
What make is it?,का बनल हवई?
"You know how to read, you ignorant fuck?","पढ़ले आवत हऽ, बेअिमान क ढकना!"
I have known him for a long time.,हम ओके बहुत दिन से जानत हई।
How far is the company from your house ?,तोहरे गउवा से करखनवा केतना दुर हउए ?
You lost it yesterday.,तु एके काल्ह खो देहला।
But I was young.,के बिचार संहे हमें प्यार रहल
"It's some kind of demon! - A demon? Run, Yakul!",एक राक्षस भगवान।
Can Sindhi folk music programs be heard on the radio ?,का रेडियो पे सिंधी के लोक गीत के कार्यक्रम सुनल जा सकेला?
Shinichiro Ikebe Sound:,संङीता : सिनीचरो ई केकर अवाज:
Why do you always pick at me ?,तु काहे हमेशा हमहि के मारत हउअ ?
"Goddamn cats crawling up trees, 5 times 5 is 25....","धत, तेरे की, पेडन ले लिहलीं, 5 गुणे 5 होत हव 25।"
The girl who is sitting next to my father is my sister.,जवन लइकी हमारे दादा लगे बइठल हउए ऊ हमार बहिन हऽ।
I'm not gonna quit.,हम इसतीफा ना देत हईं।
Little idiot!,मुरुख!
There are very few people in the theatre.,सिनेमा हाल में बहुत कम लोग बा।
And you'd be amazed how far Andy could stretch it.,टउर तू हइरान होबा की अंडी केतना दूरे खींच सकत रहल एके।
What happened to your neck?,"डेनी, तुहरे गरदन के का भयल?"
Not even to one.,हम एको ले ना गिन्नब।
A bomb exploded somewhere near.,ओकरी आसे पास में कहीं बम विस्फोट भईल।
Good work for a man so young.,ओ जइसन जवान खातिन एगो नीक काम रहल।
We're receiving you.,"हम तुहके सुनत हईं, ओभर।"
You promised to handover the kingdom the princess.,तू बचन दिहले रहला कि ई समराज अउर रजकुमारी तू हमके सौंप देबा।
I took care that he should not hear me.,हम ओकर ध्यान रखऽब ओके हमके नाई सुनेक चाही।
"The long arms of the law cannot reach the dark corner of the world of crimes of Lotiya Pathan where your sister is captivated , only my hands can reach there.",लोटिया पठान क गुनाह से भरल दुनिया के जवना अन्हारे में तोहार लइकी कैद वीया उहाँ कानून क लम्वा हाथ ना पहुची खाली हमार हाथ पहुच सकेला ।
"Your sister cooks well, doesn't she ?","तोहार बहिन बढ़िया खाना पकावले, का उ ना पकावले?"
I figured...,हम हिसाब लगवली की...
Can you slay him in the fight?,का तु झगडा मे उनके मार सकलअ ?
We will get the truth out of her.,हमहन क ओकरी बहरे सच्चाई मिल जाई ।
I nearly died.,हम तकरीबन मर गइल रहलीं।
Looks stable now.,अब स्थिर लगत हव
"She's fucking this prick, see this golf pro, but she's married to some other guy.","ऊ ओ कमीने, गोलफ खेलाड़ी, से चोदवावत रहल। लेकिन ऊ कवनो दुसरे मनई क बिअहुती रहलि।"
Where are those in the cupboard?,आलमारी में वो सब क्या है।
He went up into one of the bedrooms.,ऊ ऊप्पर एक बेडरूम में चलि गयल।
I shall not go out now if it is raining heavily.,"हम बहरे नाई जाइब, काहे से बड़ा बरखा होऽत।"
Had Benjamin broken the rules?,का बेंजामिन नियम तोड़ले रहनन?
I wonder...,का पता अमेरिका अउर चीन जुड़ेल हव।
"If they over-starch my shirts again, they'll hear from me.","ओनके बताइदा अगर हमरे सरट में फिनू जिआदे मांण लगवला, त हमसे सुने के परी?"
The miser hated spending money.,कंजूस पैसा खर्च कईल ना चाहेला ।
Moment I smelt your neck... It all came flooding back.,"हम सब आपन गरदन, ई पल गलावल, बाढ़ वापस आइल।"
You said you needed to know something.,आपके कुछ पता कइले क जरूरत हव।
Alice exclaimed that she was very clever.,अलीस दावा कईलस कि उ बहुत चालाक हिय।
There is no one but likes him(=who does not like him).,उनका के पसंद करे वाला केहू नईखे (उनका के के न पसंद करेला)।
Please sign here.,इहां दस्तखत करा।
It did.,ई कइले हव।
I have cavity in my tooth.,हमरे दांतें में छेद हो गइल हऽ।
I do trust you. It's him I don't trust.,"ई बिसवास हव ओेके हम करत हईं, हमके आप पर भरोसा ना हव।"
"I banished you once from my land - and yet you have sung away the evil faces from my bed, -",हमने तुहके एक बार हमरे भूमि से भगावत रहला अउर फिनू भी तने गाकर भगवला हमरे बिस्तर से बूरा चेहरा
"Mr. Suresh Kumar, will you eat now?",मिस्टर सुरेश अब्बे खइबा।
This place must be where the four of them live.,ताकि इ हऽ की जहा उ रहत रहल।
Isn’t he working?,का ऊ काम नईखे करत?
I've decided not to stay.,हम तय कइ लिहले हईं...अऊरन रिहले क।
How can you say that she was your friend?,तु कइसे कहि सकल कि उ तोहार दोस्त रहल ?
Radha doesn't like you.,राधा तोहके नाई पसंद करेले।
Now you tell about yourself.,अब तू अपनी बारे में बताव।
Does she work?,का उ काम करत हई ?
Not for me. How about your wife and son?,हमरे खातिन नाहीं।
Wait a minute.,एक मिनट इंतजार करा।
Really?,सच्ची।
Help!,मदद करिहा!
Does he go home ?,का ऊ घरे गईलन?
The storm abated.,तूफ़ान कम हो गयल।
[Sighs],(आह)
"This book is not for small children, it is for the older ones.",ई किताब बच्चन खातिर न हवे। ई बड़ा लोग खातिर हवे।
"No, I don ` t feel like going, You all go, I will stay here itself at the house.",ना भईया हमार मन ना करअ ता जाये खातिर तु लोग हो आवअ हम एही ज हई घर में
A public man should be tolerant to criticism.,एगो सार्वजनिक व्यक्ति के आलोचना के प्रति सहिष्णु होखे के चाही।
All right.,गुड्डे।
I won't jump at the first offer.,पहिले ही परस्ताव हमें ना लेवे के चाही।
#Some will lay down#,#अबहिनो # हमहूँ लम्मे समे से खड़ा कइ देवल गयल हईं #
He was running a fake show.,ऊ झूठ बोलत रहल
I am purchasing the ticket.,हम टिकट कीनत हईं।
I hope to see my friend and shake his hand.,अपने साथी के देखले आउर ओसे हाथ मिलवले क उमीद हऽ।
Bombay mangoes are better than those of Bangalore.,बैंगलोर से त नीक मुंबई क आम हऽ।
"Princess, your upper cloth is with Ranadev.","रजकुमारी, आपक बस्तर रनदेव के पास हव"
Your call cannot be completed as dialed.,हमके खेद हव कि तुहार काल पूरी ना कइल जा सकेला।
Where can I watch foreign movies ?,हम विदेशी फिल्म कहां देख सकी ल।
How do we know that ordinary people too contributed to the freedom movement?,हमनि के कैसे पता कि आम जनता भी आजादि के लडाई में आपण योदान दयली ।
This is the widest road in the city.,ई शहर के सबसे चौड़ी सड़क हवे। ।
There!,इहवाँ!
"Come and unite with me, O braveheart!","आवा अउर हमरे संहे जुटि जा, अरे बहादुर करेजा!"
"If I manage to get a grant from somewhere, I will definitely go to York.",अगर कहीं से कोई ग्रैण्ट दे देयीस त हम जरूरे न्यू योर्क जायब् ।
Will he kill a bird?,का ऊ एगो चिड़िया के मरिहें?
Tell me why have you called me?,वतावअ काहे खातिर वोलवलु हमरा के
"You a married man, are you, Mr. Grady?","तू एगो सादी सूदा अदमी हवा, का नाहीं, सरीगरेडी?"
Roshan had sweet.,रोशन के लगे मीठा हऽ।
May have accused me but the thought is soothing.,हालांकि हमरे पे दोस लगवला लेकि बिवार बाउर ना हव।
Let me see what you've got.,देखीं आज का ले आयल हवा.
I will get up at 5 O' clock.,हम पांच बजे उठ जाइब।
They are not going to order computers.,ऊ लोग कंप्यूटर के ऑर्डर नईखे देवे जात।
You cannot get it unless you work really hard.,तु यहके नाइ पा सकल जबले तु सचमुच कठिन काम करत हउअ ।
Where is my book ?,हमार किताब कहां हऽ।
Mrs. Olsen needs a death certificate from the government.,केवट आलसेन का मउत परमाण पतर अउर काकी।
"I'm just saying, if you go to university of Alaska... I'm never gonna see you.","हम सिरिफ एतना कहत हईं कि अगर तू अलास्का विस्वाविद्यालय खातिन जा, त हम तोहके कबों ना देखब।"
Please donate to the community charity fund.,समुदाय के राहत कोष में दान करा।
"Easy, man.",अराम से अदमी।
You and I were going to Shimla.,हमहु तूहू शिमला जात रहलीं।
How many classes have we attended?,हमनि केतना क्लास लेल बानि?
I've heard them say that the Emperor has promised... an entire hill of gold to anyone who can help him live forever.,हम्म एक सुंदर कटोरा...तू हमके पूरान खिस्सा क याद दियावे खातिन....बहुत दूर पहिले क बहादूर लोग....।
What beautiful sceneries !,का सुन्दर् सीनरी बा !
Boys !,लइके ।
My parents still treat me like a child.,हमार महतारी बाप हमके लइका बूझें ल।
"I feel like meeting everybody , and my mother also wanted to see the child.","हमार बडा मन करता, सबके देखे के और फिर अम्मा भी कहले रहली की मुन्ने क मुह ना देखला अभईन"
Have you seen my wife?,का तु हमरे मेहरारु के देख चुकल हउअ ?
You should speak.,तोहके बोल के चाहि।
"We'll go and see the train when I'm better, shall we?","जब हम ठीक हो जाइब हम जाइके टरेन देखअ जाइब, ठीक हव न?"
Hello. My name is Lasse Karlsson from Tomelilla.,लेसे कार्लस्सन टाँमेलिला से।
There are trains leaving the station in the morning and noon.,ई ट्रेन सब सुबह अउरी दोपहर में स्टेसन छोड़े वाली हई।
It seems to me that John is hungry.,हमके लगऽत कि जॉन भुखाइल होई।
Which actor is in the lead role in this movie ?,कवन हीरो ए फिल्म के लीड रील में बा?
"Papa, you mean you've forgotten already?",एके एक बार देखले के बाद याद आ जाई।
I think that John is a decent detective.,हमरे ख्याल से जॉन सभ्य जासूस हऽ।
It's eight planets coming together once in 400 years.,ई अठवां गरह 400 साल में एकबेर संहे आवत हव ।
Perhaps we can find something more befitting a man of your education.,सायद हमके कुछ अउर अधिक मिल जाय जवन तोहरे छिछूछा सिच्छा खातिन उचीत होखअ।
That's the bell now.,अब चला
HRH Vikram Singh is arriving!,सिरीसिरी सिरी बिकरम सिंह महराज पधारत हवॅ।
You will be allowed to enter for the examination.,तोहके परिक्षा मे जइले खरतिन देहल जाई ।
"Listen, a man who's been robbed has the right to look.","सुना, एगो लुटल अदमी के देखले क हक हव।"
He is trying to kill your father.,ई आपके पापा के मरले क कोसिस करत हव।
Don’t go there!,उहाँ मत जा!
Meera will go to market in the evening.,मीरा सांझ क बाजार जाइ।
These mangoes are sour.,ई आम खट्टा बा।
You switched off the lights.,तु बिजली बुता द् ।
"Oh, I feel suffocated in this house !","ओह्ह, ई घर में हमार दम घुटत बा।"
To Golconda?,गोलकुंडा?
How is Ramesh now ?,अब रमेश कईसन बाड़न?
"The funny thing is on the outside, I was an honest man, straight as an arrow.","तुहके पता हव, अजब बात हव, बहरे, हम एगो ईमनदार अदमी रहलीं, तीरी जइसन सोझ।"
This is a notebooks,ई नोट बुक हवे।
I hate it when we gotta fucking go look for it.,हम येकरे खातिन कमबखत जाई देखा होई जब हम येसे नफरत करब।
I quite agree with you.,हम एकदम तोहसे सहमत हई।
Brooks ain't no bug.,बरुक्स कवनो कीरौना ना हऽ।
I'll just walk. It's okay.,हम बस पैदल चल जाइब
That's called 8 planets coming together.,कहलँ कि आठ गरह एक संहे एकट्ठा होत हवॅ।
I can't walk any further.,हम और नाई चल पाइऽब।
"There was one more boy, Jayraj !","उहाँ पे एगो लड़का अउरी रहे, जयराज!"
I expect that I shall get a prize.,हमके लगऽत हमके इनाम मिली।
We need to get him out of here. We're not gonna win a fight with the Volturi.,हम बोल्चरिया संघ लड़ाई ना चाहत
Is Hindi language too difficult ?,का हिंदी भाषा बहुते कठिन हवे?
She knows that Anu came and Ravi left.,उनके मालुम बा कि अनु अयिली और रवि चल गईलन।
"I""ve been to the opera.",हम ओपेरा करे जात हईं।
"But if I drop this, you get me on destruction of property too.""","लेकिन अबर हम एके छोड़ देब, तू हमरे संपदो पे नोकसान लपेट लेबा।"
They live up in the mountains.,उ सब उंचाई पर पहाड़ी मे रहेला ।
Kongstrup!,काँगस्टरप!
[Snickering],(छोटा चिप्पा निकालते हुए)
They arrived shortly after.,उ लोग जल्दी पहुँचन ।
You'll have to work hard if you want to pass your English exam.,तु अगर अंग्रेजी परीक्षा पास करल चाहत हवा त तोहके कठिन परिश्रम कर के पड़ी।
Again?,फिरो?
We have called him.,हमहन क ओके बोलवली जा लेकीन उ ना आईल ।
Can I seek job for you?,का हम तोहरी खातिर नौकरी धुंध सकेलीं?
Will you bear it as you have borne so many thing?,का तु इहके उठा ले जइब जइसे तु ढेर समान बना लेल ?
You should learn not to box when the 17's on the job.,आप बॉक्स को ना सिखल चाही जब काम पर 17 के।
Wonderful!,शाबस!
I'll tell the warden.,हम हसटल अपसर से कहब।
I can get my shoes off.,हम अपने जूता से दूरी तक चहुँप सकत हईं।
Our foes are too strong.,हमहन क दुश्मननन के भी हजबूत करत हई जा ।
"Yes, and-- and I'm aware of the pain that I have caused.","हाँ, अउर-अउर हम हम क कारन हव की दरद के बारे में पता करत हईं।"
I got it after we went to see Ronald.,हमरोमाल्ड के देखअ गइलीं ओइ के बाद ऊ हमकि मिल गइल।
My grandma bought them for me.,हमार आजी उ हमरे लिए लाइल।
"As the boxers advanced into the ring, the people said they would not allow them to fight.","जवन मुक्काबाज़ पहिले से रिंग में हवें, लोग कहल इनके नाई लड़े देवे क चाहीं।"
"It doesn't work, does it?","ई काम ना करेला, का ई करेला?"
The summer was long and hot.,गर्मी क समय लम्बा आ गरम रहे ।
Daddy's asleep.,पिताजी सुतत हवँ।
Will you let me in?,का तू हमके अन्दर आवे देवा?
There was a spy on the corner.,ओइजा कोना में एगो जासूस रहे ।
"You may be right, but you have no proof.","तू सही हो सकत हवा, लेकिन तोहरे लगे कवनो सबूत ना हव।"
You saw the back of his head?,तू ओकर सीर पाछे से देखला?
Ram has an inkpot.,राम के लगे दवात हऽ।
Will you go back and marry that stranger or you will have the courage to love me?,"का तु वापस जा के ओ अजनवी से वियाह कर लेबु, आ फिर तोहके मोसे प्यार कइले कअ हिम्मत होई ।"
And that is why you are not valedictorian. And Jess doesn't need cliches.,अउर ये लिए आप हमेसा क रोगी ना हवा - ई त बस किलिच करत हईं।
We can travel by land or water.,हमहन क जमीन या पानी में जतरा कर सकत हई जा ।
Have you agreed?,राजी हो गयलँ?
What was your response?,तोहार परतिकिरिया का रहल?
Stolen bikes are always taken apart.,चोरी क बाईक हमेसा खोलि लिहल जात हव।
I don't think it's the Volturi either.,ना लगत हव हमें भी बइठक क पालन पिछला उनसे हमार
All that we admired and adored before as great and magnificent is obliterated or vanished.,महान और महत्वपूर्ण चीज़ खत्म होवे से पहले हमन ओकर प्रशंसा करीं ल।
Everything that Jack does is a success.,सबकुछ जवन जैक कइलस सफल भइल।
"Scare me to death, something that big.",डराइके मारी दा एतनी बड़ा।
Meghraj was an experts of bidi making that's why he got very happy to see Mohan's activeness and command over bidi making.,मेघराज बीड़ी बनइले में माहिर रहल ऐसे ओके मोहन क सक्रियता और बीड़ी बनइले क कला देखि के खुशी भइल।
"But she could still change her mind, you know.",आप जानत हव इ अबहिन भी हमरे मन बदल सकत हव
How long your affair with her is on?,केतना दिनन से तोहारे ओकरे संहे परेम परसंग हव?
Unity in diversity.,अनेकता में एकता ।
These mangoes are too cheap to be good.,ई आम बहुते अच्छा आ सस्ता बा।
How did Sadao’s marriage with Hana come to take place?,सडाओ और हाना क बियाह कइसे भइल।
Girl was playing.,लइकी खेल रहल ।
I was glad to hear of your arrival.,तोहरे पहुंचेऽक सुनके हम खुश रहलीं।
I'll show him how smart I'm.,"हम ओके देखा देइब, हमहूँ केतनी - फुरतीली तेज हईं।"
And he should awaits the events that would latter unfold.,आ उ लोग के घट्ना क इन्तजार करे के चाही जवन बाद में खुली ।
Ram lifted up the girl.,राम लइकी के उठा लेहलस।
I am playing.,हम खेल हईं।
"They are lean, dark, and uncouth.",उ सब पतला और भूरा हवें ।
Goddamn right.,सही।
This town is very populous and very prosperous.,ई सहर बहुते घाना आबादी वाला अउरी बहुते समृद्ध हवे। '।
I don't like that boy.,हम उ लइका के पसंद नाई करीऽ ल।
The prince was to be found in the hottest of the battle.,युद्ध में राजकुमार सबसे गरम मिलऽल रहऽल।
I have some advice.,हमरे लगे सलाह हऽ।
I'd like you to.,"हँ, हम ईहअ चाहत हईं।"
"Hey, beautiful.","हे,"
Till when will you stay here ?,तु यहवा कबले रहब ?
We came with him.,हमहन क ओकरे शाथे आईल रहली जा ।
What are you doing? What are you doing?,तू का करति हई?
What? I just wanted to do this differently.,हम बस चाहत रहलीं एके दूसरे तरीका से कइल हव
"Yeah, she's great.",पसंद आयल एलिस उ
They have not been concentrating on the task.,ऊ लोग अपनी काम पे ध्यान ना देत रहे।
Reduce heat now.,अब आग कम कइ दा।
You should follow the will of your father.,तुहके अपने पिता की इच्छा का पालन करय के चाही।
"But, Emily was The One.",लेकिन एमिली एक रहल
Elizabeth knew how to inspire her soldiers for hope.,एलिजाबेथ जानत रही कि अपने सैनिकन के आशा बदे कैसे प्रेरित कईल जाव ।
"We have only three sets, red, green, and white.",हमहन की लग्गे लाल हरा औरी सफेद खाली तीन गो सेट हवे ।
It's an intense thing.,ओके ई एगो गूंढ़ बात हव।
She has to keep it on for four weeks.,चार सप्ताह जारी रखल होई
How did the girls know that Wanda liked them even though they had teased her?,कइसे लईकियन के पता रहल की वान्डा उनके पसंद कइले रहने भलही उनके छोड़ देहले रहने ।
I have to reveal a secret to you.,हमके एगो राज तोहसे बतावेक हऽ।
The king felt transcended into a state where he could have spiritual and soulful experience.,राज्य में अध्यात्मिक और भावनात्मक लगाव से राजा बहुत ऊपर गइल रहऽल।
"Oh, my Holy God.","ओह, भगवान भला करँ।"
I have a three-week vacation,हमरे लगे तीन हफ्ता क छुट्टी हऽ।
She and I ran and jumped.,उ और हम भगली और कूद गइलीं।
"A good beating is what you deserve, Pelle. It's a good thing you didn't drown. I'd have given you such a beating you wouldn't have sit down for a month.",यदि तू डूब गयल होता यकीनन तुहार पिटाई होति।
I don't care how miserable your human life is.,हमार जीवन दुर्भाग्यपूर्ण हव...ना हव
Where did you live in Sindh ?,तु सिन्धि मे कहवा रहल ?
Who told you that?,तुहसे के कहले इ
He never said who did it.,ऊ कबहूँ ना कहलअ के कइलअ।
We worship Wahe Guru every morning.,हम हर सुबह बाहे गुरु के पूजा करीला ।
Why are you going away?,कहवाँ भागत हवा तू?
Absolutely nothing.,बेलकुल कुछहू ना।
They can wait untill it is dark.,ऊ लोग अन्हार होखला तक इंतजार कर सकेला।
"This is George’s brother, who I went to school with.","ई गोरगे के भाई हवन, जे हमारी साथे स्कूले जाला।"
What had the speaker done?,अध्यक्ष का कइऽल।
"Indu, you are mistaking me.",इन्दू तू हमके गलत समझत हऊ।
Coming.,आ रहल हईं
Which book do you not know to whom to give ?,कवन किताब तु नाई जानलअ जवन देवल ?
Both of his daughters study in our school.,ओकर दूनो लइकी हमन के स्कूले में पढ़ेऽली।
He sacrificed his life to save others.,उतो पाँच लोगों के जीवन को बचाया
One day you will be goddess of wealth,एक दिन तू धन क देबी हो जइबू ।
Did you receive my message yesterday ?,काल तु हमार समाचार प्राप्त कर्बु का ?
Bleach removes colour and acts as an antiseptic and deodorizer.,ब्लीच जवन बा रंग निकारा ल और एंटीसेप्टिक और दुर्गंध हटावा ल।
This is not the sort of place where you'll get rich in a hurry.,ई जगह येतना नजदीक नईखे कि तू जल्दी से उन्हापहुंच जईबा।
Burn it all. [Laughing],ई सब जरि गयल (हंसत)
Are all universities got approval from government ?,का सब विश्वविद्यालय के सरकार की तरफ से अनुमोदन/स्वीकृति मिल गईल हवे?
My father is reading a letter.,हमार बाउजी चिट्ठी पढ़त हवें।
Do you know the road leading to temple ?,का तु मन्दिर के मुख्य रास्ता जानत हउअ ?
We may sail tomorrow.,हमहन क कल् के पाल सकत गई जा ।
Can you feel about it?,का तु येहके बारे मे महसुस कइ सकलअ ?
"Come on, don't be stupid.","चलु, मुरुख जनि बनु।"
We are reading English.,हमनि अङ्ग्रेजी पढ तानि।
"Instead of me talking to you, you ought to be talking to me.",हमके तोहसे बतियावेक बजाय तोहके हमसे बात करेक चाही।
He takes bets with his boys - as to what sex the child will be.,उ अपने साथियों के संहे दाँव लगत हव की बच्चे का सेक्स का होई
"Uncle, why to wait?","मामा, कवने बात क इन्तेजार?"
Tax-free.,कर छूटल।
Ram smiled.,राम मुस्किया देहलस।
O damsel!,ओ लड़की!
I waited.,हम अगोरत रहलीं।
Can you please tell me Prof. Chaudhary is staying in which room?,जी तु बता सकेलु कि प्रो० चौ० कवना कमरा मे रुकल हवअ
Ila hated Mohan.,इला मोहन से नफ़रत कईली।
You meet me day after tomorrow.,तु हमसे बिहान के बादे मिलिह ।
We will come out this winter.,अउर सर्दी पार हो जाई।
It will be great!,बहुत मजा आयेगा।
I got happy to listen this news.,ई समाचार के सुन के हम खुश हो गईली।
"Lord, it's a miracle!",भगवान कई चमत्कार हऽ।
Meera also had late lunch.,मीरा के भी खाए में अबेर हो गइल।
Ram had one daughter.,राम के एगो लइकी हऽ।
I went in because there was a kid up there.,एको बच्चा उहवाँ ना रहलँ काहें की हम चलि गयल रहलीं।
Heard he had you shitting your pants.,हम सुननी हऽ कि तु मारे डर के पैंट में हग देहला ल।
I have.,हमरे लग्गे हव।
Very wise.,बहुत बुधिमानी हव।
Great.,ऊ एके पिआर करिहँ ।
He has changed her name too.,ऊ आपन न उँवों बदल लिहलअ
I'll find out who he is inform Harsha.,हम पता लगाइब कि ऊके रहल अउर हरखा के बताइब
Until...,जबकी हम अनहृ एक बिशेष ना मिले मारिया
How can I meet with you?,हम तोहसे कइसे मिल सकीऽल।
The farmer is cutting the corn that has ripened.,किसान जवन फसल पाक गईल बा ओकर कटाई करत बानअ।
The evil that men do lives after them.,जीयत जवन मनई बुरा करा ल उ ओकरे बाद भी रहि जा ल।
"Bravo, bravo.","बरावो, बाहबाही।"
Bob is excited.,बॉब उत्तेजित हवें।
Don't let it know you're scared!,ई का तोके डर क पता न हव!
He's trying to kill him!,ऊ ओके मारेक कोसिस करत हव!
Pelle.,पेले।
Keep the ball moving.,ढुरकत गेना धई ला।
I hope you will excuse my leaving early.,हमके उम्मीद हऽ कि तू हमके जल्दी जाए खातिर माफ कई देऽब।
I gotta get back.,हमके वापस जायेके होई।
I am pleased to hear about your news.,हमके तोहार ख़बर सुन कर खुशी भइऽल।
Don't worry.,चिन्ता मति करा ।
The President said that the poor fellow was tired.,राष्ट्रपति कह ल एक गरीब मनई थक गइल रह ल।
You should not smoke here.,तोहके अब इहाँ धुम्रपान ना कर के चाहि।
Ram cannot walk.,राम घूम ना पाई।
Were you thirsty?,का तु पियसल रहलह ?
Before I pay you what is due you must sign this receipt.,एसे पहिले की हम तोहार भुगतान करीं तू ए पर्ची पर कवन अंक बहरे चाहत हवअ।
"Still, I never lost a fight.",लेकिन हम हार कबों ना एक लड़ाई
Mahabaleshwar is cooler than Mysore.,महाबलेश्वर मैसूर से बढ़िया हऽ।
Words of wisdom.,गिआन क...सबद।
"Remember this Mansingh, I, Sher Khan will rewrite that legend.","इयाद रखा मानसिंह, अबहिन ई सेरखान एगो नया इतिहास लिखि।"
Excuse me for being late.,देरी खातिर हमके माफ करीं।
Do you use your computer for a lot of things ?,का तु आपन कम्पयूटरवा अधिक चीज करतीन प्रयोग करतड ?
"I knew him, I was posted in Nasik two years back.",जानत रहकी दो साल पहीले हमरा नौकरी नासिक मे रहे
They're gonna do it.,"उ अइसन जा रहल हव,"
The dog and cat ran.,कुत्ता और बिल्ली भाग गऊवे ।
You have done a great job.,तु एक बढिया नौकरी कइ चुकल हउअ ।
Now she started pining for him.,अब उ उनकी खातिर बात बढावल शुरू कर देले बाड़ी। ।
Is this box free ?,का ई बक्सा खाली बा?
What is the name of main university here ?,इहां के मुख्य विश्विद्यालय के नाम का हवे?
It is our duty.,ई हम सभन के कर्तव्य हवे।
You can imagine my annoyance on learning of the postponement of the football match.,तु फुटबाल मैचवा के सिखले के हटवले पर हमार चिढ के तु कल्पना कइ सकल ।
I reside near my office.,हम दफ्तर के लगे रहीऽल।
"Morten made you a present, in case you were hungry.","मोटेग्न ने एक ब्यंजन बनवले हव, जदि तुहें भूख लगल हवा"
We used to play kabaddi in our childhood.,हमहन क अपनी बचपन में कवड्डी खेले खातिर उपयोग कईली जा ।
"I was ahead of my time, Willie.",हम आगे अपना समय विलीक रहला।
Why do not you go and check ?,तु कहे ना जाता आउर जाँच करता?
"Yeah, I know... We'll find you someone to drink.",हम पावत हव तुहके पीये के खातिन केहू
There are total 66 gates in Loyds barrage.,लौयड्स बराज में छ्हियासठ द्वार बा ।
Leave me.,छोड़ा हमके।
I don't have time to explain in detail.,हमरे पास सब कुछ बतवले क समय ना हव।
"But nowadays that is fashionable, Malhotra.",लेकिन ई त आजकल के फैशन वा मल्होत्रा ।
Can he swim?,का ऊ तैर सकेलन?
I want to see movie.,हम पिक्चर देखे चाहत हईं।
I got up.,हम उठ गइलीं।
Carol picked up her jacket.,करोल आपन जैकेट के उठा लिहुवे ।
They never pardon who have done the wrong.,जे गलत कईलस ओके उ कबो क्षमा न करेन ।
These are to kill.,ई मारअ खातिर करत हवँ
We have been waiting in the park.,हमहन क पारकवा में जोहत हई जा ।
Neither of the accusations is true.,इल्जाम के सही ना ह ।
"He'd just achieved his life 'S ambition, but his heart felt emptier than ever.","ऊ सिरिफ अपने जीवन क महत्ताकांछा हासिल कइलअ, लेकिन ओकरे दिल में पहिले से कतों खाली महसूस।"
Kanika knows singing and Manasi knows dancing.,कनिका गावे जानेले आ मानसी नाचे ।
Because I want to eat my food first.,काहें की पहिले हम खाना खाये लगलीं।
Lights out!,श्रोसनी बन्न!
I couldn't help laughing at the joke.,हम मज़ाक पर हंसे में मदद नाई कई सकींऽल।
I'm really sorry.,हम तुहके लियसल स्नातक
I shit you not! You hear me?,सुनत हवा?
Mother has bought you a very nice gift.,माई तोहरे खातिर बहुत बढ़िया तोहफा खरीदल हऽ।
Can he get no work that he can do?,का उनके अईसन कवनो काम ना मिलल जेके ऊ कर सकें?
"This might sound odd, but I'm glad you're here.","इ अजीब होई शायद जवीटी, लेकिन हम खुश हईं तू इहवाँ हवा"
You cannot hide anything from me.,तु हमसे कवनो बात हुपा ना सकेलु
Father,पिताजी
"Bella, you have to understand. Your safety is everything to me.","बेला हव, त आपक सुरच्छा हव, अपने के समझअ खातिर हमरे लग्गे सब कुछ हव।"
Mohan brought the books.,मोहन किताब खरीद लाइऽल।
Recently he has taken to opium eating.,हाल ही में ऊ ओपियम खाईल शुरू कर देले बाड़न।
Will Ram meet me at the station?,का राम हमसे स्टेसन पे मिलिहें?
An Army of vampires?,उ केहू के संहे लड़य खातिन बनावल गयल रहल
You're the one they'll be staying with?,तुहरे संहे ही उ रही है?
It used to be real clear.,ई असली मालूम होत रहल।
Ashley walks to the park.,अस्ले पार्क टहलत हऽ ।
"The people like hot, white rice.",लोगन के गरम और उज्जर चाउर नीक लगा ल।
Can you call me again?,का तु हमके फिरसे फोन कइ सकलअ ?
How do your friends come to Delhi?,तोहार संघी दिल्ली से कइसे आयल?
I played with the same bat that you did.,जवने से तू वही बल्ला से हमहू खेललीं।
"It is said that a when you make a wish, seeing a falling star, it gets fulfilled.",कहल जाता कि टुटल तारा के देखके कुछ मांगअ त मिल जाला ।
Uma couldn't eat a sour mango.,उमा खाट्टा आम ना खा सकेले ।
I'm sure Mum will be pleased.,हमके भरोसा है कि अम्मा खुश हो जाइ।
Does Tom stay with Anny?,का टाम अनी के सथवा खडियाइल हउए ?
I'm not my old man.,हम खुद पुरान अदमी ना हईं
I have two brothers.,हमरे दुई भाई हऽ।
But we've been tearing it up and I've never even seen them here.,"हम ओके खबर देव दे दी, अउर हम देखली भी ना हव"
"Come on, Brian.",बरायन चला।
What can you lose?,तू का खइवा?
"Yesterday, I met your uncle, the doctor.",काल हम तोहार चाचा डाक्टर से मिलवीं ।
What good's a few minutes more going to do you now?,का अच्छा हव एक कुछ मिनट अउर अधिक अब तू जात हवा?
I don't think my wife would have spoken that way of me.,हमेना लगत मम्मा बैंग्टा मेरे वारे में अइसन कहले होहिहँ।
Manish was writing a letter.,मनीष खत लिखत रह ल।
It might not be a bad idea.,सायद ई बिचार ना हव एक के खातिन एक बाउर दिन क जोड़ी सहर के बहरे जा।
Sir Gawain rode unto the nearby castle.,सर गवेन रोड गढ़ क नज़दीक ब।
Be quiet !,खामोश रहा।
You going to see any of that?,लुईस! का तू ई सब देखेवाला हवा?
"Order me, King!",अदेस देईं महराजा!
Your teacher must have told you.,टीचर ने बताया होगा।
Sean.,सॉन
"Madam Sheela, what is the name of your college?","शीला मैडम, तोहरे कॉलेज के नांव का हऽ।"
For how much time do you want to park your car ?,तु आपन कार केतना समय खरतिन खडा कइल चाहत हउअ ।
Do you want a mango ?,का तोहके एक आम चाहि ?
You know that I am a forest officer.,तु जानत हवा कि हम जंगल अधिकारी हई।
A farmer beats a cat.,एगो किसान बिल्ली के मरलन।
I don't know anything whatever of the matter.,हम कुछ नाई जानीऽल मामला का हऽ।
The Merchant of salt speaks to me well of you.,नमक क बेपारी तोहार काफी तरीफ कइले रहल।
"If my aunt were sixty-five, she could get a discount air fare.",हमर बुआ पैंसठ साल के रहति त उडान के किराया कम हो सकत रहति ।
I don't have that much money on me.,हमरे लगे बहुत ज्यादा पइसा नाई बा।
My child is not keeping well.,हमार लइका नाई संभाल पावत हऽ।
That's the way it is.,ई अइसहीं हव।
I won't bother you.,"हम आपको परेशान करब,"
Smiley's Oriental cure-all.,इसमाइली क सभी ओरिएन्टल इलाज।
Can we reach airport or not?,का हम हवाई अड्डा चहुँप पहुँच पाइब कि नाहीं?
I would rather you went by air.,हम नाई बल्कि तू हवाई जहाज से गइऽल।
"People change, huh, Brian?","लोग हा, बरायन बदलअ?"
Open your eyes.,आपन आँखि खोलँ।
What will we do?,हम का करीं?
I know him.,हम ओके जानीऽल।
Do we just sit here and watch him die?,लेकिन हम बइठत हयी और अगोरत हयी?
Once you rule out his version of what happened there is no other explanation.,एक बेर अगर तू ओकरे संकरन के हटा दा की का भयल त कवनो दूसर बात समझ ना आवेले।
What has Brutus consented to?,ब्रूटश खातिर मान गइले।
How long will it take?,ई केतना समय ली?
"If they had saved their father's diaries, they could have sold them to the press.",अपन पिताजी के दैनन्दिनी बचावले रहतन त प्रेस में भेज सकत रहन ।
My school carrier was not very impressive.,हमरे स्कूल क समय मजेदार नाई रहल।
Shyam loved Radhika very much.,"श्याम, राधिका से बहुत प्यार करत रहलें।"
All I picked up was wolf stench. No Bella.,हम बुइजी लीहल यही ना हव अउर बेला बदबू
A whole bottle and a pizza.,पूरा बोतल अउर पिज्जा
Next day Chanesar and Jakhro were discussing things.,अगिला दिन चनेसर और जखरो बात करत रहन ।
Please switch on the television.,तनी टीवी चालु करा।
"Seeing him on the other side of the street, I called him.",सड़क के दूसरे किनारे देख के हम ओके बुलइलीं।
They're my brother-in-law's car tires.,ऊहमरे बहनोई के कारक टयर हवँ।
Was I snowboarding ?,का हम बरफ से ।
I will not be able to see any horror movie.,हम कौनो भुतहा फिल्म नाई देख पाइऽब।
"Floyd, come on.","फलोएड, इहवाँ अइहा।"
I practice basketball.,हम बास्केटबाल क अभ्यास करत हई।
"I'll just hold this for you there, Jeevesy.","इहवाँ, हम बस येके तोहरे खातिन उहवाँ पकरब, जीवजी।"
When will be the interval ?,अंतराल कब होई?
Bhairava has won.,भैरवा जीत गयल।
Take it easy.,आसान लेला।
They will give money.,उ सब पैसा दिंह ।
"Get out of my face, man!",आपन सकलिओ दूरे रखा हमसे।
It grieved me to hear of your illness.,तोहरे बेमारी के बारे में सुन के हमके दुःख भयल।
They are coming in bus.,उ सब बस से आवत हैं ।
"I'm Glen Rinker, Newswatch Ten.",हमहईं गलेन रिंकर समचार 10
The mother had to share these thing with her husband.,इ कुल माई अपने पति से बांट ले ली।
Who says it is?,के कहत हव?
I'm never felt normal.,हमने महसुस कयल कबों ना
I am not one of those who believe everything they hear.,हम ओमे से नाई हईं जे सबकुछ सुनले पर भरोसा कई लेऽल।
These fell in the storm; I thought you'd like them for the journey,"ई तूफान में गिर गयल रहलँ, हम सोचलीं तू येनके जतरा में पसन्न करबू।"
Virgin... Liking Edward a little bit more now.,सुपर अब हम अइसन कइ रहल हव एक छोटा से अधिक एडवर्ड
How did you know?,तोहके कइसे पता हव?
Mother called the children in.,माई लइकन के अंदर बोला लेहलस।
A man of industrious habbits is sure to succeed.,जवन आदमी मेहनत क आदी हऽ ओके सफलता जरूर मिली।
I have thought about him many times.,हम ओकरे बारे में कई दाईं सोचली।
How many famous places have you seen?,तु केतना प्रसिध जगहि देख चुकल हउअ ?
I would prefer Bill to come first.,हम चाहब कि बिल पहिले आवे।
How much is your income ?,तोहार आमदनी केतना हउए ?
Show some superior ones.,प्रदर्शन सर्वश्रेष्ट में से एक रहे ।
Everyone of the prisons is full.,प्रत्येक से जेल भरल ह ।
I will die before I submit.,हम जमा करे से पहिले मर जाइऽब।
This is extremely sad news.,इ बहुते दुखी करे वाला समाचार बा।
"Old school, great. What's that? Like a code for something?",पुराना स्कूल का कुछ हव के खातिन पसंद हव इ?
They are sinking a boat.,उ लोग नाँव डूबावट है ।
Which advice does the speaker give?,कवन सलाह वक्ता देला ।
Wasn't until a month went by before he opened his mouth to say more than two words to somebody.,एक महिन्ना पार होखलहीं पर ऊ आपन मुँह खोललअ केहूके दुइ एक सबद कहेके।
You know even less about it than I do.,तु हमसे भी कम एकरे बारे मे जानत हउअ ।
Mary likes strawberries.,मैरी के स्ट्राबेरी पसंद हऽ।
They have been eating the apples more than they have been eating the oranges.,उ सब सन्तरा से ज्यादा सेव खात हवें।
The Major said that it gave him great pleasure to be there that evening.,मेजर कहलस उ शाम उहां रहले में बड़ा खुशी मिलल।
I play hockey,हम हॉकी खेलीऽल।
She is only 9 years old.,ऊ 9 साल के बाड़ी।
You are paying less attention to your studies than you used to do.,तु कम धियान देत हवा जेतना तु अपने पढ़ाई पर धियान देवल करत रहला ।
We have to live in harmony with all ethnic groups.,हमहन के सब जाति के साथे सद्भाव मे जीये के हवे।
What do you want me to do about it?,तू का चाहति हऊ की हम करीं एकरे बारे में?
The traces of ancient civilization are found in Ladkana district of Sindh province in India-Pakistan.,पुरान सभ्यता क निशान इंडिया-पाकिस्तान क सिंध प्रांत क लरकाना ज़िला में मिलल रहल।
They have called twice from Elias' school.,मेरिआन?
In this city there is no free library to speak of.,ये शहर के पुस्तकालय में बोले के अनुमति नईखे।
Stay away!,"बेनडी, दूरे रहा!"
Don't go far away.,दूर न जा।
"My brother, who is a doctor, has gone to America.",हमार भाई जवन डॉक्टर हऽ अमेरिका चलि गइल।
Mr. Raman sold his car to a man from Mumbai.,मिस्टर रमन मुंबई के एक मनइ के कार बेच देहल।
"Hey, Jake.","अरे, जेक।"
I don't need pencil.,हमके पेंसिल क जरूरत नाई हऽ।
You can do much better than this guy.,तु इस से जादा बढ़िया कर सकला।
My husband had been drinking and he came home about three hours late.,ळमार मनसेधू पीअत रहल...अउर ऊ करीबन तीन घण्टे देरी से घरे आयल रहल।
How do our thoughts affect the whole body?,कईसे हमहन कबिचार पूरा शरीर मे प्रभाचित करेला ।
I put on my shoes and I went out to play.,हम जूता पहिरली और बहरे खेले चल गइलीं।
If we weren't natural enemies... and you weren't trying to steal my reason for existing...,पराकृतिक दुश्मन अउर हम ना रहल कोशिश करय खातिन ना जा रहल हव कारण खातिन हमार चोरी।
How much does the book cost?,किताब के मूल्य केतना करे के चाहीं ?
I have lost my book.,हम आपन किताब खो देहलीं।
I like that.,हमके ई पसन्न हव।
Shyam's house is not in Agra.,श्याम के घर आगरा में नइखे।
It was the day when the tsunami happened.,आज ही के दिन सुनामी आईल रहे।
"I had an experience of this kind ten years, and it will last me a lifetime.",हमरे लगे एकर दस साल के तजुर्बा रहल लेकिन इ हमार ज़िंदगी खत्म कई देई।
I will do it myself.,इ हम खुदे करब।
I prepared meat.,हम मीट बनइले हईं।
Tell me what you think about this.,हमके बतावा तू एकरे बारे में का सोचऽल।
I was obliged to sit the whole day without victuals.,खाए बिना हम पूरा दिन बइठल रह गइली।
"So for now, you're... still you.",त अब तू भी इ हव?
You were supposed to come yesterday.,तु काल्ह आव के सोचत हवा।
Marry arrived.,मैरी पहुंच गइल।
He wanted to kill them both.,उ ओ दूनों लोग के मार देवे चाहत हवन।
Had the snowman melted in the sun?,का धूप में बरफ वाला आदमी पिघल गईल रहे?
Sit down,बइठा ।
Inspite of all this Noori remained the same humble self.,ये सब के बाद भी नूरी विनम्र बनल रहली।
Anybody can do it if he tries.,केहू इ कर सकेला यदि उ कोशिश करत ह ।
She is known to me.,उ हमार जाने वाली हऽ।
You fell the tree.,तु पेड गिरवल हउअ ।
If I were you I would stay in bed today.,हं तू रहतीं त बिस्तरे में रहतिं ।
Your dad did.,तोहार पिताजी कइले रहलँ।
"No, nothing.","ना कछु ना,"
We'll go first thing tomorrow.,हम बिहने पहिले पहल पहुँच जाइब।
Unhook them.,ओनकर हुक हटावा।
Did someone do something to you?,का केहू तुहं भरले हवा?
I don't know.,हमके ना पता हव।
One of the rooms is closed.,एगो कमरा बंद बा।
I have been learning Sindhi for two years.,हम दूई साल से सिंधी सीखत हईं।
I am not fond of him.,हम ओसे अनजान नाई हईं।
This is the man who works at the station is engineer.,येही आदमी स्टेसन पे काम करे न अउरी ई एगो इंजिनियर हवे।
"I should be arrested then, too.",तब हमहूँ के गिरिफतार करेके चाही।
It will be difficult to give up smoking.,सिगरेट छोडल मुसकिल होइ ।
I have been trying to reach you since morning.,हम भिनहिए से तोहरे तक पहुंचे क कोशिश करत हईं।
Calm the fuck down.,बस येह चूतिआ के सान्त करा।
Everyone ran as fast as they could.,सब जेतना तेज दौड़ सकत रहऽल दौड़ल।
This note is not good.,ई नोट ठीक नईखे।
Anjali! Shall I ask you something? Are You happy dear?,अंजलि तोहसे कुछउ पूछी तु खुश त हउ न बेटी ।
"In the 1970's, when many new rights and freedoms had been gained, people began to lead quieter, more private lives.","1970 के दौर में जब कयीयन नया अधिकार सब मिल गयिल रहे, तब जनता एगो अच्छा जीवन बितावे लागल ।"
Read this letter!,येह चिट्ठी के पढ़अ!
Makes 'em fight it on its level.,ओनके अपने असतर पे आपन लड़ाई बनावत हव।
I am not ill.,हम बीमार नाई हईं।
It flowed in a stream under the door.,इ केवाड़ी के निचे से ।
I'll get filthy rich.,हम भद्धा अमीर हो जाइब।
I want to change this ticket.,इ टिकट हम बदले चाहत हईं।
Are you ready ?,तु तइयार हउअ ?
"I'll shut up, but I... would have told them.","हम चुप रहब, लेकिन हम....ओनके बतवले होइत ।"
Madam... come fast.,मैडम...हाली आवा।
Stretcher!,स्ट्ररेचर!
"We landed at Karanchi, and there we spent a very enjoyable week.",कराची में लैण्ड कयलीं अउर ऊहां बहुत अच्छ सप्ताहान्त मनओलीं ।
I like fat cats with long furry tails and big eyes.,लंबी पूछ और बड़हन अंखिया वाली हमके मोट बिलार नीक लगेली।
I cannot say anything.,हम कुछ नाई कहि सकींऽल।
Go ahead.,कइला.
That is where the shoe pinches.,ई उहे जगह हवे जहां जूता सियाला।
They were sleeping while we were watching a movie.,उ सब सुतत रहे जब हमहन फ़िल्म देखत रहीं ।
Norton had no intention of going that quietly.,नॉर्टन क चुपचाप जइले क इरादा ना रहल।
How many rooms are separate?,केतना कमरा अलग ह ।
And Sindhi artists do not work for money.,आ सिन्धी कलाकार पैसा खाती काम न करेन ।
My right there is none to dispute.,विवाद में हमार कवनो अधिकार नईखे।
My room's T.V. is out of order.,हमार टीवी खराब हो गइल हऽ।
I shall bring the book tomorrow.,बिहान हम किताबिया लेके आ सकी ल।
Some seeds fell where there was no earth.,कुछ बीज ओइजा गिरल रहे जहां मिट्टी ना ह ।
Sumiko Sakamoto,सहिको सगामोटो।
We thought John angry.,हमहन क सोचली की जान गुस्सा मे हवे।
I don't get it and I go under.,"अगर ई ना मिलल, हम डूबि जाब।"
I will come with you if you want.,चाह ताड त हम तोहरा साथ आ जायेब ।
This is the needle with which she knits.,ई उहें सुई हवे जेसे उ कढ़ाई करेली।
How many suicides do you think there are every year in Japan?,जापान मे हर साल केतना आत्महत्या होत हउए ?
"In India, left hand is considered unclean.",भारत में बायां गंदा मान ल जा ल।
Walk across the street.,सड़क पार करा।
#I've been too long standing still#,#कुछ # देरी हो गइल होई।
I am married.,हम बिहौता हई।
"You are, Stevie!","आप, स्टीव कइ रहल हवा।"
"Since when Rajesh has gone , he has taken over the responsibility of all the work in the office.",जईहा से राजेश गईल हवअ दफ्तर क कुल काम त उहे समाहरत हवअ ।
I promise you a holiday on condition of your good behaviour.,हम तोके छुट्टी देब तोहरे बढ़िया व्यवहार पर।
What did you think about the verdict?,तु फैसला के बारे मे का सोचल।
He will send the money.,उ पईसा भेजीहन।
This is a pen,इ कलम हवे।
"Hey, Ron.","अरे, रॉन।"
I take tea without sugar.,हम बिना चीनी के चाय लेब।
"Yes, you come tomorrow.","हां, तू कल आवअ।"
it's a month before my birthday. I don't need to be another year older than you.,हम एक अउर साल पुराना करय खातिन ना चाहत हवा तुहसे अधिक हव
"Come, I will show you the way.","आवा, हम तोहके रस्ता देखावत हईं।"
Will you come between twelve and one o' clock?,का तु बारह ऒर एक के बीच मे अइबअ ?
Stay here for now.,अबहीं खातिर इहां रुक जा।
"Takeyan, dear the party is over now","तकेयन, पिरिअ पूजा अब खतम हो गइल हव।"
I love you because you are so sweet.,हम तोहसे ए नाते प्यार करींऽल काहे से तू बड़ा भोला हवा।
Don't pick on him.,ओके मत करा।
Wood floats on water.,लकड़ी पानी पर तैरेला ।
I'm burning up!,हम जल रहल हईं!
They are not going to discover the treasure.,ऊ लोग खजाना के खोजे नईखे जात लोग।
Will he wait for you?,का ऊ तोहरी खातिर इंतजार करिहें?
"Engine 17, your pressure's fine.",इंजन 17 आपन दबाव ठीक हव।
You might have heard about the 'Charminar' here.,तु हाँ चारमिनार के बारे में सुनले होबा।
"All this is a big joke for you , you can never imagine what is going on with me.",तोहरा खातिर इ सब एक बहुत बड़ा मजाक हऽ ना हमरा पर का विततहीय तु कबो ना समझ पईवअ ।
"With these characters, you have to find the stolen goods right on them.","येह लोगन के मामिला में, तुहके ओनकर चोरी के माल के संहे खोजअ के हव?"
I said I've nothing to hide.,हम कहली न हमरे लगे छिपावअ के कछहू ना हव।
But you are fast.,लेकिन आप तेजी से करत हवॅ।
Naturally the man grew vegetables in his garden.,कुदरती तौर पर मनई अपने बगियवा में तरकारी उगावत बा।
We are able to talk in Sindhi.,हमहन क सिन्धि में बात करे खातिर सही है ।
There is nothing important.,इहां कुछ भी मत्वपूर्ण न ह ।
The path to take:,क्वन रास्ता।
Do be quiet.,शांत रहल करा।
We thought her dying when she slept.,ऊ सुतल रहे जब हमहन क ओके मरल सोचत रहली जा।
I was delighted by his compliments.,हम ओकर तारीफ से गर्व महसूस करत हईं।
I had book.,हमरे लगे किताब रहल।
Ravi is busy.,रवि व्यस्त हऽ।
Who does die in this mundane world?,के ये सांसारिक दुनिया में मरेला?
"You're lucky, Orin.","तू भगसाली हवा, ओरिन।"
When will Rita come back?,रीता वापस कब आई।
Are they here or gone ?,उ सब इहाँ हऽ कि गईल ।
Have you completed your work?,का तु आपन काम पूरा कइ चुकल ?
My husband went to sea a year ago.,हमार पति अब एक बरीस बाहर हव।
Ram has to go with Sita.,राम सीता के साथे गइल।
"Oh, that's funny.","ओह, ई हसासपद हव।"
I cannot tell you anything new.,हम तोहके कुछ नया बता सकीऽल।
Mithravinda must marry the man who brings back her upper cloth.,मित्तराबिन्दा ओसे बिआह करी जे ओकर कपड़ा ले आई!
Never mind.,कवनो बात ना।
Piggy! Pork!,"टोह, हमके सरअरक मांसु चाही।"
What had Calpurnia dreamt?,कल्पूर्निया का सपना देखलस?
Does she serve others?,का उ दुसर सेवा करती हई ?
Go this way.,इहवाँ से जा।
I've got nothing to do with him.,हमके ओसे कुछ लेना देना ना हव.
"If you give me the package, I'll give it to my wife.","अगर तू हमें बैग दा, हम यके मालकिन के दे देब।"
You want a flower?,तोहके फल चाही?
"I like ice cream, for it is delicious.",हमके आइसक्रीम पसंद हऽ कि काहे कि स्वादिष्ट हऽ।
Why is your shirt dirty ?,तोहार शर्ट काहे गंदा हव?
If he goes another lawyer will come.,अगर ई गयल त एगो अउर वकील आई।
The manager will give you a ticket.,मैनेजर तोहके टिकट देई।
The boy fell into the well.,लइका कुआ मे गिर गईल ।
did you have friends there?,का वहाँ तुहार दोस्त हव?
Bike is not a bomb.,"बाईक हव, कवनो बम ना"
Is that story true or false ?,का उ कहानी सही या गलत हउए ?
The sky looks threatening.,आकाश डरावना दिखत रहे।
Are the children out?,लइकन बहरे हवँ?
Do you need a dictionary ?,का तोहके शब्दकोश क आवश्यकता हव?
Will you not take coffee?,का तु काफी नहि पियबअ ?
They were their teachers.,उ सब ओकर गुरू हवें ।
"To think, if I had my bicycle... how much I'd earn.",ई सोचिके की हमरे लगे आपन सइकिल होत...हम केतना कमाइत.
An alarm clock is a clock which wakes you up in the morning.,अलार्म क्लौक उ घडी ह् जे सुबः मम नींद से उठावे ले ।
What did you call me?,तू हमके का कहला?
The miser spends his time in hoarding money.,कंजूस आपन समय खजाना छुपावे में लगावेला ।
How many audio books do you have on your iPod?,तोहरे पास केतना आवाज वाली किताब हव?
They’re going to send an ambulance and a police car right away.,उ सब अभी एक अम्बुलेंस ओर पोलिस कार भेजत हवें ।
Alice opened the door and found that it led into a small passage.,अलीस दरवाजा खोललस आ पवलस कि इ त् छोटा रास्ता की ओर ले जाता ।
I bet he will win,उ जीती हम शर्त लगा सकीऽल।
Tell her off,बोलत काहें ना।
The boy whose book is missing is annoyed.,जवने लइका के किताब गायब हउर ऊ नाराज हउए।
"Hurry up, Bruno.",हाली करा बरुनो ।
Anu saw the star.,अनु तारा देखली ।
Do one thing go from here and if you find police on the way then send him to me.,तु अइसन करअ यहाँ से चल जा राहता में अगर पुलिस मिली त हमरी पास भेज दीहअ ।
When was this palace built ?,ई महल के निर्माण कब भईल रहे?
Either of you can go.,तोहन लोगन मे से केहु जा सकल।
"Mr. Hallorann, are you scared of this place?","सूरी हेलोरन, का तू डरत हवा येह जगही से?"
My husband and I decided... the young assistant to our foreman will be leaving us come spring.,प्ुराना परसिद्दू हमें इ बसंत मे छोड़ रहल हव।
I have often told him to write neatly.,हम अक्सर ओके साफ लिखेऽक कहले हईं।
"Come on, hon.","चलबा, हॉन।"
Hi sweetheart.,हाय जानेमन
The language of poetry of Sachal is Sareli Sindhi of North Sindh.,उत्तर सिंध के सरेली सिंध में सचल भाषा हऽ कविता क।
They are coming to our house.,ऊ लोग हमनी के घरे आवत बा।
Take her leave.,एके पकड़ा अउर जा।
"I have one black cat, whose name is Blacky.","हमरे लगे एगो करिया बिलार ऽब, जवने क नाम ब्लैकी हऽ।"
I come here for work all the time.,हम इहा पूरा समय काम करे आइल हई।
"No, sir! What about you.",तू?
There is nearby chinese restaurant.,लगहीं चाइनीज़ रेस्टोरेंट बा।
Brutus accused Caesar of ambition.,ब्रूटश क सीज़र पर महत्वकांक्षा आरोप रहल।
Give over this foolish attempt.,ए मुर्खता पूर्ण काम के दोहरावल जाव।
Promise not to tell anyone !,केहु से मत कहिये प्रतिज्ञा कर !
"Would you want to say that to me, or would I want to say that to you?",का तु हमसे कुछ कहल चाहत हउअ अथवा का हम तोहसे कुछ कहल चाहत हइ ?
Can you pull it more?,का तु यहके और धक्किया सकल ?
You are repentant.,तु रोवनिया हवा।
I wanted to give you money but my friend stopped me to do so.,हम तोहके पइसा देवे चाहत रहलीं लेकिन हमार दोस्त अइसन करे से रोक देहलस।
I can't tell you if you're right. Then let me ask you something.,हम ना कह सकत हव की आप सही ना हव
I am sending postcards.,हम पोस्टकार्ड भेजत हईं।
I heard someone singing.,हम सुनलीं हऽ केहू गावऽत।
How does it work ?,ई केंगा से काम करेला?
Please lie down.,सुत जा।
"Come on, man.",चला यार।
Tell Karna good-bye.,कर्ण को नमस्ते कहना हमारे खातिन।
Stop...,रूकीं...
Is there any more tea in that pot?,का बर्तन में अउरी चाय बा?
How many Bracelets do you have?,तोहके केतना कन्गन हउए ?
Angry.,रुकिहा...
Dad... I'm a virgin!,पिताजी हम कुवारी हईं
can not you covered.,ना कइ सकत हईं आपको कवरा बहुत बरफ पड़त हव
How are you?,आप कइसे हव
Your car differs from mine in several respects.,कुछ चीजों में मेरे कारे से तोहार कार अलग हव।
A few Parsees write Gujarati correctly.,कुछ पारसी गुजराती सही तरीका से लिखेलन ।
"I am sorry Bhai Sahab but I ask you , can you get your daughter Nisha married to Rajesh?",माफ करअ हम तोहसे पुछुत हई भाई साहब आप अपनी निशा क बियाह क देवअ राजेश से ।
I could call the forest rangers first and tell them that we're coming .so that they could start searching for us in case we didn't make it.,हम वन रनजरन के पहले केला सकत हईं अउर।
Has he come in ?,का ऊ अंदर आईहन?
Have I got news for you?,का हमके तोहरा खातिर कवनो समाचार मिलल?
There are many advantages in learning a language here.,इहां एगो भाषा सिखला के कईगो फायदा बा।
Is it yours?,तुहार हव?
They seldom ask for help.,उ शायद ही सहायता बदे बोली ।
"Piper, pipe that song again.",बांसुरीवाला ओही गाना के फिर से बजावे लागल।
Mind your work.,आपन काम करा।
How many pious ladies do you know?,तु केतना भक्तिन के जानत हउअ ?
Explain this.,समझावल चहबा ई?
"""In addition, the library district has generously responded with a donation of used books and sundries.","एकरे अलाव, जीला पुसतक घर दया से दिहले हव: लगल किताबन अउर कइगो चीजन धरम खातिन दाम में।"
"Because after that, I had no choices!","ओकरे बाद, हम कवनो उपाय रहलीं काहें की।"
"Because Through there, I heard it.",काहें की...खिरकी से हम सुनले रहलीं।
Can you come at my home?,का तु हमरे घरे आ सकल ?
It has stopped.,ई रुक गईल।
Susie.,सूसी।
Have I ever overlooked any of your talks?,हम आज तक तोर बात कवनो टलले हई ।
"It was his fault, not theirs.","ई ओकर गलती रहे, ना की ऊ सबके।"
Where is cash counter ?,नकद काउण्टर कहां ह ।
"I come here in '05, and they made me librarian in 1912.",हम 1905 अगस्त में इहवाँ अइलीं अउर
I do it without reserve.,बिना दिक्कत इ हम कई सकीऽल।
Tony's his imaginary friend.,टोनी ओकर कलपनिक दोस्त हव।
Islamabad is the capital of Pakistan.,पाकिस्तान के राजधानी इस्लामाबाद हवे।
Eight rupees!,आठ रुपैय्या!
You are assassin.,आप हत्तिआर हवॅ।
How did Mr. Lamb try to give courage and confidence to Derry?,मिस्टर लैंब डेरी के उत्साहित कइल और भरोसा देहल।
A lot quackgrass already.,ब्हुत ढेर जंङली घास पहिलवँ रहल।
How much time did Sheila have to stand on the ration shop ?,शीला रासन के दोकान पर कबले खड़ा रहिहें।
"By 5:00 tonight, you'll never know anybody was ever here.","आज राति 5:00 ले, तुहके पतो न चली कि केहू कबों इहवाँ रहबों कयल।"
Hey boys!,का देखत हव!
I have been working for two hours.,हम दूई घंटा से काम करत हईं।
Let all the evil eyes cast on you...,सब बुरी नजरें अपने पर डाले दा।
I shall come if I am alone.,अगर अकेल रहऽब त हम आइऽब।
What a shame!,सरम की बात हव।
"Goodbye, Mr. Ullman.","अलबिदा, सूरी उलमन।"
Ram stayed at his post.,राम अपने जगह पर ब।
We rejoiced at him being promoted.,हमहन क ओके आनन्द खातिर उकसावत हई जा।
Maher respects Maher’s teacher and Omar respects Omar’s teacher but Zayd doesn’t respect Zayd’s teacher.,"माहेर अपने टीचर क सम्मान करेंऽल, उमर अपने टीचर क सम्मान करऽलं लेकिन जायद अपने टीचर क सम्मान नाई करऽल।"
And they went back to their work in the village.,आ उ लोग लौत गयन गाँव में आपन काम करे बदे ।
I need a room.,हमके एगो कमरा चाही।
"Our elder chief, Taha Aki, was the only spirit warrior left to save the tribe, after his son was killed.",पूर्व मुख्यमंतरी ताहारेनिक अकी ही शेष जवन जनजाति बच सकत हव के बाद ओकरे बेटे को मार डालल गयल रहल
I really want to know the reason.,हम सच में कारण जाने चाहत हईं।
"You come here, where are you going, you only have fixed this marriage,did the Professor give a lot of money?","तु हेहर आवअ, तु कहा चललअ, खुश बाडअ न इ रिश्ता तोही कर ववलअ है. दे दिहली भंन्डार प्रो० साहव ने"
"Hey, look who's here.","अरे देखा, के आयल हव।"
Was there any letter for me ?,हमार खातिर कवनो चिट्ठी आईल रहे का?
I know,हम जानीऽल।
Thirty years.,30 साल.....।
That's me.,कि हमके हव।
Where is Tatsu?,कहवाँ हव तातसु?
You are outside.,तु बहरे हउअ।
I am coming Seth jee.,अईली मालिक अइली
I met him before he died.,ओकरे मरे से पहिले हम ओसे मिललीं हैं।
At last the plane righted itself and flew on.,आखिर में जहाज के सब ठीक होखला के बाद उड़ा देहल गईल।
"Before we went very far, we found that we had lost our way.",बहुत दूर जाये से पहिले हमनि के पता चलल कि रस्ता भटक गयील रहीं ।
"How's my credit in this joint, anyway?",येई होटल में हमार साख कइसन हव ओइसहूँ?
I have never seen Sheila singing.,हम शीला के कबौ गावत नाई देखली।
Why didn't you bring Indu?,तू इन्दू के काहें ना ले अइलू?
Can I go to market?,का हम बाजार जा सकेलीं?
They run into the room.,ऊ लोग कमरा में दौड़ के गईल लो।
How many uncles do you have ?,तोहरे केतना चाचा हउए ?
It is great! The whole generation has grown youthful in twenty years.,"भई कमाल है, बीस साल में पूरा नस्ल जवान हो गईल ।"
Guys!,दोसतन?
There's just nobody I can talk to.,"हमके करअ खातिन बात कइ सकत हवँ, बस केहू ना हव।"
"I want to work outside today, but that won't be possible because it's raining.","आज बहरे हम काम करे चाहत रहलीं, लेकिन हो नाई पाई काहे से कि बरसतऽत।"
Really.,सच्चों में?
How you doin'?,तू कइसे हव?
How beautiful is night!,केतना खूबसूरत रात रहऽल।
Everyone must have heard about her beauty.,सब ओकरे सुंदरता क बारे में सुनले हऽ।
Always after you...,तोहरे पाछे हमेसा
He's hard. And children are free all day.,अउर बच्चे सारा दिन मुक्त रहत हव।
The faithful dog led his blind master.,वफादार कुक्कुर अपने आन्हर गुरु क आगे चलऽत।
Won't every moment be heavenly?,का हर सरग ना हो जायेके चाही?
America?,अमेरिका?
Don't suppose it would help if I told them I'm not homosexual.,लगत ना हव समझवले से कवनो फयदा होई की हम समान लिंङ क ना होई।
It was her mother that I saw.,ई उनकर मम्मी रहली हऽ जेके हम देखनी।
You can make it!,आप इ कइ सकत हवँ।
Got the whole place going like hell.,पूरी जगही नरक जइसन जात हव।
You have to read the lesson.,तु पाठ पढ चुकल हउअ ।
Are you all right?,तू ठीक हवा?
I would have done the work if I had had time.,हमार पास समय होईत त हम काम कर देत रहतीं ।
It is nothing.,ई कुछ न हऽ।
I will wait untill the next train comes.,हम दूसरे ट्रेने तक इंतजार करऽब।
Where are you going?,इ हमार हऽ।
Can you give me your pen?,का तु हमके आपन कलम दे सकलअ ?
"We'll take the dog with us, won't we?",हमहन क ई ना कईल जाई की अपनी शाथे कुक्कुर लेहल जाई । ।
One car was parked in a very dangerous place.,एगो कार बहुते खतरनाक जगहे प खडा रहे ।
What did Sheila give him ?,शीला उनके का हिदली हऽ।
What do you call it?,का तू भूल गइला?
"it must go on to find a beau for Princess, and to know who will become heir to the throne.","ई रजकुमारी के मरद खातिन होखे के चाही, अउर ई जानअ खातिन कि सिंघासन क बारीस के बनी!"
What did you do to your hair!,तु अपने बरवा के का करत रहल।
Will you go there?,का तु ओहवा जइबअ ?
All became prey to the crocodile.,कुल मगरमच्छ क शिकार हो गइलें।
No problem.,कवनो समिसा ना
The hen laid an egg everyday.,मुर्गी रोज एक अंडा देले।
"Hey, Jackson.","अरे, जेकसन।"
"Meena, are you also Gujarati?","मीना, तुहू गुजराती हवा।"
Take care.,खियाल रखिहा
You hear me?,तू हमके सुनत हवा?
Hello. My name is Lasse Karlsson from Tomelilla.,लेसे कार्लस्सन टाँमे लिला से।
I want to hire a car on rent for a week.,एक हफ्ता खातिर एगो कार किराए पर चाहत हईं।
You have been looking gloomy for last five-six days.,तु पिछले पाँच-छह दिन से खुश देखात हवा।
You are as tall as your father.,तु अपने पापा अइसन लम्मा हउअ।
What a piece of luck !,का किस्मत फुटल बा !
Do you see the cat which is lying on the roof?,का तु बिलारी के देखले हउअ जवन छतवा पर सुतल रहल हउए ?
This boy is wiser than that boy.,ई लड़का ओ लड़का से बुद्धिमान बा।
But Kaka! You had said that you wanted to go to some hill station.,लेकिन काका तु त कहल रहलअ कि तोहके कवनो हिल स्टेशन पर जायेगा रहे ।
I can't bear more pain now.,हमसे अब दर्द सहि नाई जाई।
Rama is braver than Balu.,रामा बालू से बहादुर हऽ।
Saint Kawarram used to distribute received money from 'Bhagati' among poor and needy people.,संत कंवर राम भगती से मिलऽल पइसा गरीब और जरूरतमंद लोगन क बीच में खर्च कई देत रहऽल।
They could not bear the idea of being taken alive.,उ सब जिन्दा लियावे के पक्ष में ना हऊंव ।
In the event of such a thing happening I should take long leave.,अइसन काम कईला के बाद हमहूं के ढेर छुट्टी चाहीं।
"To visit my Mom, why?",काहें?
By 2020 India's population would touch 134 crore or 1.34 billion.,2020 तक भारत के जनसंख्या 134 करोर हो जायी ।
Never seek to tell thy love.,कबो प्यार ।
Ram has two rupees in his pocket.,राम के जेब में दुई रुपया हऽ।
Mary hurried to market.,मैरी के जल्दी बाज़ार जाएक हऽ।
My parents expected so much of me.,हमरे माई बाप के हमसे बड़ा उम्मीद हऽ।
I can't remember every little detail.,हम छोट छोट चीज़ नाई याद रख सकी ल।
I shall you more about it in my next.,आगे हम ए बारे में हम तोहके और बताइऽब।
Wherever you go I shall follow you.,तु जहवा जइब हम तोहरे पिछे अइमे ।
The stranger asked Alice where she lived.,उ अंजान आदमी एलिस से पुछलल कि उ कहां रहत तिया ।
Who goes there?,उहाँ के गईल?
I was all eyes to see what he would do.,उ का करी एहि पर हमार निगाह रहऽल।
Nothing can describe the confusion of thought which I felt when I sank into the water.,कुछ भी विचार के संदेह के वर्णन ना कर सकेला जे हम पानी में डूबत समय अनुभव करुवी ।
I will be able to teach.,हम तोहके पढ़ा लेब।
Why are you talking about it ?,तु एकरे बारे मे काहे बात करत रहल हउअ ?
People who are too sharp cut their own fingers.,जवन मनई बहुत चालाक हो लें आपन उंगली काट लेहलें।
This is the place where he was murdered.,ई उहे जगह हवे जहां उनकर क़त्ल भईल रहे।
I have interest in flying kites.,हमके पतंग उड़ावे में मजा आवऽल।
How many artists are making their art?,केतना कलाकार अपना कला बना रहल हऊवन ।
The pack needs to leave. The Volturi won't honor a truce with the werewolves.,बोलचुरी भेडि़या के संघ एक संघर्ष विराम क सम्मान ना होत
Caesar was stabbed by Brutus.,सीज़र पर ब्रूटश हमला कइले रहलं।
Who taught you Urdu ?,तोहके उरदु के पढावला ?
This is a brightly-lit room.,ई चमलिता प्रकाश वाला कमरा हवे।
It was him.,ई उनकर रहल हअ।
but you got my vote for mayor.,"हमें, बाकी के बारे में पता ना हव।"
How many peace-loving people are in India?,केतना शांतिप्रिय आदमी भारत में हऊवन ।
They are very light.,उ लोग बहुत हल्का हवें ।
I was going there.,हम जात रहलीं।
Quartz?,एक तरे क चमकीला पाथर ?
If the plaintiff himself dies.,अगर ऊ कानूनी ढंग से खुदअ मरि जाय।
"Yeah, I wouldn't mind seeing Mom... As long as you use the companion ticket.",हाँ...माँ जबले देखा हमरे गइले के संहे आपके रूप में बाउर ना होत।
"Yeah, that was an easy piece of time, let me tell you.","हँ, ऊ असान रहल, हम तोहके बता देईं।"
You are giving notebooks,तु कापी देत हवा।
Anil was made happy.,अनिल के खुश कयिल गयिल ।
Bigger dogs cost more.,बड़हन कुक्कुर क दाम ढेर हऽ।
Will the publisher bring out your new book?,का तोहार नया किताब के प्रकाशन होई?
Don't go home so early.,जल्दी घरे मत जा ।
He therefore left school.,येही से ऊ स्कूल छोड़ देहली।
Not available yet.,अबहीं तक उपलब्ध नईखे।
Did the teacher give us the test of last lesson?,अध्यापक आखिरी पाठ के टेस्ट लीहन का हमनी से?
Shake well before using.,उपयोग कईला के पहिले अच्छा से मिला लेहल जाव।
Very soon.,बहुत जल्द।
Will you start a school?,का तु एक स्कूल शूरु करब ?
"We must leave here, Papa.",हम इ जगह छोड़नी हव पिताजी।
A sailing ship was wrecked here last December.,पिछली बार दिसंबर में इंहवा एगो पानी वाला जहाज टूट गईल रहे।
It's fun for you but I hate it.,ई तोहरे खातिन मजा होई लेकिन हमके पसन्न ना आयल।
I respect him as a doctor.,डॉक्टर के नाते हम ओन कर बड़ा सम्मान करी ल।
"Erik, did you hear my joke?","एरिक, तू सुनला हम का कहनी?"
"Mrs. Vaitkus, please, calm down.","सरीमती वेटकस, किरिपया सान्त हो जा।"
Does this car go to the beach ?,का ई कार समुद्र के किनारे/बीच पे जाला?
Ravi will dance.,रवि नचिहें।
Consider this:,एप्पर बिचार करँ।
"O nameless god of rage and hate,",हे उग्र हमके अज्ञान भगवान!
Sahba likes to listen to sitar.,सभा के सितार सुनल नीक लगऽल।
"That book, which has thick pages and grand pictures, is worth reading.",उ किताब जेकर पन्ना मोटा हऽ आ वोकरा में फ़ोटो हऽ पढ़्ल जरूरी हऽ ।
I wish he would show me a little more sympathy.,काश ऊ हमरा से थोड़ा सहानभूति दिखाईत ।
I bought a pen and gave it to him.,हम एक पेन खरीदलीं और ओके दे देहलीं।
Can you swim in the river?,का तु नदी मे तैर सकलअ ?
Have you looked under the bed ?,का तु विस्तर के निचे बन्द हो चुकल हउअ ?
Ahmad speaks to himself.,अहमद अपनी खातीर बोलेलअ ।
"I have full faith that whatever is asked for with the clear thought and true heart , gets fulfilled.",हमके विश्वास है कि साफ और सच्चा दिल से जवन भी मांगल जाला वो जरुर मिलेला ।
That's the boy whose mother works in the post office.,उ वही लईका हऽ जेकर माई पोस्ट आफ़िस मे काम करेले ।
"Yes, sir, I do.",हाँ साहेब हम चाहत हईं।
Now get going.,कुत्ता!
I have told you this many times.,हम तोहके इ कई बार बतइले हईं।
Who is your favourite actress ?,तोहार पसन्दीदा अभिनेत्रि के हउए ?
Sir Surendranath was a great orator and statesman.,सर सुंदरनाथ महान राजनेता और वक्ता रहऽलं।
Happy Journey.,यात्रा मन्गलमय होखे ।
"Sheela, which is the country in the east of india ?","शीला, भारत के पूरब में कवन देश बाशीला।"
I'll take that chubby fat-ass there.,हम लेइब। ऊ ऊ फुल्लल गांण वाला।
You've sealed it.,आपक ई तय हो गयल हव।
"Prior to this, I was an assitant lecturer in JNU.","एसे पहिले हम, जे एन यू में सहायक व्याख्याता रहनी।"
How well do you know Carla.,तु करलवा के केतना अच्छा जानत हउअ ?
This girl is going to office.,लड़की ऑफिस जात बा।
Mary believes the story about the burglary.,मैरी चोरी क कहानी पर भरोसा करेऽली।
I believe this story.,हम इ कहानी मानत हई।
Were you sleeping?,सो रहत रहल?
All the above have passed the exam.,हऊ सब परीक्षा पास कइले बा।
You all right? - Yeah.,तू ठीक हवा?
You'll see.,तू देखिहा।
I have called you several times.,हम तोहके कई बार बुलइलीं।
Rupert has not dialled the number.,रूपर्ट नंबर नाई मिलइलस।
I would've waited.,हम इनतेजार करत रहब।
Where did he go?,ऊ कहवाँ चल गयल?
I had tea at Shashi's house.,हम शशी के घरे चाय पीयले रह लीं।
Where had we gone ?,हमनि कहां गयील रहीं ।
Nature is the best physician.,प्रकृति सबसे अच्छा चिकित्सक ह ।
By the year Kennedy was shot Andy had transformed a storage room smelling of turpentine into the best prison library in New England...,"जवने बरिस कनेडी के गोली मारल गइल, अंडी एगो गोदाम क जवन चूहा क लेंडि़न अउर तरपीन के गन्ह से भरल रहल इंङलेंड क सबसे नीक जेल कीताबी घरे में बदल दिहलअ।"
I can shift for myself.,हम खुद हट सकीऽल।
Fruit has no name on it,फल पर ओकर नाम ना लिखल हव।
Few months that he spent in Ooty did him a lot of good.,ओही में कुछ महीना उ जवन व्यतीत कईल रहे उ बहुत अच्छा कईल रहे ।
"But sir, he wasn't.","लेकिन सिरीमान, ऊ ना रहल।"
"You've gotta level with me, Marty.",मारटी हमरे संहे होई तोहार स्तर हव।
It is delightful to hear the sound of the sea.,समुद्र क आवाज सुनले में सुकून मिलऽल।
"Not tomorrow, not after breakfast.","बिहने ना, नास्ता बाद ना! टबहिन!"
"Well, shit.","खयर, बकवास।"
A good man and useful citizen are passed away.,एगो अच्छा आदमी अउरी उपयोगी नागरिक अबहिने इहां से गुजरल हऽ लोग।
Which kind of movies do you like ?,तु कवने तरह के फिल्म पसन्द करत हउअ ?
Police are baffled by the escalating murders and disappearances. Theories range from a vicious new gang to a wildly active serial killer...,सिद्धान्त लेकर गिरोह से कठोर नया हत्यारों सेरिज काज ऊपर ओप सनाग
Why not read a book?,काहे एगो किताब ना पढल ।
Whose temple is this ?,ई केकर मदिर हवे?
Do you remember what to say ?,का तोहके याद हउए कि का कहले हऽ ?
The bananas are on the table.,बनाना मेज पर ह ।
We'll find it.,हमके मिल जाई।
"And when spring gets here, you'll be... a free man.",तब तू एक अजाद अदमी हो जइवा।
You must take care.,तोके ध्यान रख के चाहि।
You packed your bag.,तु आपन झोला भर ल ।
"Hey Chandan! Come inside dear son , how did you manage to come in this rain?","अरे चन्दन तु भीतर आ जा, भीतर आ जा बेटा, अरे ये वरशा में कइसे अईला"
"No use of casually, go.","नाहीं धोखे से, जा।"
I want to see him playing with the ball.,हम ओके गेना के साथ खेलत देखे चाही ल।
They wished to surprise the enemy.,उ लोग दुश्मन के विस्मित कईल चाहत हव ।
I want to see you in blue shirt.,हम तोहके नीली शर्ट में देखे चाहत हई।
Who'll buy your ticket?,अउर येतनी अचानक...।
"If I should think that, you would be glad.",अगर हम उ सोचब त तु खुश होयीब ।
Ram should read a good book.,राम के बढ़िया किताब पढ़ेऽक चाही।
Does she earn money ?,का उ पईसा कामात हई ?
We can write.,हमहन क लिख सकत हई जा ।
You can't stay!,तू रूकि न सकत हवा.
No one could have played it more skillfully.,केहू एके कुशलतापूर्वक ना खेलुवे ।
How to find him?,ओके कइसे ढूढ़ब?
You either know people or you don’t.,तु लोगन के जानत हउअ या कि नाई।
They left and we returned.,उ लोग गईन हमलोग लौट अईनी ।
Annirai was distraught.,अन्निरै डर गयील रही ।
What make the women start crying?,औरत काहे बदे रोये लगल ।
"My dear son, why do you ask the one thing I cannot grant you ?",हमार बच्चा काहें एक चीज़ पूछाल जवन हम नाई दे सकील।
I see you oftener than I see him.,हम तोहके ओकरे बाद देखली।
Can you tell me where she comes from?,का तु हमके बता सकलअ कि उ कहवा से आवत हइ ?
Do you study with them ?,का तु ओनहन के साथे पढ़ ला।
You had returned Matsu home.,आपने मात्सु को ओ घर में वापस आने को कहले रहला।
Why don't you leave me alone.,तू हमार पिछा छोड़ काहें ना देता.
He will reach the age.,ई बूढ़ होइ गयल हव।
"Hey son! You just uttered my words, I was about to tell you the same thing.",अरे वेटा ! तु त हमार मुहे क बात छीन लीहलअ हम तोहसे इहे कहे जात रहकी हऽ
Do you speak French?,का तु फ्रेन्च बोलतडअ ?
Mrs Malhotra was alive until then and occasionally I would wear fancy clothes for her.,जब तक मिसेज मल्होला जीयत रहली तबले त हम उनकी खातीर कषी- कबो फैन्सी कपडा पहीन लेत रहली ।
But do you think there's any value in it?,का आपको लगत हव एमें कुछ मुल्य हव?
"Someone, help me! -",केहू हमार मदद करा।
Guess you haven't been to many fires.,आप कइ आग को ना कयल गयल लगत हव।
The journey takes about six hours from here.,इहां से छह घंटा लगी।
Right.,बेलकुल सही।
"It is even more serious than what you consider it to be, I am going.","इ सव तु जितना सोचेलअ ओसे कही अधिका गभीर हअ , चलत हई"
We saw the horse.,हमहन क घोडा के देखली जा ।
Rita Hayworth.,रीटा हे बरद।
"You came much later Gunja, when I grew-up elder brother was the first person I knew , I do not even remember the faces of my parents.",तु त बहुत बाद में अईलु गुंजा आख खुलल त पहले भईया के जनले रहली बाप –महतारी के त चेहरो तक याद नईखे ।
The door opens if you press this button.,दरवाजा खुली अगर ई बटन के दबयीह ।
I had come.,हम आइल रहलीं।
My book is neither here nor there.,हमार किताब न इहां हऽ न उहां।
"I just-- you know,",हम अबहिन तोहके पता हव।
You have to obey him when he asks you to walk away.,"ओकर बाति मानल करा, जब ऊ जाये के कहे तब जा।"
"I only fought them, because I know they wouldn't change anything.",हम थोड़ा नरम पड़ गयल काहे की हम जानत रहली की इ कुछ भी ना बदली
Here comes your water.,इहाँ अपने पानी आवत हव!
Floyd!,फलोयड?
What does the map on the wall signify?,नक्शवा दिवलिया प काव दिखावा ल।
Mohan drank water.,मोहन पानी पियलस ।
"Now, a sharp look in the eye.","ऐसे, अब आखों एक तेज नजर।"
Prevention is better than cure.,रोकथाम ईलाज से बेहतर हवे।
That doesn't sound like Christian.,का एलियास अइसन लगत हव
Kindly tell that where is museum ?,कृप्या बताईं म्यूज़ियम कहां बा।
A few minutes.,मिनट-कुछ 10 मई
He's talking funny.,ऊ मजेदार बात करत हव।
My sister can't read.,हमार बहिन नाई पढ़ि पाई।
Success or failure depends largely on your own efforts.,सफलता और असफलता ज्यादातर अपने मेहनत पर होऽल।
Did you take Tunu's beads?,का तू टुन्नू क माला लेहली?
Let me see!,हमके देखत हवॅ।
I brought oranges.,हम नारंगी खरीदलीं हऽ।
You will go to office.,तू कार्यालय जइबा।
"Will you come with me to the market, today ?",हमर साथ बाजार चलब?
"Listen , when your Bhauji recovers tell her that you have searched Chameli for yourself.",सुन जब तोर भउजी ठीक हो जाए न त सवसे पहिले उनसे कइह कि तु अपना खातिर चमेकी ट्र्मेकी ट्र्ढं लेहलु ।
Mukasa forgot what he would say.,मुकासा भुला गइल का कहेक रहल।
Yesterday was Holi.,काल होली रहे ।
Have you promoted him?,का तु उनके आगे बढावत चुकल हउअ ?
You are going to School.,तु इस्कूल जात हवा।
Everyday Shweta says the same thing: shall I go ?,"रोज़ श्वेता कुछू कहेली, का हम जाई।"
Whose gang?,केकर गैंगं
Shit! We did it!,हम कइ दिहलीं।
I do not work.,हम काम नाई करीऽल।
Will she come here at 4 p.m.?,का उ यहवा चार बजे साझी क अइहे ?
I will not forget it.,हम इ नाई भुलाइऽब।
Will you go to Agra with Hamid and Ram ?,का तु हमीद अउर राम के साथे आगरा जइब ?
You are eating an apple.,तु एगो सेव खात रहल हउअ ।
It was a well-bred little animal.,ई एगो अच्छा नश्ल के छोटा जानवर रहे।
I will do it for all you may say.,तु कहि सकल इ सबके करे के होई ।
Like you're mother... It seem to work out fine for her the second time round. - Later in life.,के रूप में अपने माँ देखय के हव की इ समय बदल गयल दुसरी अच्छी तरह से बाहर
Is the branch of this bank in Hyderabad ?,का एह बैंक के शाखा हैदराबाद में बा?
Did you not definitely like this work ?,का तु निश्चित ये काम के पसन्द नाइ करब ?
How did you come by his purse?,तोहके ओकर पर्स कइसे मिलल।
We have won the battle.,हमहन क लडाई जीत लेहली जा ।
The man walks slowly.,आदमी धीरे चलत।
I believe her to be wise.,हम ओके समझदारी पर विश्वास करीऽल।
Now they must suffer punishment for their offence before their complaints could be heard.,अब उनके अपनी गलती के सजा पहिले भुगते के चाही एसे पहिले की उनकी शिकायत के सुनवाई होखे।
None of these words are now currently used.,एमे से कवनो शब्द आज के समय में काम के नईखे।
No girl went.,कवनो लईकी ना गईल ।
"They're a great deal stronger than us, because their own human blood lingers in their tissues. Our kind is never more physically powerful... than in our first several months of this life.",हमार परजाति लेकिन कबों ना रहल हव बढ़ जात हव जीवन के पहले सात महीनों में
Just as long as it's well-scrubbed,बस के रूप् में लम्मे समे ले ई अच्छे तरे झाड़ी के रूप में हव।
"I must get it at any cost, father.","त ओके हम कवनहूँ कीमत से हासिल कइ लेत हईं, पापा"
Three deposits tonight.,आज राति क तीन ठे जमा हो गयल।
What is that thing?,उ का चीज हऽ ?
I wonder who wrote that report.,हमके लगत हव की रपट में लिखल रहल जवन अचरज हव।
"If you had taken another route, we would not be standing in the traffic jam.",दुसर रास्ता लेल रहत त हमनी जाम न फसल रहतीं ।
My elder brother is an engineer.,हमार बड़ भाई इंजीनियर हवें।
"So, look.",त देखा.
"If Ghandi had not been born, India would perhaps still be a British colony.",गान्धी न रहतन त शायद भारत आज भी अङ्ग्रेज के गुलाम रहीत ।
I won't pay it unless he sends me the bill again.,जब तक दोबारा हमके बिल नाइ भेजबा तब तक हम नाई देऽब।
I like to read.,हमके पढ़ब नीक लगऽल।
Don't talk too much.,जिआदे मत बोलिहा।
Ravi drinks tea.,रवि चाय पियलस।
I repaid his insolence in kind.,हम ओकर बदमाशी क बदला चुकइलीं।
Have you carried a box?,का तु बक्सा ले जा चुकल ?
I believe him to be happy.,हम ओकरे खुशी में खुशी हऽ।
I can't allow you to smoke.,हम तोहके सिगरेट पीएक नाई कहऽब।
How many men do you know?,तु केतना अदमी लोगन के जान चुकल हउअ ?
Ravi got beaten willingly.,रवि के जानबूझ कर पिटा गइऽल
Please bring tomato soup for me.,हमरे खातिर टमाटर सूप ला व।
How is your brother ?,तोहार भाई कइसन हव?
Sheryl went to the ticket office.,शेरिल टिकट घर चल गइलें।
Even now parents are worried about the marriage of their daughters inspite of educating them.,पढ़ाव् के बावजूद आज भी माई-बाऊ अपने लइकी के शादी खातिर परेशान रहलन ।
Do you learn English at home ?,का तु घरे अंगरेजी सिखतड ?
Will you do a favour to us ?,तू हमहाँ क एक थे सहायता करबा?
"The guests having departed, he went to bed.","मेहमान जात हवें, उ सूते चल गइल।"
This is my brother's shop.,ई हमारी भाई के दूकान हवे।
The workers made the road extend from Boston to Albany.,बोस्टन से एल्बने तक बढ़ल सड़क मजदूरवे बनइल।
I have everything except money.,हमरे लगे पइसा छोड़ के सबकुछ हऽ।
We must ask Frank.,हमहन के खुलके पुछे के चाही।
How has the poet changed over the years?,कवि सालों मे कईसे बदल गईल ।
The meal couldn't have been better.,खाना बढ़िया नाई हो सकत रहल।
The king wears a crown.,राजा ताज पहिरले हवें।
You forget your plans.,तु आपन योजना भुल गइल।
"Anyway, there's hardly anybody to play with around here.","ओइसहूँ, इहवाँ आसे पासे सायदअ केहू संहे खेलअ खातिन हव।"
Michael frequently visits his family.,माइकल बार बार अपने घरे जा ल।
"mira, this is Mahatma Gandhi School",मीरा इ महात्मा गांधी स्कूल हऽ।
They would have purchased a ticket.,उ सबे के टिकट खरीद लेवे के चाही ।
The teacher appointed him monitor.,गुरुजी ओके मॉनिटर बना देहलें।
This is a pencil,ई पेंसिल हवे ।
How many bones are in our body?,हमरी देह में केतना हड्डी हऽ ।
"Whatever else one may say of him, no one dare call in question his honesty of purpose.",जवन कुछ केहू ओकरा बारे में कहे केहू ईमानदारी के उदेश्य पर ओकर प्रश्न करे के हिम्मत ना करी ।
It did somethin' to him inside.,ई ओकरे खातिन कुछ कइलअ
There is a worm in the unripe banana.,कच्चा केला में एक कीड़ा बा।
Will you lend me your pen?,का तु हमके आपन कलम उधार देब ?
Please show me my seat.,हमरा सीट हमके दिखा व।
It's about time you retired... and made a promotion for somebody else.,ई आपके सेवा निबित्ती समे के बिसे में हव...अउर केहू अउर केहू अउर खातिन एगो बढ़ावा देवे खातिन बनावल हव।
I am coming with you.,हम तोहरे साथे आवत हईं।
Garlic is widely used in Chinese folk medicine.,लेहसून चिनी दवाइयों में बहुत जादा उपयोग होला।
Why did you abuse the old man ?,तु बुढ अदमी के काहे गरियावल।
Which three are minerals?,कौन तीन से मिलरलह ?
"You were shattering, boss.","आप हिलाइ दिहला, बॉस - साहेब"
Will he say that he did it?,का ऊ ई कईहन कि ऊ ई कर सकेलन?
Can you help me more?,का तु हमके और मदद कइ सकलअ ?
[Brian] You okay?,(बरायन) तू ठी हवा?
It's a present from Raju,ई राजू दिहलँ
Savita will go to Banaras for the holidays.,सविता छुट्टी में बनारस जाइ।
"Time for bed, Sugar Ray.","सुतले क बखत, (हव), चीनी रे।"
Can you give me your home for rent?,का तु हमके आपन मकान किराया पर दे सकल ?
"As he was not there, I spoke to his father.",जइसन उ उहा नाई रहने त हम उनके दादा के बतवनि ।
Here comes the bus.,इहां बस आवेला।
You understand?,तू समझत हवा?
Any fucking thing for him.,ओकरे खातिन कुछहू ।
"Hey Saxena, bring me the glass, wow cheers-cheers.","अरे ले आव सक्सेना ले आव गिलास दे , वाह चेस –चेस ।"
I tried to make him quiet but he wasn't ready to listen.,हम ओके शांत करेऽक प्रस्ताव देहली लेकिन उ सुनलेऽक तैयार नाई रहल।
I've already told her.,हम पहिलहीं ओसे कइ दिहले रहलीं।
Then she'll come back. And she'll know who's boss.,उ वापस आ जाई तब ओके पता चली की मालिक कवन हव।
Our house is round the next bend.,हमरी घर की बगली में घुमावदार गोला हऽ ।
Did she come home early ?,का ऊ घरे जल्दी अईली?
To toil is the lot of mankind.,मानव जाति के मेहनत करे खातिर ढेर कुछ बा।
Ravi is a teacher.,रवि मास्टर हऽ।
Mrs. Smith is the wisest member of the family and of her four daughters Jane is the prettiest.,मिसेस स्मिथ परिवार क सबसे समझदार सदस्य हऽ और उनके चार लइकिन हऽ जवने में जेन सबले सुन्नर हऽ।
"You did it, man.","आपन अदमी, ई कइले हव।"
This is the only drawback Mohan has.,इहे एगो मोहन में कमी ब ।
We reached near to the cinema.,हमहन क सिनेमा की लगे पहुच गईल रहली जा । ।
She certainly did some damage.,उनके बहरे ले जा।
"If you lose heart, you may miss the target.","जदी आप दिल हार गइलीं, त आप लच्छ से चूक सकति हईं।"
"Helen, can I talk to you for a minute?","हेलेन, हम एक मिनट खातिन बात कइ सकत हईं?"
Money instead of sheets.,कपड़न के बजाय पइसा।
Take a few weeks.,"कुछ हप्ते ला, हप्ते?"
I have heard more since.,हम ऐसे ज्यादा सुनले हई।
What the heck was that?,ई कईसन बेवकूफी हवे?
"Sit down. if you don't mind, I would like to hear that question again, Pelle.",सायद पेले दया करके अपने प्रस्न को दोहराए।
She will go to Sindhunagar on Sunday.,रविवार के दिने ऊ सिन्धुनगर जईहें। ।
"Oh, tarnations.",टारनेसनस।
Ravi got beaten.,रवि पिटा गइऽल
The teacher is not checking our homework.,गुरुजी हमन क घरे क काम नाई देखत हवें।
Which state in India has the highest poverty line?,भारत क कौन राज्य सबसे गरीब बा।
And I have little interest in cricket only.,आ हमके क्रिकेट में कम रूचिअ हऽ ।
Throw.,फेंका।
"Pops , the problem is that she is going to get married.",समस्या ई हऽ पापा की ओकर वियाह होखे वाला हअ ।
The fox cried out to the goat that a thought had just come into his head.,लोमड़ी बकरी पर चिल्लाइल कि ओकरे भेजा में विचार आइल रहऽल।
They are young.,उ सब जवान ह्वें ।
"Yes, Guru.",जी गुरूदेव।
Everyone ran as fast as he could.,सब जेतना तेज दौड़ सकत रहऽल दौड़ल।
Your book is there.,तोहार किताब उहाँ हव।
We have talked a lot but you didn't tell me your name.,हमनि त बहुत बतिया लेलीं पर तु अपन नाम न बतयिलस ।
Will she be mourning the death of her husband for many days?,का उ बहुत दिन तक अपने पति के मरले के शोक करीहे ।
The rest of us did our best to pitch in when and where we could.,राभे पूरा मदद कइलअ जब अउर जहवाँ जरूरत भइल।
I found him drinking wine.,हम ओके शराब पीयत देखली।
"Wait, Erik!",रूका एरिक!
You used to read.,तु पढ़ल करत रहला।।
Can you stop quarrel?,का तु झगडा बन्द कइ सकलअ ?
I have a black and white dog.,हमरे लगे काला और सफेद कुक्कुर हऽ।
I have come in the morning.,हम भोरे से आवत आईं।
"Yes, 1 have just seen it.","हां, हम ओके देखनी।"
"Sir, it is a map of India.","सर, इ भारत क नक्शा हऽ।"
From which university you have done your studies ?,तु कवने विश्वविध्यालय से आपन पढाई कइ पुरा कइ चुकल हउअ ?
Alright! So you are doing all this to get a beautiful wife.,ओह त ई सब एगो निमन दुल्हन कि खातिर होत वा ।
"Idiot, I only have twenty-eight.","बेकूफ, सिरिफ 28 हव।"
Boys are playing.,लईका लोग खेल रहल हउए ।
Our teacher often tells us a story to bring out the meaning of a lesson.,हमहन क मास्टर जी अक्सर एगो सबक के अरथ को बहरे लावे की खातीर हमहन के एगो किस्सा सुनावेलअ।
What does it profit ?,एकर लाभ केतना बा?
"Check that door for heat, Tim?","गरमी, टिम खातिन ओ दरवाजा क जाँच करँ?"
It's the God's bless !,इ भगवान क कृपा हऽ।
My brother met a woman who I used to work with.,हमार भाई जवन मेहरारू से मिलल हम ओके साथे काम करी ल।
I should have liked to go.,हमके जाएऽक चाही।
"Ranjan is ill, so it seems.",देखे में लगऽत कि रंजन बीमार हऽ
The boy or girl which were called.,जवने के बुलवाल गइल उ लइका अउर लइकी रहल।
Put your trust in the Lord.,परभू में आपन भरोसा रखिहा।
"We'll end up having to move Elias to another school, because Sofus is a sadistic little psychopath!","अन्त में हमें एलियास को दूसरे स्कूल में जायेके पड़ी, काहें सोफुस पर दुखी यी मनोरोगी हव"
Lal used to live in Ahmedabad.,लाल अहमदाबाद में रहऽल।
The little fucker had thrown all my papers all over the floor.,ऊ नन्हा कमीना हमार सगरो कागजात पूरे फरस पे फेंक दिहले रहल।
Tony told me never to tell them.,टोनी हमके कहले हव की ओनके कबहूँ ना बतइहा।
Why do you talk like this? Tell me what is the matter? If a brother won ` t help a sister or a sister won ` t help a brother then who will help them?,"कईसन बात करत हऊ , भाई बहन के और बहीन भाई के काम ना आई त कौन आई बताव कवन काम हऽ ।"
How much dress will you make?,तु केतना पोशाक बनइब ?
Don’t you want any food ?,का तु कौनो खाना नाइ चाहत हउअ ?
"Please understand, I beg of you.","किरपया, समझा हम तुहसे बिनती करत हईं."
How does he talk to the fire?,कइसे ऊ आग से बात करत हव?
Hail Lord Shiva!,ओम् नमह सिवाय!
I am afraid that I couldn't get you.,हम डराइल हईं कि हम तोहके समझ ना पवलीं।
No problem at all.,कवनो समिसा नाहीं।
A million bucks?,दस लाख रुपइया?
"If they did win, how would you feel ?",अगर उ लोग जीत जहियें त तोहरा के कयिसन बुझायी ।
You will now see a lake.,अब तु झील देखब ।
It is my room.,ई हमार कमरा हवे।
Can you become a doctor?,का तु एक डाक्टर हो सकल ?
Ram ate ten apples.,राम दस सेब खइलस।
Did you ask for anyone’s advice ?,का तु केहू के विचार खरति पुछत रहल हऽ ?
He's captain of the guards.,ई गाइड कपतान हवँ।
The book upon the table.,मेजे पर किताब धइल हऽ।
I am too busy to attend the party.,पार्टी में नाई जाइ पाइब काहे से बड़ा व्यस्त हईं।
I stabbed John with a knife.,हम जॉन क हत्या चाकू घोंप के कइलीं।
Next year.,अगले साल।
I'd be happy to.,हमके खुसी होई।
I was in the office.,हम ऑफिस में रहलीं।
From which palce were you coming ?,तु कवने जगह से आवत हवा?
Sit for a minute.,एक मिनट के खातिन बइठ जा
Will he help us?,का ऊ हम लोग के सहायता करिहन?
I will do when I think fit.,जब हम खुद सही सोचऽब त करब।
Want to borrow my bicycle pump?,हमार सइकिल पंप उधार लिहल चाहत हव?
It is not your arm.,ई आपके हाथ में ना हव।
What is bothering you?,तोहके का परेशानी हव।
Try again.,कोशिश करा।
We are going to Indore.,हमनि इन्दौर जाव तानि ।
The teacher is here.,गुरुजी इहा हवें।
They're all her puppets.,उ सब कठपुतलियां रहल ओके
Was your weekend good ?,का तोहार सप्ताहांत सही रहे?
Thank you.,धन्यवाद।
You took the words right from my mouth.,तु हमरे मुह से सही शब्द ले गइल।
We are talking.,हम बात करत हई ।
There was our oral test today.,आज मौखिक परीक्षा रहे ।
I've forgotten what two times two are.,भूल गइनी 2 गुना का होत हव।
It was still painful so I went to see a doctor.,तबहूं दर्द रहे त हम चिकित्सक के पास गयलीं ।
Politics was with him the business of his life.,दूसरे के साथे राजनीति ओकरे ज़िंदगी क काम हऽ।
"Come, Erik.",आवा।
Where had they gone ?,ऊ लोग कंहवा कईल रहे?
No one can doubt this fact.,केहू ए तथ्य पर संदेह ना कर सकेला ।
I practically raised him.,हम ब्यवहारिक तरह से उठवली।
"To listen to kaka's advice, both started laughing.",काका के सलाह सुने खातिर दोनों हसे शुरु कईल रहे ।
In the end he ate his words.,आखिर में ऊ अपनी बात से बदल गईलन।
Will you meet my friend at the station?,का तु स्टेशन पर हमरे दोस्त से मिलब ?
"You needn't have waited for me, I could have found the way all right.","तोहके हमार इन्तजार कर क आवश्यकता ना हव, हम सही रास्ता पा सकत रहली।"
Whoever fried Seagrave and Cosgrove... went to a hell of a lot of trouble to make sure they died by fire.,सीगरोभ अउर कासगरोभ तरे जे केहुअ...ऊ आग से मउत हो गइल बनल मोसीबत क एगो बहुतअ नरक में चलि गयल।
One wants to win his master.,सब केहू अपनी गुरु के भी जीते के चाहेला।
Food was cooked.,खाना बन गइल।
Did he say anything about it to you ?,का ऊ तोहसे एकरा बारे में कुछ बतऊलन हऽ?
The education here was given by a local Moulvi (a religious peacher).,इहां शिक्षा एगो स्थानीय मौलवी द्वारा दिहल जाला।
They were selling their furniture.,उ सब फ़र्नीचर बेचत रहें ।
Can you reach there in time?,का तु ओहां समय से पहुच सकलअ ?
Now stop talking nonsense !,अब फालतू बकवास कईल बंद करअ!
I treated business as a game.,व्यापार के हम खेल बूझीऽल।
How am I supposed to know ?,हम कइसे जानऽब।
When is you exam ?,तोहार इन्तहान कब हउए ?
Just go play in your room for a while.,बस थोड़ी देर खातिन जा अपने कमरा में अउर खेला।
"The teeth of a rabbit, it brings good luck.","एक खरखोस के दांत, इ अच्छी किस्मत ले आवे ला।"
"A beautiful garden, the Nehru Park, situated near the Bharatpur museum.","एक सुंदर बगीचा, नेहरू पार्क, ब्रह्मपुत्र संग्रहालय के नजदीक में स्थापित बा।"
But your son sings this.,तोहार बेटवा त गावत रहल।
Is your wife with you?,"नाही, बिधुर चली।"
This cloth has shrunk so soon.,कपड़ा जल्दिए ही चिन्गुड जात बा।
In one over he took 3 wickets.,एक ओवर में ऊ तीन विकेट लेहलन।
The boy wants to go home.,लइका घरे जाइल चाहत हउए।
Shit!,अरे यार।
Give him another month to think about it.,यैफ सोचले क अउर एक महिन्ना दा।
"The teacher was pleased with the boy""s work.",लइकन के काम से गुरु जी खुश हो गइलें।
"I mean get new books in here, ""Mr. Dufresne, if you please.""","हमार मतलब हव, इहवाँ नई किताबन ले अइलेक, सिरिडुफरेन, अगर तू चाहा।"
That means Buffalo.,एकर मतलब बैल।
I know the lady who has worn a blue saree.,हम उ मेहरारू के जानीऽल जवन नीली साड़ी पहिरले हऽ।
Does my cow give milk?,हमार गाय दूध देले का?
"Raju, are you at home?",राजू तू घरे पे हवा?
Petrified.,पाथर बनल हव।
I think it would be wise to give up.,हमरे ख्याल से एक छोड़ देब समझदारी होई।
We must hurry.,हमहन के जल्दि करेके होई।
You might be thinking.,तोहार सोच हो सकला।
I'll be back in just about five minutes.,हम.....हम बस पाँच मिनट में वापस आवत हईं।
What a complete plonker!,का पूरा पियक्ड हउआ !
I'm too old is the reason.,हम येतना बूढ़ा हईं की चल नाही पाइब।
They speak Tamil.,उ लोग तमिल बोलेन ।
Ram had breakfast after reading the newspaper.,राम अख़बार पढ़ेऽक बाद नाश्ता कइलस।
"There's more. I know the consequences, of this choice you're making.",हम लाकर निर्णय क परिणाम पता हव
"Let me work, and get off my back!","हमके काम करेदा, अउर हमार पीछा छोड़दा।"
Which newspaper do you read – the Times or the Guardian?,कवन अखबार तु पढल -द तइम कि गाडियन ?
You might slip and fall in the icy water.,तू चक्कर खाकर पानी में गिर सकत हवा।
I have to purchase a book.,हमके एगो किताब खरीदेऽक हऽ।
When are you coming late?,तु कब देरी से आवत हउअ ?
I don't want to walk.,हम टहरे नाई चाहत हईं।
So I won't show you my number!,त हम तुहके आपन लम्भर ना देखाइब।
Will you show me the please?,का तु किरपा कइके हमके देखइब ?
Through here.,इहवाँ के माधम से।
I want them looking like mirrors.,"सीसा के तरे, हँ महोदय।"
I announced the meeting.,हम बैठक क बता देहले हईं।
I think I’d rather have it in blue.,हमके लगऽल कि हम नाई बल्कि इ नीला रंग के होऽल।
"I know sir, punishment for an year or so, but I am ready for that, but it is necessary for me to go from here now.","हम जानत हई साहब एक दो साल की सजा ,और का , हम ओकरी खातिर हई लेकिन ये समय हमरा यहाँ से गईल बहुत जरुरी हऽ ।"
How many jewelers have shop?,केतना गहना बेचे वाला के दुकान ह ।
Wallace E. Unger.,वालेस ई । अंगरा।
We'll take him back to Billy's.,हम बिलि करय खातिन ऐके ले जा रहल हवा-जल्द ही आ रहल हव के रूप में हम कइ सकत हव
We are to be taught.,हमहन के सिखावल जात हवे ।
Make sure I don't see him.,कुछ अइसन करा कि हम ओके न देखि सकीं।
The mood here is resolutely up.,इहां मूड सख्ती से ऊपर बा।
"It's your world, boss.","ई तोहार दुनिया हव, मालिक।"
You know what the Mexicans say about the Pacific?,तोहके पता हव मकसिकन का कहलँ परसान्त के बिषे में?
"If I were you, I'd grow eyes in the back of my head.","अगर हम तोहरी जगही होइत, अपने सिर के पाछे आँखि लगा लेइत।"
I've looked through the hole?,छेदे में से हम देखले रहलीं।
I restored since I ate white rice.,भात खइले के बाद हम ठीक हो गइलीं।
How is your married life ?,तोहार विवाहित जीवन कइसन हव?
I remember the house where I was born.,उ घर हमके याद हऽ जहां हम पैदा भइल रहलीं।
We don't have a million dollars.,हमहन के एक लाख डांलर क जरुरत ना हवे।
Yourjob is to protect like a dog staying behind the women.,तोहार काम मेहरारून के पाछे एगो कुकुर जइसन रच्छा - रखवारी कइल हव।
How many hairs do you have down there?,तोहरे केतनी झाँट हव?
You've gotta get these cars outta the way.,तू रसते से बहरे एह कारन से मिलत होबा।
"Sarita did not go to London, nor could Rima go to Mumbai, both spent the holidays right here.","सरिता लंदन नाई जा पाई न रीमा मुंबई, दूनों अब आपन छुट्टी इहीं बिता दिहें।"
"Taking everything into consideration, his lot is a happy one.",सबकुछ मान लेहले से उ केहू के खुश कइ देहलस।
Do you know where is the post office ?,तु जानत हउअ कि डाकघर कहवा हउए ?
Wolfram is one of the rarest minerals.,वोल्फ्रैम सबसे दुर्लभ खनिज हऽ।
I don't know the answer to that.,हम एकर जवाब नाई जानी ऽल।
What a fantastic performance!,का बहुते अच्छा काम रहल हऽ !
At what time did you meet Mohan yesterday ?,तु कलिहा कवने समय मोहन से मिलल ?
Are you telling the truth?,का तु सही बोल रहल हउअ ?
"To tell the truth, I quite forgot my promise.","सच बोले खातिर, हम आपन वादा भुला जाऽब।"
Do you deny it ?,का तु एहके नकर देहल ?
How many times have you been there?,तु ओहवा केतना समय रहल हउअ ?
"Although Tom reads novels, Jack reads comics.","यद्यपि टॉम उपन्यास पढेलन, जैक जासूसी किताब।"
I need a cushion.,हमके गद्दी चाही।
Will you not help me?,का तु हमार मदद नाइ करब ?
Governor will be there.,राजपाल उहवाँ होइहँ।
It's better here.,ई बेहतर हव।
My name is Manohar Ahuja and he is Rajesh Tilwani.,हमार नाम मनोहर आहुजा हऽ और ओकर राजेश तिलवानी।
Ram chased Ravi.,राम रवि क पीछा कइलस।
I like this coat.,हमके इ कोट पसंद हऽ।
John was laughing before Mary was drawing a circle.,मैरी के गोला बनावे से पहिले जॉन हंसत रहल।
"Speaking honestly, I do not know.","सच कही त, हमके नईखे मालुम।"
Very good.,बहुत अच्छा।
"Call in a box, Otis.","एक बॉक्स, ओटिस में बुलावा।"
I can't stand much more of this.,अब हमसे इ और बर्दाश्त नाई होई।
Can I go ?,का हम जा सके लीं?
Don't you like pizza?,का तोहके पिज्जा नाइ पसन्द हउए ?
How did Shukla succeed in persuading Gandhiji to visit Champaran?,गांधी जी के चंपारन बोलवले में शुक्ला कइसे कामयाब भइलें।
Sit down where you please.,किरपा जहा तु हउअ ओहि बइठ जा।
I got married 20 years ago.,हमरे बियाहेऽक 20 साल हो गइऽल।
Ila gave this necklace to mother.,येह हार के इला माँ के दे देहली।
I have much work on hand.,हमरे हाथ बहुत काम हऽ।
We just showed up.,हम सिरिफ देखवलीं।
Amelie has not closed the door.,अमेली दरवाजा न बन्द कईलस ।
"You say that Puja resembles your sister-in-law, assume she is standing in front of you and giving you this.",तुही कहेले न कि पूजा क शक्ल एकदम तोर अपना भडजी से मिलत वा बस इहे बझ ले कि तोरी समने उन्हे खडी बो और तोके देत वा ।
You had not practised your English.,तु अनगरेजी मे अभ्यास नाई रहल ।
"When I come back this is all gone, all right?","वापस अइले लेख् सब साफ हो जाई, ठीक?"
Brooks Hatlen knew it. Knew it all too well.,बरूक्स हैटलन इ बहुत अच्छी तरह जानत रहल।
You have been playing cards.,तु पत्ते खेल चुकल रहल हउअ ।
Several years after they had split up they met again by chance in Paris.,अलग भइले क एतना साल बाद उनके लगे पेरिस में मिलले क मौका रहऽल।
He's just institutionalized.,ऊ खाली संस्था बन गइल।
"Look, I have been working in this bank since twenty years and it is my duty to protect their money.",देखअ हम बीस सालसे से बैंक क नमक खात हाई और एकी पेंसा क हिफाजत कईल हमार फर्ज बा ।
#Say you can't go on anymore# #It's not like me to come out and help you# #Maybe I've been down this road before#,# ई बहरे आवे खातिन हमके पसन्न हव अउर आप # मदद ना करत हव # सायद हम # से पहले येह सड़क के नीचे कयल गयल हव।
Does she not work?,का उ काम नाई करत हई ?
Maher respects Maher’s teacher and Omar respects Omar’s teacher but Zayd doesn’t respect both teachers.,"माहेर अपने टीचर क सम्मान करेंऽल, उमर अपने टीचर क सम्मान करऽलं लेकिन जायद दोनो टीचर क सम्मान नाई करऽल।"
These are yours.,ऊ तोहार हवॅ
I was wondering if I could get you anything.,हम सोचत हई कि तूहें कुछ मिल जाऽत।
Did he say to let my son out?,ऊ कहले रहलँ हमरे बेटवा के छोड़े खातिन।
The name's Eight-Ball. Like in the game,"नाम के आठ गेंद, खेल में जइसे"
I read Sindhi books.,हम सिंधी किताब पढ़ी ल।
Does she speak English fluently?,का उ सपाट अंग्रेजी बोलत हई ?
Were you singing a song?,का तु गीत गावत रहल ?
The wall is thick.,दिवलिया मोट बा।
The last time I saw him he was in high spirits.,पिछली बार जब हम ओके देखली तब उ बड़ा उत्साहित रहऽल।
We bought the cars which transported them.,हमनि उ गाडि खरीदलीं जे उनके पहुंचवल रहि ।
Figs are good to eat.,अञ्जीर खावे खातिर अछा होवे ला ।
"He's not alone this time, I'll also wage war along with him.","ये बेर ई अकेल ना हवॅ, जूध में हमहूं एनके संहे जाइब।"
Gradually I purchased machines to make toffees and biscuits.,धीरे-धीरे हम टाफी अउरी बिस्कुट बनावे वाला मशीन खरीदनी।
Filthy beast!,जानवर कहीं क!
How did you come by his purse ?,तोहके ओकर पर्स कइसे मिलल।
Did he not save you from drowning?,का ऊ तोहके डूबला से न बचवलन?
"Oh, yes. The Sunday sweater your mother said.","रविवार स्वेटर, वैंग्टा ने कहल"
I also did.,हमहु कइलीं।
I don't hurt you intentionally.,हम जानबूझ के तोहके दुखी नाई कइलीं।
I cannot afford to be late.,हमके देरी बर्दाश्त नाई हऽ।
The dog barked.,कुत्ता भौकलस ।
"I mean a few extra foot-pounds of energy per second, per second.","हमार माने हव...सकती क कुछ जिआदे मतरा परति सिकंड, परति सिकंड।"
How many magazines do you have?,तोहरे लगे केतना मैगजीन हउए ?
Can you try again?,का तु फिरसे कोशिश कइ सकलअ ?
Since Mohan's house was close by he just walked home.,उहे चल गइने काहे की मोहन के घरवा खालीनजदीक रहल ।
Mohan ate sugar.,मोहन चीनी खइले हऽ।
I will not be able to go alone.,हम अकेले नाई जा पाइब।
Does she give to charity ?,का उ दान देत हई ?
You're home already.,तू वापस भी आ गयल?
You split the team up.,आप टीम अलग हो जात हवँ।
There were many shops in a big ground.,बड़का मैदान में उहां ढेर दुकान रहल।
We bought a radio.,हमहन क एगो रेडियो खरिदली जा ।
The lion feels dangerous in this cage.,शेर के इ पिंजरा ख़तरनाक लगऽत।
"What car is faster, the red one or the blue one?","कवन गाड़ी तेज चलेले, लाल या नीली ?"
Morriro was the youngest one.,मोरिरो सबसे युवा रहल।
IRS can't touch one cent.,आई आर एस एक परतिसत के छूना सकत।
They say you have a pact with the devil... and you turn into a werewolf at night.,मालकिन ने एक समझौता कइले हईं सैतान के संग...अउर रात में एक बेयर वोल्फ में बदल जात हईं।
That's a bright idea.,उ जबरदस्त विचार बा ।
"This is all that's left of your mother's things, Pelle.",येही बचल हव माँ की चीजरें मे से।
What's takin' you so long?,का एतना लम्मा समय आप ले जात हवॅ?
Give me back what you stole from me.,हमके वापिस करा जवन तू चोरवले हवा.
"Well, that's, uh-- that's, uh-- Why are you standing?",तू बहाँ काहे खड़ा हवा?
Are my friends helping me?,का हमार मित्र हमार सहायता करत बानअ?
Does Your father still wear shoes while sleeping at night?,का तोहार पापा अभईन भी राती में जूता पहिन के सुते लअ ।
It's okay.,ई ठीक हव।
"You don't want to make your injuries worse, do you?",उ एक इसारा हऽ जंगल स्वस्थ हऽ।
"So many has tried to flatter me, but nobody for my dress.","कई लोगन हमके पटवले क कोसिस कइले हवँ, लेकिन केहू हमरे पोसाक खातिन कबों ना कइलॅ।"
"Repeated thee Minister nervously, surely that's a little bit of an overstatement.","मंत्री कई बेर बोल ल, पक्का नरबसाइल रह ल।"
Education is the most pressing need of our country.,शिक्षा हमरे देश सबसे जादा आवश्यकता हव।
"Alright, don ` t tell me but I have understood everything.",ठीक हऽ मत बतावअ केहू पर हम त सव जान ही जाईब ।
Can you preach our religion?,का तु हमरे धरम पर सलाह दे सकल ?
Best navy cadet cup?,अच्छा नेवी कैडेट क कप
"it was bigger, deeper, and full of fishes.","ई बहुते बड़ा रहे, गहीरा रहे अउरी मछलियन से भरल रहे।"
Doc.,डॉक।
Boys got up.,लईका लोग जाग गईने ।
Rain fell heavily.,बड़ा बरखा हो त।
Do you need help with something ?,का तु कुछू के साथे मदद कइल जरुरी हउए ?
I am sorry for what I have done.,हम जवन कइली ओकरे खातिर माफी मांगत हई।
"I want your nephew Omkar to marry my daughter , if there is any demand for the dowry then.",हमके आपन ओमकार दे द हमरा बेटी के आपन बहू बना ल आगर दहेज खातिर आपकअ कवनो मांग हऽ त ।
The books are kept on the table.,किताब मेजे पर धइल हऽ।
Please move aside.,चला सम्हने से हटा!
You don't know a damn thing about it.,आपको येकरे बारे में कुछ ना पता हव
When will you return the book ?,तु किताब कब वापस करबा?
Bull queers take by force.,बुल दबोच लेत हवँ।
She herself says so.,उ खुद ही अईसन कहली।
Sher Khan.,सेरखान।
Why should I laugh?,हम काहे हंसी।
This was some twenty years ago.,ई कुछ बीस साल पहिले रहे।
Ravi watched a film.,रवि एगो फिल्म देखलस।
Grandmother you've thirty-three teeth.,दादी तुहरे 33 दाँत हव।
I play tennis.,हम टेनिस खेलीऽल।
I was coming from the market.,हम बाज़ार से आवत हईं।
Men must work and women must weep.,आदमिन के काम करे क चाहीं और औरतन के रोवेक।
Cars were not polluting the environment.,सब कार वातावरण के प्रदूषित न कर रहले ह ।
I'm coming in close.,हम लग्गे आवत हईं।
Are you coming?,तू आवत हवा?
"Yes, master.","हाँ, मसटर।"
I am sure I have seen him at the party last night.,हम निश्चित रूप से कहि सकीऽल कि ओके रात के पार्टी में देखले रहली।
A girl was running fast.,एगो लइकी बहुत तेज दउड़त रहली ।
Please give it to me.,तनी ई हमके दा।
This infuriated Umar Soomro consigned her to prison.,उमर सूमरो क क्रोधी व्यवहार ओके जेल तक पहुंचा देहलस
"Danny can't wake up, Mrs. Torrance.","डेनी जाग ना सकेला, सिरीमती टॉरन्स।"
"How's it going, Doc?",कइसन चलत हव डॉक?
Or will you even buy Vizag?,तू त पूरा सहर खरीद सकत हवा?
It is certain that he will help you.,ई तय बा कि उ तोहर सहायता कर दिहन।
"In the club, which is very popular, they often have a disco.","क्लब में, जवन बहुत लोकप्रिय हऽ, ओमें ई डिस्को हऽ ।"
Be that as it may,वैसे रहा जइसन हवा।
She said no one was to know.,मलकिन ने कहले रही केहू निचे पेलें?
Can you fly in the sky?,का तु आसमाने मे ऊड सकल ?
I go home.,हम घरे जाब।
"Really, the guys just don't trust me anymore.","सच में, लोगन के अब हमार भरोसा ना हव।"
He has a name.,ऊ नाँव हव एक तू।
"By comparison, the movie was dull.","तुलना में, मूवी खराब रहिल।"
Goddamn it!,ओफ ओह!
Thank you for saying so.,तुहार अइसन कहअ खातिन धन्नबाद।
Have you saved any money?,का तू पइसन क बचत कइले हवा?
Success attends hard work.,सफलता कटिन परिश्रम से उपस्थित होला ।
Please get the information from related counter.,संबंधित काउंटर से जानकारी ले ल।
I shall go there.,हम उहां जाइब।
We went to watch an exhibition.,हमहन क एगो प्रदर्शनी देखे खातिर वल गईल रहली जा ।
"Hello, Hello Mohini Jee! I wanted to tell you that Munna is making you a fool.","सुनअ, सुनअ मोहिनी जी! हम तोहसे इहे कहला चाहत हई कि मुन्ना तोहके बेवकूफ् बनावत हअ ।"
I am peeling off oranges.,हम संतरा क गूदा निकारत हईं।
I think Mary will not come.,हमरे ख्याल से मैरी नाई आई।
Again the games were played in the afternoon.,दोपहर में फिर से खेल भइऽल।
It is very windy today.,आज बहुत हवा हऽ ।
I saw a boy speaking with his father.,हम लइका के देखली अपने पिताजी से बतियावत रहऽल।
"I'm afraid it's advocaat, sir.","हमका डर हव कि ई वकील हवँ, साहेब।"
Ram is afraid of lion.,राम शेर से डराऽत।
An anger to kill with my own hands.,एक गुस्सा हमरे हाथन से मरल हव जइसे।
How could Eco find time to write to so much in his life?,ईको एतना लिखे बदे अपने जीवन में कैसे समय पईह?
How much did this dress cost ?,ई ड्रेस के केतना किमत लागल?
Ravi has written for two hours.,रवि दूई घंटा तक लिखते रह गइऽल।
This was restricted only to classroom activities.,ई खाली कक्षा के कार्यप्रक्रिया पे मनाही बा।
"You would never hurt Mommy or me, would you?","तू माई चाहे हमके कबों ना मरबा, न?"
Give me the book and I will read it.,हमके किताब द हम ऐके पढ़ऽब।
Your attempt can hardly be called successful: for it has had no good results.,"तोहार प्रयास मुश्किल से सफल कहलाई, काहे से कि एकर कउनो बढ़िया परिणाम नाहव।"
Please open this window.,इ खिड़किया खोल।
Lata has gone to buy sweets.,लता मीठा कीने गइल हऽ।
Has it worked?,का ई काम करे ला?
Did Nina pay attention to the story ?,का नीना कहानी पे ध्यान देहली?
What about you ?,तोहरे बारे में का?
They will be able to read Sindhi book.,उ सब सिन्धी किताब पढ़े में समर्थ हवे ।
You can't understand it.,तू एक ना समझ सकला।
A mighty warrior loved by women...,औरतन दुआरा एगो बहादुर जोधा पिआर कयल गयल...
No one was at home yesterday.,केहू काल घर पर न रहे ।
"""You want the night off?",तू आज रात ऑफ नाही ले सकत हवा।
"Which do you prefer, tea or coffee?",तोहके कवन पसन्द हउअ चाय या काफी ?
Look out!,देखिहा!
Don't make me come down or I'll thump your skull for you!,हमके उहवाँ अइले पे मजबूर मत करा। हम तोहार खोपड़ी तोर देब।
We sat and drank with the sun on our shoulders and felt like free men.,धूप में बइठल पीअत हम सोहन्तर मसूस करत रहलीं।
"It looked like a man, but it was hard like stone, and cold as ice...",उ अदमी एक जइसन देवलय लेकिन उ बर्फ के रूप में ठड़ा रहल कठिन अउर पत्थर के रूप मे
"The recording having been finished, we turned off the tape recorder.","रिकॉर्डिंग खतम हो गइल हऽ, हमने टेप रिकॉर्डर बंद कइ देहले हईं।"
Will he not have been worked?,का ऊ काम ना कईले रहने?
We certainly meet atleast once in a year.,हमहन क निश्चित रूप से अक् बरिश में कम से कम एक बार मिलल जाई ।
"What can I tell you, my son?",हम तुहके का बता सकत हई मोर बेटवा?
How many best friends your sister have ?,तोहरे बहिन के केतना बढ़िया दोस्त हवन?
And your place is here.,अउर तोहार जगह इहवां हव।
The Mayor's speech was loudly cheered.,मेयर क भाषण खुशी से भरल रहल।
Rickshaw man will come early in the morning.,रिक्शावाला भिनहिया जल्दी आई।
I will watch while you sleep.,जब तू सूतबा त हम देखऽब।
You opened windows.,तु खिड़कियन के खोला।
You left your college studies to bear the responsibility of these children and began with a small job.,ये लईकन क जिम्मेदारी निभावे खातिर आपन पढाई आधा मे छोडके एगो छोट क नौकरी से शुरवात कइला ।
I am much glad to see you.,हमके तोहके देख के बड़ी खुशी भइल।
Mr. Mehta became a lawyer.,मिस्टर मेहता वकील बन गइल।
How does the teacher ask question ?,गुरुजी सवाल कइसे पूछें।
You worry too much.,तु बहुते अधिक ध्यान देत हउअ ।
What kind of weather did the sailors enjoy at the beginning of their journey?,का मौसम क तरह नाविकवे सफर शुरू करे से पहिले मजा लेह ल रह ल।
India has been independent since 1947.,भारत 1947 से आजाद बा।
Can't we stay?,का हम रूक नाही सकत?
Your shyness is making me go mad.,तोहार सरमाहट हमके पागल बनावति हव।
Will Tina paint wonderful pictures?,का टिना बढिया फोटो रगिहे ?
Give me my tinder-box.,हमार सोख्ता वाला बक्सवा हमके दे द।
Things went on like that for a while.,कुछ बखत अइसहीं चलत रहल।
Now I'm going to open my fly and you'll swallow what I give you to swallow.,"अब, हम आपन जीप खोलअ वाला हईं अउर तू चुसबा जवन हम तोहके चुसअ देब।"
"I'm telling you, this is a total scam.","हमके आपके बतावत हईं, ई एगोकुल घोटाला हव।"
Ram was in the market.,राम बाजार में रहऽल।
The match is evenly placed.,मैच बराबर रहल।
Ravi was beaten in his house.,रवि अपने घर में पीटल गइऽल
Why they'll never see me again.,काहें अब हम करब ना
"This is as good as that, if not better.",बेहतर न सहि त ठीक हऽ ।
Pulse at 78. Stable.,पल्स 78 पर स्थिर
"Halva, fudge, coconut cakes","हलुआ, मीही, दाना, नारियल, केक."
"Yes, sir.",सही? जी साहेब।
Don't you want anything ?,का तोहके कुछ और नाइ चाहि ?
I am of 1970s.,हम 1970 क हईं।
Didn ` t Tina come back with you?,तीना तोहरे संघे वापस ना आईल
Something up?,कुछ हो रहल हव
Over. We're just fine.,हम बस ठीक हईं।
I was to be taught.,हमके पढावेक रहल।
I am not afraid of it.,हम ऐसे डरऽल नाई हई।
You also come with us.,तु भी हमहन के साथ आवा।
To win a prize is my ambition.,इनाम जीतल ही हमार उद्देश्य हवे।
"All right, Danny.","ठीक हव, ई डेनी।"
It is an ill wind that blows nobody good.,ई बहुते ख़राब हवा चलत बा जवन की केहू खातिर ठीक नईखे।
I have no time.,हमरे लगे समय नाईऽब।
You don't?,ना पसन्न हव?
This is the girl whose mother is from Canada.,ई उहे लड़की हई जेकर मम्मी कनाडा में रहेली।
"It's soft, but it can hold up anything.",आयरन या चट्टान
We live a block away from the park.,हमहन क पारक से दूर ए ब्लाक मे रहेली जा।
My father is very honest.,हमार बाउजी बड़ा ईमानदार हवें।
Is your father feeling any better.,का तोहार पापा कुछ बेहतर महसूस करत बाड़न?
Wow!,साबास!
I saved your ass tonight.,हम आपन गदहा आजु राती बचवलीं।
Everybody in here's innocent.,इहवाँ सब केहू निरदोस हव।
I do not know from where to seek help.,हमके नाई पता हऽ कि कहां से मदद मांगल जाइ।
I talked to him for ten minutes.,हम ओसे दस मिनट ले बतियइलीं।
"King Francis was a hearty king, and loved a royal sport.",राजा फ्रांसिस दयालु राजा रहऽल और शाही खेल पसंद करत रहऽल।
What a wonderful creature an elephant is!,हाथी केतना अद्भुत जानवर होला!
Don't loiter about the street.,सड़क पर मटरगश्ती करब ठीक नाई हऽ।
Let's get a picture with Mr. McCaffrey and myself.,सिरी एम सी केफरे अउर खुद के संहे एगो तसवीर मिलत हव।
I don't know.,काहें? हमें पता ना हव
You will get the prize if you deserve it.,अगर तु योग होबा त तोहके इनाम ली।
"You have your own house, don't you ?",तोरे पास आपन घर हव।
"You take care of that sweater now that I have mended it, huh?",अपने स्वेटर क खियाल रखिहा हम एके रफू कइ दिहल हईं।
What's going on with you?,का तुँहरे संहे चलत हव?
I am very fond of Chhola Bhatura.,हमके छोला भटूरा ढेर नीक लगा ल।
The girls who are participating in the play will not sleep tonight.,जवन लइकी नाटक मे भाग लहले हइ ।
Making the India's No.1 paper brand.,भारत क एक नंबर का अख़बार बनावत हईं।
"I'll let him come back alive, Princess.",हम जिन्दा बापिस आई रजकुमारी
I've earned my own living since I left my college.,कॉलेज छोड़ले के बाद हम आपन कमाई शुरू कइलीं।
"In my opinion, speaking in English easier than writing in English.",हमरे हिसाब से अंग्रेजी लिखले से आसान बोलल हऽ।
She needs you the most now and because of me you have to leave her alone in such a situation.,ये समय उनके सबसे जादा जरुत तोहार बा और अईसनस्थिति में उनके अकेला छोडकर तोहके मेरी वजह से फासे जाये के पडत वा
They're going to send away the boy.,उ ओके दुर भेजय जा रहल हव।
"It was like, weird.",ई अजीब जइसन रहे।
Look at the house; I haven't the means to repair it,"घरे के देखा, एकर मरम्मत करे क सकती हमरे में ना हव ।"
They were acting on the instructions from above.,उपर के निर्देशानुसार उ लोग काम करत हऽ ।
The boy said that he would go with us.,लइका कहलस की उनके हमारे साथे जाईल चाहिए।
Haven't been here since Smiley kicked the bucket.,इस्माईली बल्टी लात मरले के बाद इहवाँ ना कइल गयल हव।
I heard of his having gained a prize.,हम ओके इनाम मिलेऽक के बारे में सुनलीं।
I work an eight-hour day,हम रोज आठ घंटे काम करीऽल।
That boy over there is my son.,उ लड़का जवन उहाँ हवन ऊ हमर बेटा हवन।
But I will go back only when Bauji will himself give Simran ` s hands to me.,पर जाईव तबे जब बाबूजी सिमरन क हाथ खुद हमरे हाथ पर रखिहें ।
It is a pity that you didn't try harder.,ई बहुते दया के बात बा कि तू मन से कोशिश ना कईल।
Victoria?,हम एक निर्णय बनावे खातिन देखय के होइ
Keep rehearsing!,पूरबाभास जारी रखिहा।
I ain't dead yet.,हम अबहिन तक मरल ना हई।
We compelled the enemy to surrender.,हमहन क हतास हई जा दुश्मन की आगे अपने के भेजे खातिर ।
The farmer has been sowing out the seeds.,किसान बीज के बुआई कर देले बानअ।
I'm tryin' to explain.,हम समझवले क कोसिस करत हईं।
Is this table booked ?,का ई टेबल बुक हवे?
Work hard.,कड़ा मेहनत कर ।
Will you not alter my decision ?,का तु हमरे फैसला के नाइ बदलब ?
What’s your father name?,तोहरे बाऊ क नाम का हव?
"Rita, what are these?",रीता इ सब का हऽ।
I have some duties.,हमार कुछ जिम्मेदारी हऽ।
This is the reason why I left.,ए कारन की वजह से हम छोड़ देहनी।
Andrea is busy.,अन्द्रिया व्यस्त हऽ ।
Now what do you want ?,अब तू का चाहत बाड़अ?
An attractive E.M.I scheme of Rs.9999 also available.,9999 रुपये के ई।एम।आई। के स्कीम बा ।
I agree with whatever my elder brother is happy.,"जेमअ भईया क खुशी हो काका , हमके मंजूर हऽ ।"
Why is it that only the Police has the right to fight against the evils and crimes. why don ` t we have that? Why sir?,देखअ हम बीस सालसे ए बैंक क नमक खात हई और एकरी पेंसा क हिफाजत कईल हमार फार्ज बा ।
I believe it.,हम विश्वास करीऽल।
I'm dizzy.,हमके चक्कर आवत हव।
Indian tea is the best tea.,भारत क चाय सबसे बढ़िया चाय हऽ।
I guess after Tommy was killed Andy decided he'd been here long enough.,"टॉमी के मरले के बाद, एंडी फैसला कइलै बस बहुत रह लेहला यहां, चल जा।"
Do you have butter and sauce ?,का तोहरे लगे मक्खन और सास बा ?
Which year of is this calendar ?,ई कवनी साल के कैलेंडर हवे?
They were a party of settlers in covered wagon times.,ऊ वासिन्ननक एगो परटी रहल ठकीं बेगनन के दउर में।
Have my friends been helping me?,का हमार मित्र सब हमार सहायता कइले रहे?
I have lived in Iran.,हम इरान में रहलीं।
Stay back!,पीछे रहा!
Ram has four buildings.,राम के चार बिल्डिंग हऽ।
We have been working together.,हमहन एक्के साथे काम ना क लिहल जाई ।
Put it down.,एके नीचे रक्खा ।
An iron rod was put into fire.,लोहा क छड़ आग में धई उठल।
Leela saw her crying.,लीला ओके रोवत देखलस।
I have not heard anything from Ravi for ages.,हम रवि से किनारे क लेके कुछ नाई सुनले हईं।
We hope that her results will be good.,उम्मीद ह् के ऑकर परिणाम नीमन होयी ।
Pity.,दया आवत हव
Who gave you the silver paper?,ई चानी क कागज कहवाँ से मिलल?
I-I-I b-baked a cake.,हम एक केक बेक कइलीं।
We ate chicken at the restaurant.,हमहन क होटल मे खा लिया ।
"Jacob, you idiot.",याकूब तू का अकेले हो सकत हवा लियाहऽ
You'll be all right.,कुल ठीक हो जाई।
What would you do after finishing studies ?,तु पढ़ाई खत्म कर के का करबा?
The boy works hard.,लइका मेहनत के काम करत हउए।
The wounded man was being helped by some boys.,कुछ बालक अनुशासन के लेके उत्तरदायी न हऊवन ।
The monthly allowance for your bastard son!,अपने बेटे को मासिक भत्ता।
We are employees of the same company.,हमहन क एकही कम्पनी के करमचारी हई जा ।
The dog ran after the cat.,कुत्ता बिल्ली के पिछे दौड़ल ।
So we just put her in bed and waited.,त हम बस बिस्तर में ओके डार दिहलीं अउर इन्तजार करत रहलीं।
We have not been enjoying our holidays.,हमहन क अपनी छ्ट्टी क मजा ना ले पवली जा ।
"You, Rihei?",तू रिहेई?
I sent my best friend a letter.,हम अपने प्रिय दोस्त के चिट्ठी भेजलीं।
How many teachers are not in the class room?,केतना अध्यापक कक्षा में ना हऊवन ।
"They work hard in all seasons: summer, winter, and rainy seasons even then they do not get sufficient food.","ऊ सब सबे सत्र में कठिन परिश्रम करेला, गरमी, जाड़ा अउरी बरसात एह के बाद भी ऊ लोग के भर पेट खाना न मिलेला।"
"Wonderful, what a lovely voice !","बहुत सुंदर, केतना बढ़िया आवाज हऽ।"
I'm fasting today.,आज हम भूखल हईं।
I had Mr. Mozart to keep me company.,हमरे संहे सिरी मोजाट रहल।
Mohan had the urge to laugh.,मोहन के लगे हंसे क वजह रहऽल।
Have you ever heard of the Emishi people?,एमिशी।
"You're not getting away with it, understand?","तू एके लेइके बचि ना सकत हवा, समझ में आयल?"
Sheila told Mohan to come early in the evening.,"शीला, मोहन से सांझ के जल्दी आवेके कहली हऽ।"
You've got an awful short memory for direct orders.,आप सीधे आदेस के खातिन एक डरावना कया स्मृति मिल गयल हव।
This is a splendid theatre.,ई बहुते शानदार सिनेमाहाल हवे। ।
Can you wash my clothes ?,का तु हमार कपडा फिंच सकल ?
"Well, not yet.","खयर, अबहिन ना।"
The mango is fit to eat.,आम खावे खातिर एगदम ठीक ह् ।
There's a woman over there who I can't help noticing.,उहाँ एगो औरत बा जेकरा के देखला में हम कवनो सहायता ना कर सकेली।
Does he shiver?,का ऊ कांपत रहने?
This meeting is over.,"सिरीमान, अगर हम कबों बहरे निकरीं।"
"This book, I would not know whether to buy it.",इ किताब हम नाई जानीऽल कहां खरीदलीं।
Beer... that's--,बीयर...।
You don't want to stay there.,तु ओहवा काहे नाई रुकल चाहत हउअ ?
Not if you hit hard enough the first time.,तब ना अगर तू पहिली बार ही बढि़या से मरल
Was Tarun tired last night ?,का तरुन पिछले रतिया थकी गइली ?
Will Sima be able to cook a meal today?,का सीमा आज के खाना बनावे के योग्य होईन्हें?
I have two brothers and a sister.,हमरे दुई भाई और एगो बहिन हऽ।
How to speak in English?,अङ्ग्रेजी कईसे बोले जावे ल ।
We go!,हम चलत हईं
"Kim was dancing, and Sandy was.",किम नाचत रहे और सेंडी भी ।
"The Freedom Riders departed on May 4, 1961, and they were determined to travel through many southern states.",स्वतंत्रता धावक ४ मई १९६१ के आपन दौड़ शुरू कईल लोग अउरी उह लोग दक्षिण की तरफ के कई राज्यन में घुमला के निश्चय कईले बा लोग।
He's only fifteen. One of the youngest we've had.,इ हम ना रहली जब तक उ छोटा रहल उ हव 15 साल।
It is used to carry goods across the desert.,ई रेगिस्तान से माल ढुलवाई में उपयोग कईल जाला।
Why did you go to hostel ?,तु काहे छात्रावास में गइला।
Is a piece of paper.,कागज क एगो टुकड़ा।
Can you forget it please?,का तु कॄपा कइके यहके भूल सकल ?
I have no use of it.,इ हमरे काम क नाई हऽ।
We used to study.,हम्मन के पढ़ेक आदत हऽ।
How's the wife treating you?,मेहरारू तोहार इलाज कइसन करति हव?
I was surprised at Hari's being absent.,हम चौंक गइली जब हरि नाई हाज़िर रहऽल।
She'll be a cat which swells after his death.,मुअले के बाद बिलारी जइसन फूलि जाई।
No buts about it.,ए एकरी बारे में नईखे।
Hard to get.,पावल मोसकिल हव।
Was there a lot of traffic ?,का इंहवा बहुते ज्यादा ट्राफिक रहल?
I don’t know how far he has gone.,हमके नाई पता कि उ केतना दूर निकर गइऽल।
A real secret. You promise?,ये ही बात गुपुत रखा
"I've brought some presents I'd have come earlier, if I could","हम कुछ उपहार ले आयल हईं । हम पहिले आयल होतीं, अगर हम आइ पउतीं।"
Do you think I care about that? I came to give you this so you won't forget your little sister.,लेकिन हम आपन जानदार कटार हयी।
Grab his ankles.,ओकरे एडि़न पकरा।
Word gets around.,अफवाह हव की
Generally your conduct is good.,सामान्य रूप से आपके आचरण अच्छा हवे।
I am satisfied with you.,हम तोहसे संतुष्ट हईं।
The woman is coming tonight.,आज रात के आई उ औरत।
Are you ill?,का तु बिमार बाडअ ?
"Yes, they get a rest because they've earned it.",ई हमें तय करय क हव।
Why?,काहें
Why are you late ?,तु देरी से काहे अइलह ।
They enjoy swimming.,उ सब तैरल पसन्द करेन ।
Can I draw your attention?,का हम तोहार ध्यान बटा सकेलीं?
I found upon enquiry that I had mistaken the house.,हमके जांच में पता चलऽल है कि हम घरे में गल्ती कइली।
No one could deny that she was pretty.,केहू इन्कार नकर सकेला कि उ सुन्दर रहे ।
A spider spins a web.,एगो मकड़ी जाला बुनुवे ।
At what time does the security check start ?,कवनी समय सुरक्षा जाँच शुरू होई?
"So far, so good",अब तक त सब् नीमन
When I haven't seen you in what... six years?,हम का ना देख लेई जब...छ साल?
Nothing?,कुछु ना?
What are you interested in?,तु केमे रूचि लेट हवा?
The minister addressed to country.,मंत्री देश के संबोधित कइ ल।
You need one.,तुहके एकर जरूरत परी।
The glass got broken by Ram.,राम गिलास तूर देहलस।
I learned grammar quickly because it is easy.,हम व्याकरण जल्दी सीख गइलीं काहे से कि आसान हऽ।
"Because she is very nice, after all her name is Anjali.",काहे कि उ बहुते अच्छी हऽ और काहे न हो ओकर नाम अंजलि जवन वा ।
You are tall.,तु लम्बा हउअ ।
"That's very good, Jack.","ई बहुत नीक हव, जेक ।"
Every man has his breaking point.,हर अदमी कतों न कतों टूटि जाला।
A talented person is his own master.,एगो प्रतिभा वाला व्यक्ति अपन स्वामि खुद होवे ल ।
We will do it bit by bit.,हमनि टुकडा-2 में ई काम करब ।
I'll bring books tomorrow.,बिहान हम किताबिया लेके आइब।
That's why my hands are so dirty.,येही वजह से हमार हाथ बहुत गंदा हो गईल बा।
"If you heat water, it boils.",पानी के गरम करिह हऽ उ उबल जायी ।
"Today was the last day to repay the debt but you did not repay, that is why I have come to remind you.",आज कर्जा चुका दिहले क अन्तिम रहे लेकिन तु दिहला ना एही से याद दिलावे आईल हई
Ravi does not play cricket.,रवि क्रिकेट नाई खेलेऽल
"So, you also know it.","त, तुहहूँ ई जानत हवा।"
Three persons before Rano Mendro got lost in the maze.,रानो मेंड्रो से पहिले तीन जने भुल भुलैया में हेरा गइल रहऽल।
We have met before.,हमहन क पहिले मिलल भुला गईल रहली जा।
This is small for me.,इ हमरे लिए छोट बा।
Royal priest had predicted this calamity only.,राजगुरु येह तरासदी क गनना तय कइ चुकल हवॅ
"But this is a lump of pure gold, you silly woman!",इ सिक्का तू चाहत हवा? हमके आपके भरे के होई।
What were you doing in the hen-house?,तू वहाँ का करत रहल
Thumb up my butt sounds better.,अच्छा कहला ढकनाँ जइसन।
It is very fast.,ई बहुते तेज बा।
Does he make himself clear ?,का ऊ अपनी बारे में साफ साफ बतईलन?
"Well, I just went around robbing banks, hitting trains till I ran into the only force that can truly bring down any outlaw.","खैर, हम सिरिफ टरेनन मार, बैंकन लूट के आस पास चलि गइलीं.....हम वास्तो में कवनहूँ गैर कनूनी नीचे ले आइ सकत हईं कि खाली बल में भाग तक।"
We live in a densely-populated city.,हमहन एगो ढेर अदमी वाला शहर मे रहत हई जा।
Sometimes it is necessary to leave the ancestral home ln town I may earn a little reciting from the scriptures,"कबों कबों पुसतेनी घर छोड़ल जरूरी हो जात हव, सहर में हम सासतरन के पाठ से...थोर बहुत कमा सकब।"
Mother has come.,माई आ गइल।
This is the place where our forefathers landed.,ई उ जगह हवे जहां हमनी के पूर्वज लोग रहत रहे।
We have the Snowcat.,हमरे लगे बरफ कैट हव।
Give me something hot: either tea or coffee.,हमके कुछ गरम चाही चाय का काफी।
Who wrote that letter ?,उ पत्र के लिखलस ?
I accept.,हमके सोवीकार हव।
It wouldn't have happened if he had been more attentive.,अगर ऊ पर्याप्त रूप से सचेत रहल होतन त ई बात ना भईल होत।
Now they are learning Sindhi.,अब उ लोग सिंधी सिखत बा।
In 10 minutes...,ये 10 मिनट में
What the hell's up with her?,का नरक ओकरे संहे हव?
But you are the first outsider.,लेकिन आप कबों बाहर पहीले रहल हव
I know. lt always takes a little time to make new friends.,"हँ, हमके पता हव। नया साथी बनवले में हमेसा थोड़ा (तनी) समे लगत हव।"
I'll only be a minute.,सिरिफ एक मिनिट में हो जाई।
It happened one night in the winter.,ई सर्दी के एक रात में भईल।
Tell Durga to come in for her meal,दुर्गा के खाना खाये खातिन आवे के कहा
The smell disgusts you.,गंध से तोहें नफरत हव।
I care very little what he says about me.,उ हमरे बारे में का कहऽल ऐकर हम ध्यान रखीऽल।
What I most detest is smoking.,हम सबसे ज्यादा नफरत सिगरेट पीए से करी ल।
Come.,आ।
"Oh, God.",हे भगवान!
Proclaim your love for me.,हमरे खातिर अपने प्यार क इजहार करा।
She is the enemy.,ऊ दुस्मन हव।
The people fled from war.,लोग लड़े से भाग गइलें।
"Taking away my heart with her, he left the place without leaving any trace.",हमसे हमार दिल लेइके हमसे दूर कइ दिहलअ अउर बिना बतवले पता ना कवने जगहीं चलि गयल।
Not more than that.,येसे अधिक ना
They must have laughed a lot.,उ सबे के खूब हंसे के चाही ।
What's that shawl?,ऊ चादर कहवाँ से मिलल?
"I just got a new job in the city, so I’m shopping for some clothes.",हमके शहर में नई नौकरी मिल गइल ऐसे हम कुछ कपड़ा कीनत हई।
#I despise 'cause it means--#,"काहें की एकर माने, हम घिन्ना।"
They are not going to call us.,ऊ लोग हमनी के नईखे बुलावत।
The extra profit justifies the investment.,ज्यादा मुनाफा निवेश के सही बतावऽल।
Does she like Japanese food ?,का उनके जापानी खाना पसंद हवे?
No kidding?,मजाक ना?
It is lucky that he came just then.,ई भाग्यशाली बा कि ऊ ठीक तबहीने आ गईलन।
It's a small car yet its surprisingly spacious.,ई बहुते छोट कार बा लेकिन एमे अचरज कर देवे भर के जगह बा।
Ram's house is not in Delhi.,राम क घर दिल्ली में नाई हऽ।
Who knows?,के जानअ?
Is there any nearby good restaurants,नजदीक में कवनो अच्छा रेस्तरां बा का इंहवा?
We have to purchase sarees.,हम सारी खरीदले हई ।
This is the ring that I found yesterday.,इ उहें अंगूठी हवे जेके हम कल पवले रहनी।
Remember who it belonged to?,ई का रहल जवन इयाद हव?
They're used.,इसतेमाल कइल हव ।
Don’t cut in me.,हमरे में न काटा।
"Maher thinks that Maher is strong and Omar thinks that Omar is strong, but his father does not think Omar is strong.","माहेर के लगऽल कि उ ताकतवर हऽ, उमर के लगऽल कि उ ताकतवर हऽ लेकिन ओके बाऊजी के नाई लगऽल कि उमर ताकतवर हऽ।"
You wrecked the physical evidence that I use to prove that it's arson.,तोहके पता हव हमके ई आगजनी साबित करेके हव की उपजोग करेवाली असली सबूत बिगड़ गइल हव।
Elizabeth was Queen of England from 17 November 1558 until her death.,एलिजाबेथ ईग्लैंड क रानी १७ न० १५५८ से अपने मृत्यु पर्यन्त रहली ।
Tula assigned him the work of bringing clay from the river bank.,तुला ओके नदी के किनारे से मट्टी लेआव क काम सऊँपलस।
"Thanks, how long you been in town?",धन्यबाद तू केतनी देर तक सहर कयल गयल।
Its roof is very old.,एकर छत बहुते पूराना बा।
Why does your mother scold you ?,तोहार माई तोहेक काहे डांटले?
"For despite the fact... they've gotten on each other's nerves for years, have managed with great effort to still be pissed off at each other.","येह बात के बवजूद के खातिन....ऊ साल खातिन एक दुसरे के नसन पे डार दिहले हवँ, अबहिनो एक दुसरे पे से नराज होखअ खातिन महान परआस के संघे कमयाब रहल हवँ।"
He's dead.,ऊ मर चुकल हव।
Did you buy it ?,का तु यहके खरीदल ?
You better make a move now.,अब तोहके जाए के चाहि।
It is a good rule to go by.,ई बहुते अच्छा नियल बाटे लगावे खातिर।
It will not be working.,ई काम ना करत होई।
How far have you studied ?,तु केतना लम्मे तक पढ चुकल हउअ ?
Rush hour is almost over.,भीड़भाड़ होत एक घंटा हो गइल ।
Why's that?,अइसन काहें?
Is Tony the one that tells you things?,का टोनिअ...तुहके बतावत हव चीजन?
When do we have supper?,जब हमहन के राति मे खाये खातिर का हवे।
He hasn't had any alcohol in 5 months.,ऊ 5 महिन्ना से सराबना लिहल।
I left him behind.,हम ओके पीछे छोड़ देहली।
We took a turn around the park.,हमहन क पार्के की चारो ओर एगो घुमाव ले लीहली जा ।
Always carry a stone.,हमेसा अपने जेब में एक पत्थर रखा।
"All that you love, you'll destroy.",तोहसे पिआर करत हईं कि सभे आपके नस्ट कइ देई।
Your book lies on the table.,तोहार किताब मेज पर पड़ल हव।
Please pack this.,बान्ह दा एके।
Have you heard the name of Charminar ?,का तू चारमिनार के नाम सुनले बाड़अ?
Elder brother! Ask that god that why does he bring good people?,बडका भैय्या! पुछ ओ भगवान से अच्छा लोगन के अपने पास काहे वुला लेलअ? काहे वुला लेलअ ।
The caravans from Kech Makran a kingdon situated in south west of Sindh also used to pass from there.,"काफिला केच मकरान राज्य से, सिंघ के दक्खिन पश्चिम में स्थित रहे जे उहां से भी जाएके प्रयोग करत रहन ।"
I did not work.,हम नाई काम कइलीं।
I don't have time for this bullshit.,हमें इ बकवास खामिन समय ना हव।
Not right now.,बेनडी: अबहिन नाहीं ।
We are not staying with a family.,हमहन क एगो परिवारे की शाथे ना रहत हई जा ।
Mohan remembered the story.,मोहन के कहानी याद हऽ।
You coulda just grabbed April and hit the trail.,तू सिरिफ अपरेल पकरला अउर निसान मारल जा सकत रहल...
"Then, you will win, Raghu Veer.","तब, आपअ जितबा, रघुबीर।"
Is Ram at home ?,का राम घर पे हवे?
Can I help you?,का हम तोहार सहायता कर सकेली?
"You're astonished for this, Udhaigarh fort will be mind boggling.","तू एकरे खातिर अचरज कइ रहत हवा, उदयगढ़ किला दिमाग के झॅकझोरि देई।"
"Whoever it was, he left his stink behind.",इ जवन केहू भी पिछे छोड़ दिहल रहल बदबू
Nobody was willing to undertake duties of the post.,केहू इच्छा ना करत रहे कि पद के कार्य के छोड़ल ।
They seem to have had a good time in Rome.,ऊ लोग रोम में आपन समय मजा से बितावत बा लोग ।
I worked on Sunday.,हम इतवार के काम कइलीं।
"If I were selfish, I would keep you always at home.",हम स्वार्थी रहतीं त हमेसा तोरा के घर में रखतिं ।
Fetch a book for the boy.,लइका खरतीन एगो किताब लाईल।
Don't bother me.,हमके परेसान मत करा.
How is your sister ?,तोहार बहिन कइसन हेव?
What about room 237?,कमरा 237 के बारे में का?
I don't know.,हम ना जनतीं।
I have prepared well but I don't have any recommendation.,हम पूरा तैयारी कइले हईं लेकिन हमरे लगे कौनो सिफारिश नाई बा।
Sir...,साहेब....
We hope that better times will come.,हमहन के आशा हवे की अच्छा समय आई।
Why are all of you worried about the studies ?,तोह लोगन के पढाई के बारे मे ध्यान देवे के चाहि।
I knew that we should find you here.,हम जानत रहलीं हमन के तू एहि मिलऽब।
Ravana was killed by Ram.,रावण के राम मरऽल।
What is unique and typical about Antarctica?,अण्टार्टिका के का खासियत ह् ।
I gave the book to John.,हम जॉन के किताब दे देहली।
If I had a son... he would... be like you.,"अगर हमार एक बेटा होत, हम चाहित की ऊ तुहरे तरह होत।"
#And the sad-eyed sisters go walkin' on#,# अउर उदास औखिन बहिनन टहलअ जइहा # पर।
How many dyers animals are in world?,केतना वर्णक जानवर संसार में हऊवन ।
I have been to many places in my own country.,अपने देश में कइ जगह जा चुकल हईं।
Perhaps they need a good talking-to.,सायद ओनके खरी खोटी सुनवले क जरूरत हव।
Applications are being sent.,आवेदन भेज गयल हव।
P.S. Tell Heywood I'm sorry I put a knife to his throat.,हेवुड के बताइहा हमके खेद हव की हम ओकरे गला में चक्कू रखलीं।
"In India, we eat only with our right hand.",भारत में हमन दहिना हाथ से खाइल जा ल।
I had a few lsn't there a place by the river where men recite from the scriptures?,कुछ रहलँ वहाँ नदी के किनारे एक जगह ना हव जहाँ पुरूष सस्तरा से पढ़ता हव?
Mary never thought John would criticize himself.,मैरी कबौ नाई सोचले रहऽल कि जॉन खुद कर बुराई करी।
"Although he is not rich, he is honest.","हालाँकि ऊ अमीर ना हवन, ऊ इमानदार हवन।"
I'll have been teaching for twenty years next july.,अगली जुलाई तक हमके पढ़ावत 20 साल हो जाइ।
I don't wanna fight you.,हम तुहसे लड़य ना चाहत
They actually had to repel a few Indian attacks as they were building it.,ओके सच्चो में इमारत के निरमान के दउरान कुछ भरतीअ अकरमनन के दबावअ के पड़ल रहल।
I expect you to be in my office at four.,हमके उम्मीद तू चार बजे हमरे ऑफिस में होऽब।
There was no reason for this.,एकरी खातिर कवनों कारण नईखे।
They are planting trees.,उ लोग पौधा लगावत हवें ।
It's got no use on the inside.,एकरे भित्तर कवनो फयदा ना हव।
[Horn Blast],[हार्नविस्फोट]
What's happening to me?,हमार हाथ !
The hare runs at enormous speed.,खरहा बड़ा तेज दौरऽल।
Has Cindy taken a book?,का सिंदे किताब ले ले बाड़न?
We wouldn't be lost.,ह्महन क हार ना मानल जाई ।
"That's right, Sand Man.","ई सही हव, रेत अदमी।"
We must really be high up.,"लइको, हमके सच में खुस होवे के चाही।"
"""Brian's Sound Spectrum, Direct Hi-end Stereo Sales.""",बरायन की ध्वनि स्पेक्टरम सीधी हाया अन्त स्टीरियो बिकरी।
Try to understand me.,हमके समझले क कोसिस करा.
Will he be there ?,का उ वहवा होइहे ?
You need not do it.,तोहके ई कर क आवश्यकता ना हव।
He is the best friend I have.,उ हमार सबसे अच्छा दोस्त हऽ।
My friends will help me.,हमार दोस्त हमार मदद करी।
My brother helps me in my studies.,हमार भाई पढ़ले में मदद करा ल।
"Having written the letters, Usha will put them in the mail.",पत्र लिखले के बाद उशा ओके मेल में रख देही ।
What?,"ना, इ ना हव"
They had fire engines then?,ऊ त आग इंजन वाला रहल?
Sir Ronald Ross is distinguished for his medical researches.,सर रोनाल्ड रोज़ क पहिचान अपने मेडिकल रिसर्च खातिर हऽ।
I'm ready to accept it.,हम एके स्वीकार करय के तइयार हईं।
"Let's move it, now!","चला अब, ई दो कदम!"
"Mom, are you in there?","भाई, तू उहवाँ हई?"
I took some money out of the bank.,हम बैंक से कुछ पइसा निकार के ले के आइल हईं।
I both thanked him and rewarded him.,हमन दूनो ओकर धन्यवाद देहलीं और पुरस्कृत कइलीं।
"Men, materials, you name it.","बेकति, समगिरी, जवन नाँव ला।"
It's amazing what you can accomplish by mail.,अचरज होला की तू मेल से का का कइ सकत हवा।
You got your father's word of honor.,हे मालिक...हम...
I'll ask the warden for funds.,धन खातिन हसटल अफ्सर से पूछा।
Some boys are clever.,कुछ लड़का बहुत चालाक हऊवन ।
Listen Shyamlal! If the money is not sent by twelve noon then remember it will be a bad weather for you.,सुनअ श्यामलाक अगर् काल्ह 12 वजे तक पैसा ना पहुचल त याद रधीहअ तोहार मौसम खराव कर दिहल जाई ।
You can't rush this.,आप ई जलदी ना कइ सकतँ।
Redrum.,रेडरम।
"Outside, he's nothing.",बहरे उ कुछो भी ना हे।
You'll really do it?,कुत्ता क मौत?
I am a psychiatrist.,हम मनोवैज्ञानिक हईं।
A normal prostate feels firm .,एगो सामान्य प्रोटेस्ट के जरुरत फर्म के महसूस होत बा।
The girls looked so preety in their summer dresses.,लइकी कुल अपने गर्मी के कपड़ा मे बड़ी सुंदर दिखली ।
They were inspectors.,ऊ लोग निरीक्षक रहे।
You do not have food!,खाना ना हव।
We lived in Hyderabad.,हमहन क हैदराबाद मेंरहत रहली जा।
You missed it.,तू एके याद कइला।
"Ultimately Punhoon's brothers Churno, Hotu and Notu consoled their distraught father and promised to bring Punhoon back.","अपने आपे पुन्हू के भाई चुर्नु, होतु अउरी नोतु अपने बाप के येह सांत्वना देहल लोग की, हमनी के मिल के केन्हू गा से भी पुन्हू के वापस लियावल जाई, ई वादा कईल लोग। ।"
I have to go to the market.,हमके बाज़ारे जाएक होई।
You explained them.,तु ओनहन के समझावा।
"Until that moment, he didn't exist.","ओ समय तक, ओकर वजूद ना रहल।"
Radha brought fresh fruits from market.,राधा बाजारे से ताजा फल लाइऽल हऽ।
This boy will be called a great man in the future.,ई लड़का भविष्य में एगो बड़हन आदमी के नाम से जानल जाई।
A girl eats an apple.,एगो लइकी एगो सेब खात हउए।
Can you explain that topic again?,का तु ओह बिषय पर फिर से बता सकलअ ?
I won't abuse you.,हम तोहके गरिया नाई सकीऽल।
"Great party, isn't it?","बड़ी परटी, हव न?"
Smoking is prohibitive.,सिगरेट पियल मना हउए।
"They're not doing very well, are they?",उ लोग बहुत अच्छा न करत हऽ । नाहीं ।
This very argument is wrong.,ई बहस बहुते ही गलत बा।
I shall have been working for two hours.,हम दूई घंटा से काम करत हईं।
"Really, Uma got married !",सच में उमा क बियाह हो गइल।
Who does not know the owl ?,के उल्लू के ना जानत ह ।
What is the attitude of the narrator?,कथावाचक क रवैया का रहऽल।
"if you're just gonna do this job--"" - Or be great at it, right?","चाहे सही, ई बहुत अच्छा होई?"
"According to Islamic tradition, during hearing of any case if a Haji clad in black appears it is a proof of gross injustice.","मुस्लिम परंपरा के अनुसार, कवनो मामला के सुनवाई में हाजी अगर काला रंग में आवत बने त एकर मतलब ई बा कि उहंवा पूरा गलत न्याय कईल जात बा।"
How did you say that he repaired the car ?,तु कइसे कहि सकल कि उ करवा मरम्त कइले ?
Mutant!,ऊपरी बदलाव!
And with a kid too!,अउर ऊहो लइकन के संहे!
Does Louis throw the ball?,का लुइस गेंद फेकेल?
"[Brian] Leave me alone, will ya?","[ब्रायन] फिनू, हमें अकेल होइ छोड़ दा।"
Ask somebody else to help you.,तोहरे मदद के साथे कुछ अदमी पुछत हउअ।
By which another name Sakhar barrage is also called as ?,सखर बैराज के और कौने नाम से जानल जाऽल।
You will give me books.,तु हमके किताब दबा।
I think he did it to himself.,हमके लगत ऊ खुदअ कइले हव।
Please fill the form.,फारम भरा।
Once Jaam Tamachi decided to test all his queens.,एक बार जाम तामची अपनी सब रानी लोग के परीक्षा लेवे के बारे में सोचलन।
"God has given me everything , the love of these children , big business , but the house patio is empty.","भगवान हमके सबकुछु दिहलअ , ए लईकन क प्यार ,बडा कारेबार मगर घर क अंगना सून्न बा"
The exercise was written by me.,अभ्यास हम लिखलें हई।
"Jumping over the fence, the thief escaped.","चोरवा बच गइल, दीवार कूद क।"
Did you see a girl here in white churidhar?,का तू सफेद कपड़न में एगो लइकी के इहवाँ देखला हऽ
Does he not work?,का ऊ काम ना करे लन?
You're trying to make everyone else happy.,सबको खुश करय क कोशिश कइ रहल
His coat was dripping wet.,ओकर गीला कोट टपक रहल।
"Listen, Mr. Hayseed. - I can get the cows to stand still when I buzz like a wasp. - Swedish clod.",अउर हम गायों को ततैया की तरह आवाज से खड़ा कर सकत हईं।
Does it weigh too much?,का एकर भार बहुत हवे?
You have ghaghara and choli.,तोहरे लग्गे घाघरा आउर चोली हव।
Are you angry with me ?,का तु हमसे सहमत बाडअ ?
Ninety nine!,निन्यानबे!
My teacher often says to me that if I don't work hard I shall fail.,हमार गुरुजी अक्सर हमसे कहें ल कि अगर हम मेहनत नाइ करब त फेल हो जाइब।
I'm not in Florida.,हम फलोरिडा में ना हईं।
That is difficult to tell.,उ बतावल कठिन हऽ ।
Marry me.,हमसे सादी कइला।
Do you work much ?,का तु ढेर काम करब ??
The people received the news.,लोगन के ख़बर मिल गइल।
What are you hiding?,का छिपावत हई?
What would you answer did I ask you such a question ?,तोहार उत्तर का होई हम अइसन प्रश्न पुछब त।
I was struck by his singular appearance.,हम ओकरे मौजूदगी से प्रभावित रहलीं।
"The same eyes , the same face .Isn ` t it Anjali?",उहे आज उहे मुह हऽ ना अंजलि
That is well said.,उ बहुत सुन्दर बोलाईल ।
I don't remember.,हमके इयाद ना हव।
Why don't we have a seat and talk it over.,"हम बइठ काहें ना जइतीं, अउर बिस्तार में बात करतीं।"
I have brought you up as a son.,हम तूहे आपन लइका एस पोसलीं हऽ।
Should've flashed!,लगल हव चाही!
Wait a while.,थोड़ी देर रुका।
Will you wait here?,का तु यहां इन्तजार करत हउअ ?
I am used to this kind of environment.,अइसने माहौल क हमके आदत हऽ।
"Well, well, look at this. All dressed up in your Sunday clothes.","अपने आप को देखो, लेटल हव अपने रविवार के कपड़ा में।"
Sheila has to go to Bombay.,शीला के बंबई जाएकेबा।
"Either way, the army is coming... and there aren't enough of us to protect the town.","रूका, एक मिनट का एक ओफ्फोह सेना नवजात?"
That should have been our first kiss.,इ चुंबन पहले हमार होके चाही
"Although I tell him to be quite, he takes no notice if it.",हालाँकि हम उनके शांत रहे के कहनी लेकिन उ हमरी बात पे कवनो ध्यान ना देहलन।
You didn’t give a detailed account.,तु खाता के ब्योरा नाई देहल ?
"No Simran, I have not come here to elope with you.","ना सिमरन, हम तोहके यहाँ से भाग के आ चोरा के ले जाये खातिर ना आईल हई ।"
Was she tired ?,का उ थक गईली ?
I got two rupees.,हमके 2 रुपया मिलऽल।
"Then if you figure your tax wrong, you pay out of your own pocket.","अउर बरिस के अन्त में, तोहरे कर का आंकड़ा गलत होई, तोके अपने जेब से देवे के होई।"
When will you write the essay ?,तु कब निबन्ध लिखब ?
"Hello, she's coming sure, ah?","हैलो, ऊ सच्चो में आवति हव, हाँ?"
Was it worth two weeks?,का ऊ दू हप्ता के छूटि लायक रहल?
Rama ran with great speed.,रामा बहुत तेज भागऽल।
"Yes, you did.",हाँ तू कइले रहला।
Will she stay on ?,का उ रुकत हई ?
"That's not new, I know it for ages!",उ नया न हवे ओके हम बहुत पहिले से जानत रहीं ।
I'll give you an ice-cream if you do it.,अगर तू इ करबा त हम तोहके आइसक्रीम देब।
"Taking into account his disability and the six years... he's already served, I recommend a parole.","खाते में ओकर बिकलंगता अउर छह साल ले.....ऊ पहिलहीं से हम एगो पैरोल क सिफारिस, परोसल जात हईं।"
My brother Roshan has also come these days.,ए समय हमार भाई रोशन भी आइल हऽ।
I get up everyday at five o' clock.,हम रोज पांच बजे उठ जाइऽल।
You should go to home from school.,तोहके इस्कूल से घरे जाये के चाहि।
There must be a con like me in every prison in America.,अमेरिका के हर जेल में हमरे जइसन एगो कइदी होखअ के चाही।
What are you looking at ?,तु का देखत रहत हउअ ?
Anyways someone has told me that I am so handsome that I can get anybody.,और वइसे भी केहु हमसे कहले वा कि हम इतना खूवसूरत हई कि हमके केहू भी मिल सकेला ।
[Boat Horn],(नाइ का हारन)
They were not standing at the corner.,ऊ लोग कोने में ना खड़ा होत रहे।
They ambushed me.,ऊ हमरे पर घात लगाइके हमला कइलअ
"You were right, I could not recognize you.",ठीक कहल तु हमही पहचान ना पवली ।
Perhaps we should have told you before,सायद हमका पहिलहीं तुँहके कहि देवे के चाहत रहल।
I'm against commercialization of space.,हम जगह के व्यापार के विरोध में हईं।
We also purchased tickets for you three.,हमहन क तोहन तीन लोगन खातिर खरिदले हई जा ।
"Truly speaking Bhai Sahab , the more we compliment our son Rajesh it would be less.",सही कहत हई भाई साहव अपना राजेश बेटे क जेतना तारीफ कईल जाए ओतना कम बा ।
You called me and here I am.,तु हमसे कह अउर हम यहा हई।
"Get out, you disgusting sow!",बहरे निकला घृडित सुअर।
Eighth.,सम्हने से अठवाँ।
"Turn... turn the siren off, Brian.",मोहिनी बन्न करीं।
Venu came late.,वेनू देर से आइल।
We had gone.,हमहन क चल गईल रहली जा ।
Is he French?,का उ फरेंच हउए ?
America is the richest country in the world.,अमरीका दुनिया के सबसे बडा देस ह् ।
It is a pity that we should have to undergo this disgrace.,ई बहुते दुःख के बात बा की ये अपमान के झेले के पड़ी।
Can you close your shop in the night,का तु आपन दुकान रात मे बन्द कइ सकलअ ?
A brave boy rescued the child from danger.,एगो बहादुर लड़का बच्चा के खतरा से बचवलस।
"Brian McCaffrey, your new assistant.","बरायन एम सी केफरे, आपन नयका सहजोगी।"
Have you been here ?,का तु यहा होइब ?
One person has donated ten lakh rupees to this institution.,ये संस्था के एगो आदमी दस लाख ले रूपया दान कईले बा।
I-I couldn't protect April.,हम अपरेल क रच्छा ना कइ सकित।
Romi goes to school.,रोमी स्कूल जातिऽअ।
I can speak better Sindhi within three months.,हम तीन महीना में बढ़िया सिंधी बोल सकीं ल।
A boy ate bread.,एगो लइका रोटी खइले ।
Which woman likes every man ?,कवन औरत हर मर्द के पसंद करेले ?
How many students are going to take exams?,केतना छात्र परीक्षा लेबे जा रहल हऊवन ।
A man eats vegetables.,आदमी तरकारी खाल।
I can't imagine why she behaved like that.,हमके नाइ पता उ काहे अइसन करतिऽय।
Can you come to my house tomorrow ?,का तू कल हमरी घरे आ सकेलअ?
Does it hurt?,का चोट लगल हव
How many pens will you get ?,तु केतना कलम पइब ?
We have not been chatting in a forum.,हमहन क कवनो फ़ोरम मे बात ना करत हई जा।
This room is 12 by 13 by 17.,"ई कमरा १२,13,अउरी 17 के हवे। ।"
I am not so great as him.,हम ओकरे जेतना महान नाई हईं।
You're forgetting yourself.,"बेटवा, तू अपने आपके भुलात हवा।"
Would you like some more tea?,का तोहके ढेर चाय चहि ?
Had he been washing the car?,का ऊ कार के धोवत रहने?
I will sit down.,हम बइठ जाइब।
There is a bear standing behind you.,एक ठे भालू तोहरे पीछे खड़ा हव।
You can have my knife if you come back!,तू हमार चाकू रख सकत हव अगर तू वापस आजा।
I know you did it but I just want to know why.,हम जानत हईं कि इ तुही कइऽल हऽ लेकिन हम जाने चाहत हईं काहे।
I just came by to see how you were doing?,हम सिरिफ तू कइसे करत रहला देखअ खातिन आयल रहलीं?
Which direction are you all going in?,कवने दिशा मे तु सब जात रहल हउअ ?
Will you be happy?,का तु खुश होब ?
This is what happened.,ई का भईल।
"You hardly saw his face, and you have no witnesses.","तू सायद अ ओकर चेहरा देखला, अउर तोहरे लगे कवनो गवाह नाहीं हव।"
I don't know whether I should talk about this.,हमके नाई पता हऽ कि ए बारे में हम केसे बतियाई।
The sweet-seller,मिठाई वाला.
What was the date yesterday ?,काल तारीख कवन रहे ।
I shall be playing,हम खेलऽब।
What have you been trying to accomplish?,का तु पुरा कइले के कोशिश कइ रहल हउअ ?
At one time classical music was at its peak.,एक समय शास्त्रीय संगीत अपनी चरम पर रहे।
I do believe you're talking out of your ass.,"रेड, हमके विश्वास हऽ कि ते बकवास करत हवा।"
I work more than you do.,हम तोहसे ज्यादा काम करीऽल।
The monsoon failed.,मानसून फेल हो गइल।
Me? I won't go.,हम ना जाइब.
Have you wound the clock?,का तु घडी के धक्का देहलह ?
One of them is: on the way it is forbidden to exchange a word.,"एक नियम हव, रास्ते में कुछ बोलना मना हव।"
He's asleep. - Mr. Friese?,उ सो रहल हव।
You're beyond me.,तु हमसे परे हउअ ।
I guess that's about when I first noticed he was talking to Tony.,"हँ, हमार अनोमान हव कि ओही समे पहिली बेर हम ओके टोनी से बात करत देखलीं।"
I got the prize.,हमके इनाम मिलल।
"No, I aín 't, Mrs. Torrance.","[टोनी आवाज में] नाहीं, हम ना हईं, सिरमती टरंस"
I will not go out in sun.,हम घामे में बहरे नाई जाइऽब।
"I'll bring her to lmax tomorrow, let's go.","हम ओके बिहने एलमाक्स ले आइब, चला अब।"
You can go by bus or train.,तु बस या टरेन से जा सकल ।
Now the other one.,अब दुसरकी ।
You can't go on like this;,येहतरे केतनी दिन चली।
I congratulated him on his good fortune.,हम ओकर अच्छी किस्मत क बधाई देहली हऽ।
She sings sweetly.,उ बहुत अच्छा गावे ली।
"If he has taken it, what can we do?",अगर उ लेले बा त हमनि का करीं ।
Will the shops be closed tomorrow?,का कल दूकान सब बंद रहिये?
"Well, what?",का ठीक हव?
"Yeah, I do.","हाँ, हम करत हईं।"
We will stay here for a week.,हमहन के यहवां एक हप्ता की खातिर यहवां रहे के पडी।
This is not the least part of our happiness.,इ हमनी के ख़ुशी के आखिरी हिस्सा न हवे।
Do you play hockey?,का तु हाकी खेलत हउअ ?
"If I had a lot of money, I would travel around the world.",हमार पास जयदा पैसा रहित त हम दुनिया घुमतीं ।
I saw a girl with my own eyes.,हम अपने आंखी से लइकी के देखलीं।
No man can serve two masters.,केहू आदमी दूगो मालिक के सेवा ना कर सकेला ।
The king of Kutch fought for his word of honour.,कुच क राजा अपने स्वाभिमान बदे लड़ल ।
Its solution took him no time.,एकरी समाधान में उनकर कवनो समय ना लागी।
What would you have ?,तोहके का चाहि ?
The girls sat on the mattress.,लइकी गद्दा पे बईठल।
You (please) tell the Rickshaw man to come early in the morning.,रिक्शवा वाले से कहि द सबेरवा जल्दी आवे।
My uncle asked my brother and me to dinner.,हमार चाचा हमके और हमरे भाई के खाना पर बोलइले हवें।
Who remembers how Mary solved which problem ?,के के याद हऽ मैरी कवनो समस्या क समाधान कईली ?
I asked who was speaking.,हम पूछली उ का कहत रहऽल।
Is he a handsome man?,का उ सुन्दर अदमी हाउए ?
I do not know the person who called.,जे बोलइलस हम ओके नाई जानीऽल।
How much is the distance from Calcutta to Delhi?,कलकत्ता आ दिल्ली के बीच केतना दूरी हऽ?
Tell me why you did this.,हमके बतावा तू अइसन काहे कइऽल।
The love felt by mother.,माई प्यार महसूस करत बा।
After this last year I have no affection for the old home,समान सब निकार के बहरे रखा त ।
What caused the accident?,घटना के के अन्जाम देहलस।
Don't let it get you down.,येसे तू निरास मत होखा।
There is the bridge which we have to cross.,इहंवा एक पुल रहे जेके हम सबके पार करे के पड़ी।
I slept on the roof last night.,अंतिम रात्रि हम छते पर सुत गईल रहीं ।
How did Mandela’s understanding of freedom change with age and experience?,आजादी में बदलाव क मंडेला उमिर और तजुर्बा से कैसे समझलें।
"My mother, who was born overseas, has always been a great traveller.","हमार माई जवन की विदेश में पैदा भइल, हमेशा से राही रहल।"
What's got into you nowadays?,आज कल तोहरे मे का मिल गइल हउए ?
It was decided that Mehar would cross the river every night and the lovers would meet.,ई तय रहे कि मेहर रोज रात के नदी पार करिहन और प्रेमी सब मिलिहन।
It had three dogs.,इनके तीन ठो कुत्ता रहने।
It's the biggest place I ever seen.,येसे बड़ी जगह मों कबों ना देखलीं।
We're providing a valuable community service.,"नेड, हम इहवाँ समुदाय के एगो कीमती सेवा परदान करत हईं।"
Teachers are everywhere.,मास्टर हर जगह हऽ।
I have ten thousands rupees this time.,ई समय हमरी लगे दस हजार ले रूपया बा।
Anjali! where have you disappeared?,अंजलि तु कहा चल गईलू
Leave me alone!,हमके अकेला छोड़ दा!
Shut up!,चुप रहा!
"At this rate, you'll put me out of business.","अगर ई बढ़त रही, हम धन्धा से गइलीं नेड!"
Please bring menu.,मीनू ला व।
They are the enemies of mankind.,ऊ लोग इंसानियत के दुश्मन हवे।
Let's try to keep some order here.,बेवसथा बनवले रखले क कोसिस करा.
Isn’t that a bus stop over there?,का उंहवा रुके वाला बस ई ना हवे?
But it was really just... me.,का आप बेकूफ खेद हव
Is he behaving wrong?,का ऊ गलत व्यवहार करत हवन?
"Who is Sher Khan, my Lord?","सेरखान के हव, महराजा?"
I killed him to return here.,हमने उसे वापस आने के समय मार डाला।
Will he be sixteen next month?,का ऊ अगिला महिना में सोलह के हो जईहन?
"You've got to help me, Baiocco.","हमार मदद करा, बाइओको।"
"It is not me, anyway.","हमार ना हव, ओइसहूँ ।"
"Good-bye, Papa.",अलबिदा अउर धन्यवाद।
This is the girl whom I saw at the party.,ई उहे लड़की हई जेके हम पार्टी में देखले रहनी।
What have you done ?,तु का कइ चुकल हउअ ?
"Men never sacrifice for women , neither will they sacrifice.",मरद त औरत खातिर कवो कुर्बानी ना दिहलस ना कवहूँ देई ।
She interferes.,ऊ हथछेप करे ले।
Death longed for his garden.,मउत ओकरे बगीचे में चाहत रहल
"Yes, there was no work there.",अरे उहां जाईतअ त रुपा का कुछ खवरीओ लेअवतअ
Mr. Sinha was lived in London for years.,मिस्टर सिन्हा लंदन में सालन से रहत हवें।
The African elephant is now confined to Central Africa.,अफ़्रीकी हाथी अब बीच अफ़्रिका तक ही सीमित हो गयिल बा ।
All right. You get turned into the authorities.,हमें अधिकारी के पास जायेके होई अउर तुहार रिपोर्ट करय होई...।
Faster!,अउर तेज!
Not now.,अबहिन ना।
How many children have not done their work?,केतना बच्चा आपन काम न कईलन ह ।
Did you get so angry ?,का तोहके बहुत गुस्सा आवतड ?
You did not get up a little earlier and help me to clean up after the party.,तु जळी नाइ जगल अउर पार्टी के बदवा सफाई मे मदद करब।
It is hard to understand.,ई सब समझ पावल मुश्किल बा।
Will they have written a letter?,का ऊ लोग चिट्ठी लिख ले ले होई?
You have dressed up yourself beautifully as if you have won Chanesar.,तु अपने के एतना बढ़िया से सजवलू जइसे तु चांसर जितले हउ।
Will you tell me about the plans ?,का तु हमके योजना के बारे मे बतइब ?
A family of my own. Royce King was the most eligible bachelor in town.,रॉयस शहर के सबसे बेहतर में स्नातक कयल गयल रहल
I cannot sit in language-laboratory.,हम भाषा क प्रयोगशाला में नाई बइठ सकी ल।
I am bringing books.,हम किताब ले आव त हईं।
ls Durga asleep? -Yes.,दुरगा सुत्तत हव?
Does the teacher test our English?,ध्यापक हमनी से अंग्रेजी के टेस्ट लीहन?
Which is the principal import commodity of India?,सबसे ढेर कौन चीज़ आवा ल भारत में।
That's a shame about your horse coming in last and all.,हाय रेड बड़े सरम क बात हव की तोहार घोड़ा सबले’ पाछे हव।
The growth is very slow.,तरक्की बड़ा धीमा होऽत।
Pick up your clothes and Bible.,आपन कपड़ा अउर बइबिल उठावा।
Are you hungry?,का तुहके भूख लगल हव?
I found my books on the table.,हमके आपन किताब मेज पर मिलऽल।
Cleanliness is next to godliness.,सफाई भगवान क तरह हऽ।
Pengelly!,पेनजेली!
The accountant and the cashier is absconded.,खजान्ची आ खाताधारक दूनो हटा देहल गईन ।
Will my grandma keep quiet if my vermillion is erased?,का हमार दादी मां सान्त रहिहँ जदि हमार सेंन्हुर मेटाइ देवल जात हव?
Will he not be able to do the work?,का ऊ ई काम के न कर सकें लें?
"Ravi said, """"I have bought a new car.""","रवि कहलस, हम नया कार खरीदले हईं।"
Ow!,टो!
"Carlisle found me, he smelled all the blood...",हमने सोचली की मदद करत हव हमें माफ करिहा
Does he force you ?,का ऊ तोहरी पे दबाव डललन?
You will have to make good the loss.,परेशानी में भी तोहके बढ़िया कर के पड़ी।
Try hard so that you may win.,मेहनत करा तू जीत जइऽब।
King took her to Royal carriage.,राजा ओके शाही सवारी में लइलें।
There was an accident on the road.,सड़क पर एगो हादसा हो गइल हऽ।
"Aceh is located in the North-west of Sumatra Island with the area of 57,365 approximately.","एक सुमात्रा द्वीप के उत्तर-पश्चिम में स्थिर हवे, अउर एकर क्षेत्रीय विस्तार लगभग 57,३६५ बा।"
Where will we have lunch ?,हमहन क दुपहर क खाना कहां होई ।
My views are quite in accordance with these of the University commission.,हमार नज़रिया ठीक हऽ यूनिवर्सिटी क आयोग क हिसाब से।
"Good day, sir.","अच्छा दिन हऽ, श्रीमान-अच्छा दिन।"
Every kingdom he eyes either have to become his vassal or get ravaged in war.,जे कवनहूँ समराज पे ऊ आँखि उठवलअ ऊ चाहे त ओकर गुलाम होइ गयल चाहे जुध्ध में पूरी तरह नस्ट होइ गयल।
The way he worries about me.,जे तरे से ऊ हमार चिन्ता करत हव।
How can you say each tree has a special mark on it?,तु कइसे कहि सकल कि हर पेडवा पे एक स्पेसल चिऩ भइल बा ?
Andy crawled to freedom through 500 yards of shit-smelling foulness I can't even imagine.,एंडी 500 गज क दुरी गंदगी में रेंग के पार कयिन।
"Rud, with the tongue.","रूड, आपन जीभ बहरे निकाल कर"
Have they worked?,का ऊ लोग काम कईल?
"Sooner or later, he'll have to explain where it came from.","ई सब पइसन क समीसा, हँ । आजु ना काल ओके समझही के होई। कहवाँ से आयल।"
My name is Michael.,हमार नाम मिशेल हऽ।
Ravi was beaten.,रवि मारऽल गइऽल
I have got up late.,हमके उठले में देर हो गइल।
I usually finish work at 5 o'clock.,हमार काम 5 बजे तक वइसे खत्म हो जाऽल।
May is hotter here than any other month.,दूसरे महीन्न से मई ढेर गरम बा।
She is a widow for three days.,ऊ तीन दिनन क एगो बेवा हव ।
Will you do a favour to me ?,का तू हमार एगो पक्ष लेबअ?
I am feeling giddy.,हमके अजीब आवऽत।
Will he have finished the book by now?,का ऊ किताब के अबहीं तक पूरा कर ले ले होईहन?
Does he know how to play gamble?,का उनके जुआ खेले आवेला?
Back to town!,सहर में वापस-वापस जा
What did the girl do ?,लइकी का कइले ।
Roshan's friend's letter came from Kanpur.,रोशन के दोस्त क चिट्ठी कानपुर से आइल हऽ।
"What are you still thinking about, boy?",तू अबहिनो का सोचत हवा बेटवा?
Eat it,खइता न
I like to see a smiling face.,हमके हंसमुख चेहरा नीक लगऽल।
"A big wooden box was made, the child was put in it and set afloat in the canal.","एगो बड़हन लकड़ी के बक्सा बनावल रहे, बच्चा के ओकरी अंदर लेटा के नहर में बहा देहल गईल रहे।"
Good boy.,अच्छा लइका।
You are visiting the castle.,तु किला देखत रहल हउअ।
All right.,ठीक हव।
"Day draws to its close, night's mantle descends","दिन खतम होखअ के हव, राती करिअई उतरत हव।"
Have you been to the opera this week?,का तु येह हफ्ता सन्गीत नाटक होइ ?
She doesn't love you!,ऊ तुह के प्यार ना करति.
The boys are asking questions.,लइके सवाल पुछ रहल हऊए ।
You must have watched an exhibition.,तोहके कवन पसन्द हउअ ?
How far is Calcutta from to Delhi?,कलकत्ता से दिल्ली् केतना दूर हऽ?
When?,कब?
Sunday is the first day of the week.,रविवार सप्ताह के पहिला दिन हवे।
Grain is very expensive this year.,ई साल अनाज बहुते मंहगा बा।
I told her to come to Sanjeevaiah Park.,हम ओके संजिविआह पारक ओवे के कहलें रहलीं।
You cleaned up your room.,तु अपने कमरा के ऊपरा साफ कइल।
Salsa!,सालसा!
"You wouldn't have to change for me, Bella.",हमरे खातिन इ बेला खातिन कयल रहल बदल जाई ना हव
Sheela is eating a meal for her brother.,शीला अपने भाई खातिर खाना ले रहलि बा।
Some of us got a schedule to keep.,हममें से कुछ के करकरम बनावेके होई!
Are you a nurse ?,का तू नर्स हऊ?
The mob dispersed.,भीड़ छितराइ ल बा।
That's enough.,ई काफी हव।
You will not go to India.,तु भारत नाई जइब ।
We did not find the road very bad.,हमहन के सडक बहुत खराब ना मिलल ।
You have something in your mind.,तू कुछ सोचत हवा।
I wished to discover the extent of his injuries.,उ केतना चोटाइऽल हऽ इ हम जाने चाहत हईं।
I need hardly take his help.,हमके ओकर मदद क जरूरत बा।
Dad?,पिताजी?
"Mostly, I was ashamed to the villagers.",खासकर हम सरमिंदा रहलीं गँवइन से।
"Ramu will bring the book, won’t he?","राम किताब खरीद लाई, नाई लाई??"
Christian?,किरस्चियन?
That you should be willing to believe this is incredible.,तोहके विश्वास पर तइयार होखे के चाहि कि इ यकिनन नाई हउए ।
Feel free to answer if you like.,अगर आपके तरे जबाब देवे खातिन सोतन्त्र मसूर करँ।
How I will buy some mangoes?,हम थोड़े आम कइसे खरीदीं।
Now you head towards your school and annoy your dear Miss Lucy.,अब तु अपनी स्कूले जा और अपनी मस्टराईन लूसी क कपार खा ।
And can you tells us what distinguishes all limbs from other parts of the body?,एक अलग करत हव सरीर के अन्य भागों से?
"I do not smell, or very little.",हमार गंध ना हव इ बहुत कम हव।
The boy ran a mile.,लइका आधा कोस भागल हउए।
Forest Service.,सुभ साम एगो सेवा।
"Danny, you win.","ठीक हव, डेनी तू जितला।"
"You are Rajkestra's son, Tarkalankar's grandson","तू राज केसटर क बेटवा हवा, तार कालंकर का पोता।"
Was he my best friend ?,का उ हमार बढ़िया दोस्त रहने ?
I thought about it for two hours.,हम दूई घंटा से एके बारे में सोचत हई।
There were only four great ones.,चार महान भविष्यद्धक्ताऔ की?
You were a teacher.,तु एक मास्टर रहला।
You already like the boy.,आप पहिले से ही लड़िका के पसंद करत हईं हमें पता हव।
"Does that strike you as a fantastic coincidence, or is it just me?","तोहके ई सनदार संजोग ना लगत सिरी डफरेन, चाहे सिरिफ हमके लगत हव?"
It did this in a short time.,ई एके बहुते कम समय में कईलें।
Will you have heard about Bhagat Singh?,का तु भगत सिंह के बारे मे सुनले बाडअ ?
They will be eating.,ऊ लोग खा रहल बा।
We went there for a picnic and made love under that oak and I asked and she said yes.,"हम इहवाँ पिखनिख पे गइलीं, अउर बलूत के तरे पिआर कइनीं। हम पूछनीं अउर ऊ हँ कहलस।"
"Fine. Hi, Seth.",अरे सेठ
3/4 dozen ?,3/4 दर्जन।
It chills my blood just to look at you.,तोहके देखले भर से सिहरन होत हव।
Shall I work?,का हम काम करीं?
Blankets were taken out.,रजाई ले लेहल गईल ।
Feel like talking?,आह....।
I can only guess.,हम केवल अंदाजा लगा सकीऽल।
"Sir, this is a fan","सर, इ पंखा हऽ।"
Ram had sung this song before.,राम इ गाना पहले गा चुकल हऽ।
Tommy took to it pretty well too.,टॉमिओ बहुत अच्छा करे लागल।
From how many days she is knitting a sweater for him?,केतना दिन से उ ओकरा खातिर स्वेटर बुन रहल हई ।
"Yeah, we'll see.",हम देखब।
Can I receive your letter?,का हम तोहार चिट्ठी उठा सकेलीं?
How dare you kill my uncle?,हमारे मामा के मरले क तोहार हींमत कइसे भइल?
"Watch it, old-timer!","तनिक देख, बुढऊ।"
They turned out to be completely unreliable assholes.,ऊ पूरी तरे बे बिसासी बेकूफ निकरलँ।
I had two horses.,हमरे लगे दूई घोड़ा रहऽल।
Your work seems interesting.,तोहार काम मजेदार लउकत हऽ ।
Work well done indeed.,काम बढ़िया से हो गइल।
No.,नाहीं
In which folder does Marry keep the letters ?,कौने फोल्डर में मैरी चिट्ठी रखेली।
It's my life!,ई हमार जिनगी हव!
I'm sorry.,हम माफी चाहत हईं।
That's the length of five football fields.,पाँच फुटबॉल के मैदान क लम्बाई।
Get lost.,भाग इहवां से।
How many more people are going to come ?,केतना अधिक आदमी आ रहल हऊवन ।
We eat so that we may live.,हमहन क रह जाईल जाई एतना की हमहन खाली जा ।
"It is strange thing how little, in general, people know about the sky.",ई बहुत ही अजीब बात हवे जॉब केतना छोट और सामान्य बात के रूप में आसमान के जाने ला। ।
Formerly a schoolteacher.,ऊ एगो भुतपूरब इसकूल मसटर ।
We will not enjoy our holidays.,हमहन क आपन छुट्टी क मजा ना ले पावेके ।
Where is your new house ?,तोहार नइका घर कहाँ हव?
Didn't you? !,का तू ना कइला?
Can you read English?,का तु अंगरेजी पढ सकलअ?
It was sad to hear the news of your illness,तोहार बिमारी के खबर सुन के उ दुख रहल ।
"Pelle, could you... visit Mrs. Olsen tomorrow after school?",तू कल मेडम आलसेन के घर के बगल से जइहाँ स्कुल के बाद.....।
I'm going to bash them right the fuck in.,हम बस तुहरे भेजा क कचूमर निकारअ जात हईं।
How long were they waiting for?,ऊ लोग कबले इंतज़ार करत रहे?
I always forget that woman’s name.,हम हमेशा उ औरत क नाम भुला जाइऽल।
I request you for an early action in this matter.,हमार प्रार्थना है कि इ मामले में जल्दी कार्रवाई करा।
I burned her.,हम ओके जराइ दिहलीं।
"No matter how hard I try, I can't do it any better than she can.","कौनो बात नाई हम केतना मुश्किल से कोशिश कइलीं, हम ऐके से बढ़िया नाई कई सकऽत रहलीं।"
There are few gentry in this town.,ई शहर में कुछ भगिनी बा।
I'll not stop for a moment too...,एक पलवो खातिन हम ना रुकब
I will earn five hundred thousand rupees in a year.,हम एक साल में पांच सौ हज़ार रुपया कमाइब।
"No, it's mine!","नहीं, हमार हव !"
Madrasi's name was Sundaram.,मद्रासी क नाम सुंदरम हऽ।
A.I.C.T.E 's viewpoint on foreign educational institutions setting up shop in India.,भारत में विदेशी शिक्षा संस्थान क दुकानन पर ए आई सी टी ई क नज़रिया।
Hey!,एच9
"And we daren't say anything, or we should get a most awful kicking",और हमहन के कुछो ना कहेके बा नहीं त औरी बहुत कुछ होई ।
You have mistaken buffaloes for horses.,तू धोखे से बैल के समझ लिहले होबा।
Put me down for two.,हमके दा लगा दा।
The intruder... The newborn army.,घुसपैठिये नवजात सेना
No one knew the way.,केहू रास्ता ना जानत रहे ।
instead of looking out for the probie.,बजाय परोबी खातिन बहरे देखले क।
We saw you and him.,हमहन क तोहके औरी ओके देखली जा ।
I attend the Town High School but my cousin attends St. Xavier's.,हम टाउन हाई स्कूल गइलीं लेकिन हमार चचेरा भाई सेंट ज़ेवियर गइल।
How was your father?,तोहार बाऊ कइसन हवन?
Did Tom help his mother yesterday ?,का टाम कलिहां अपने माई के सहारा देहने हउऎ ?
What happened next ?,फिर का भईल ?
Who told you about which one ?,के तोहसे केकरे बारे में कहलस ?
Those people were not aware.,उ लोग जागरूक न हऽ ।
Those clever swans are carrying a turtle!,उ चालाक हंस एक कछुवा पकड़्ले हऊव ।
Can you dig a pit deeply?,का तु गहिर गढहा खोद सकल ?
"Well, Aspasia, time to say good-bye to Pelle.",अच्छी असपसिआ।
Maher said that Maher likes his teacher and Omar said that Omar likes his teacher.,माहेर कहऽलं कि माहेर अपने टीचर के पसंद करऽल उमर कहऽलं कि उमर अपने टीचर के पसंद करऽल।
That kid trying to brown nose me now or something?,ऊ लइका खातिन कुछ घण्टे के भूईं क कोसिस करत हईं?
"Daddy, did you see what they've done?","पिताजी, तूँ देखला की ऊ का कहले हव?"
This is good news.,ई अच्छा खबर बा।
"Promise me, Red.","वादा करा, रेड।"
Was Melisa at home last night ?,का मेलिसा पिछली रात घरे पे रहुई?
"Forgive me, Bhairava.","माफ करिहा, भैरवा।"
It was proved that Nina is innocent.,ई साबित हो गईल बा कि नीना बेकसूर बाड़ी।
I always looked forward to getting these.,हम हमेसा इन हो रही क इंतजार करय लगनी।
"I haven't seen Ann lately, and I won't see her again until fall.",हम एहर एन के नाई देखले हईं और ।
#You reach out and set me in motion#,# आप ले पहुँचले # कुछ # नीचे रखेके होई बहरे अउर गती में हमके सेट #
Will you do it now?,का तु यहके अब कइ लेब ?
I certainly understand you to make that promise.,हम पक्का समझत हई तू जवन वादा कइले हउवा।
Brother! If You will do my work done then I will ask I mother who is your aunt to get you a beautiful bride.,भैय अगर तु हमार काम करब अत हम अपना माई से यानि तोहार मौसी से कहिके तोहरा खातिर एगो सुन्दर दुल्हीन चुक कर लाई ।
"If you weren't planning on sucking the life out of the girl I love, I might...",हो सकत हव की प्यार लड़कियां से बाहर की योजना ना जीवन चूसय खातिन
They wished to discuss the terms of the employers.,उ लोग कार्यकर्ता क कार्यकाल चर्चा कईल चाहत हऊव ।
They are coming by car so they should be here soon.,ऊ लोग कार से आवत बा इहिसे इहंवा जल्दी पहुँच जाई।
I am pretty sure of the fact.,हमके इ तथ्य पर एकदम यकीन हऽ।
All queens spent the entire day in decorating themselves with costly clothes and ornaments.,कुल रानी पूरा दिन अपने जेवर और महंगा नरखा से सजइले में बिता देलीं।
Don't worry about it.,एकरे बारे में चिन्ता जनि करा।
How wonderfully you dress!,केतना शानदार पोशाक बा !
Where do you learn Sindhi ?,तु कहवा सिन्धि सिखत हउअ ?
"He's young, not terribly bright.","ऊ जवान हव, बहुत साफ ना हव।"
All are boys,सब लइका हवें।
We're open till 6 o'clock.,हमहन क छ: बजे खोलली जा ।
This is not the time to play.,ई खेले के समय ना हवे?
I won't tell anyone where you're from.,इ आप क चाउर ल।
"Sorry I got late, they were not letting me come.",सॉरी हमरा के अईला में कुछ देर हो गईल उ लोग हमरा के आवे ना देत रहे ।
Then I hear this voice.,"अचंकअ, हम ई अवाज सुनलीं।"
I might be away next week.,हम अगले हफ्ते दूर हो जाइऽब।
I don’t know how this will end.,हमके नाई पता कि इ कइसे खत्म होई।
It gets 20 feet of snow during the winter.,सरदिन के दउरान येमें 20 फीट क बरफ होइ जात हव
Everyone laughed at him.,सब ओकरे ऊपर हंसत रहऽल।
Does he like you?,का ऊ तोहके पसंद करे लन?
I did not come because you did not call me.,तू बोलइबे नाई कइला ऐसे हम नाई अइलीं।
Stay away from me!,हमसे दूरे रहा!
I am Indu.,हम इन्दू हईं।
Dogs have antipathy to cats.,कुत्तन के बिलाई से घृणा ह ।
You are not about to cry.,तु रोववाला ना हवा?
"It seems the only fair, that I'd be represented as well.",अब इ हमरे खातिन उचित ना लगत हव अउर आप एक तोहफा दा
To me it's just a made-up word.,"हमरे खातिर, इ खाली एक ठे बनावटी शब्द हऽ।"
Not right now.,अबहिन ना?
"Omkar! All our work got over with good omen , Gunja should be sent to her house now.",ओमकार हमार कुल कामकाज शुभ रहो गईल गुंजा के ओकरा घरे भेज देवे के चाही
The portrait was painted by a famous artist who flourished in the sixteenth century.,रूपचित्र एक परसिद्ध कलाकार के द्वारा बनावल रहल जवन सोलहवीं सदी में विख्यात था।
Rama may be in the house.,राम हो सकऽल कि घरे में हो।
You're the important one.,तू महत्तपून हवा।
"Generally, the rich are more covetous to money than the poor.","सामान्यत, आमिर लोग पईसा के लेके गरीबन की अपेक्षा बहुते लोभी होला।"
What would you have written if I had not given you the correct answer ?,तू का लिखले रहतु हं तोरा के सहि जवाब न बतौंती त ?
By which train did you go from here.,तु इहाँ से कउने ट्रेन से गइला?
One of the monkeys agreed to go.,ओमे से एगो बंदर जाए के तईयार भईल।
"I am Nirmala, a lady doctor.","हम निर्मला हईं, लेडी डॉक्टर।"
So be it!,अइसहीं होय।
There were many friends in my high school.,उहां हमरे स्कूले में हमार कई दोस्त रहल।
You teach Sindhi.,तु सिन्धि पढावत हउअ ।
Christ forgave crucifiers.,मसीह क्रूसीफायर्स के माफ कई देहल।
Lay off!,परे (दूरे) हटा!
I wanna make sure this torch doesn't walk.,हम ई भसाल बनावल चाहत हईं ई चलत ना हव।
Mary was never promised to be allowed to leave.,मैरी कबो वादा नाई कइले रहल कि ओके छोड़ेऽक मंजूरी चाही।
Does she miss you?,का उ तोहर कमी खलत हई ?
Has he decorated your house?,का ऊ तोहार घर के सजवले रहनअ?
That'll be fun.,इ मजेदार होई
"She was not our ` s , she was a detached person , she had come for a few days to shower love upon us.",अरे उ आपन न रहे निमोहिन रहे चार दिन क मोहब्बत लगा के चल गईल न बेटा
The heavens are above.,स्वर्ग ऊपर हऽ।
Ravi came next.,रवि आगे आइऽल
This medicine is pleasant to take.,ई दवा लेहला में सुखद बा। ।
Next time I'll bring the book.,अगिला बार हम किताब् ले आयब ।
Now there is no class.,अब कवनो क्लास नईखे।
Actually I could not sleep and I thought you also must not be feeling sleepy and since you are awake you must be thinking only about me.,हमके नीद ना आवत हीय और सोचली की तोहऊ के ना आवत होई और तु जागत होइवु त हमरा बारे में का सोचत होइवु ।
Why did Rani have come to Mohini after so many days ?,रानी मोहिनी के लगे एतना दिन बाद काहे आइऽल।
I wonder what Pery will buy.,हमके जानेऽक उत्सुकता ब कि पेरी काव खरीदी।
They say he is partial to his friends.,"उ लोग कहत हवें, उ मित्रन के प्रति पक्षपाती हऽ ।"
I have come to you today with a specific purpose.,आज हम तोहरे लगे खास वजह से आइल हईं।
You were singing a song.,तु गीत गावत रहल हऽ ।
Have you told him about an accident ?,का तु हमके दुर्घटना के बारे मे बता सकलअ ?
"You must pay him, or you will get in trouble.","तोहके ओके देव के पड़ी, नाही त तु मुशीबत में पड़ जइबा।"
"Sir, I wanted to, uh--",माँफ कइदा।
Does he wish me to go?,का ऊ हमके चल गायीला के इच्छा करत हवन?
Ram knows the man.,राम मनई के जानऽल।
This is the question whose solution has baffled philosophers of all ages.,ई उहे सवाल हवे जेकरी जवाब में हर युग के दार्शनिक लोग चकित रह जाला। ।
When did the Indian government include Sindhi language in constitution ?,भारत सरकार सिंधी भाषा के संविधान में कब जोड़ले रहल।
"By the end of this decade, India’s population will be more than one billion.","यह दशक के अंत ले, भारत के जनसंख्या एक अरब से अधिक हो जाई।"
"Sometimes it is difficult to decide whether your tea is more sweet or your voice,do you rinse your mouth with tea?",कबो कवोत इ वतापल मुशकिल हो जाला की तोहर चाय मीटठ हऽ कि तोर आवाज कही तु चाय मेत चूक ना न देले ।
Did you accomplish what you set out to do ?,का तु सिद्ध करब कि पुरा हो गइल ?
The government gives the project.,सरकार योजना देहले हऽ।
I don't drink wine.,हम दारू नाई पीइऽल।
How many obedient students are in your classroom?,तोहरे कक्षा में केतना लइका आज्ञापालक हवन?
I was just with Jake. Oh...,हम याकुब के संहे अच्छी तरह से कयल गयल रहल?
"Sorry, I want to bother you a little.","माफ करीं, हम थोड़े तूहे तंग करे चाहत हईं।"
Iron is a solid.,लोहा ठोस हऽ।
"If we had read the book, we would have understood the film.",हमनि किताब पढले रहतिं सिनेमा समझ में आ गयिल रहीत ।
We want to study Sindhi.,हमहन क सिन्धी के पढल चाहत हई जा ।
We had not been enjoying our holidays.,हमहन क अपनई छुट्टी क मजा ना ले पवली जा ।
A car will be a great convenience for a busy man like him.,एगो कार उनकी जईसन ब्यस्त आदमी खातिर ठीक रही।
What are you waiting for?,केकर इन्तजार करत हऊ?
"If the doorbell rings, the dog will bark.",घण्टी बजी त कुत्त भौङ्की ।
And you're still you.,तू अब भी कइ रहल हव आप हाँ
Shall we go now ?,अब हमनी के जाई जा?
What would be the moment like?,जाने कइसन होई समय।
I don’t know when I shall return.,हमके नाई पता कि हम कब लौटब।
"You are being used just to win a bet of hundred rupees, your emotions are being played with.","मतलब सौ रुपया की एगो शर्त जीते खातिर तोहारा के प्रयोग करत बा, तोहरी जज्बात से खेल रहल बा ।"
I am sure.,हमके विश्वास हऽ।
It was very expensive.,ई बहुते मंहंगा बा।
Then I think I should have a kiss.,तुहमें लगत हव कि हमें एक चुंबन मिले के चाही।
This is better than that.,ई ओसे बढ़िया बा।
May we read ?,हमहन क पढ सकत हई जा ।
Has it ever occurred to you what would happen to my future if I fail to live up to my responsibilities?,का कबों सोचला हमरे भभिस क का होई....अगर हम अपने जिमवारिन के निभवले में बेफल भइलीं त?
A wounded tiger is very fierce.,एगो घायल शेरनी बहुत खतरनाक होले।
"""I want Lasse Karlsson.""",लेसे कार्लस्सन के लावा।
And shine my shoes.,अउर हमार जूता चमकाइ दा।
I will take an umbrella with me.,हम अपने साथ छाता ले लेब।
[Moaning],(कहँरत हव)
You are not going to sing a song.,तु गीत गावे नाई जात रहल हउअ ।
She loves Chandan and he also loves her.,इ त चन्दन के चांहले और चन्दन भी एकरा के चांहला
You either love people or you don’t.,तु लोगन के चाहत हउअ या कि नाई।
Will you be able to do this yourself?,का तु यहके खुद कइले लायक बाढ ?
We ask forgiveness to the god of Narayama!,हम नरायमा से माँफी मांगत हईं।
The High Court set aside the decree of the lower court.,"उच्च न्यायालय, लोअर कोरट क डिक्री अलग तय कइल स।"
Will she do her work?,का उ आपन काम करत होइहे ?
Mary goes to the library and studies every day.,मैरी रोज़ लाइब्रेरी जाऽले और पढ़ेऽले।
"Who saw whom, one of them liked one of them.",के के देखलस।
I haven't got any money.,हमके पइसा नाई मिलऽल हऽ।
No love affairs.,नाहीं कवनो परेम परसंग नाहीं।
"About 1,000 illegal shrines were demolished.",लगभग १००० अवैधानिक तीर्थ स्थान गिरा देहल गईल ।
What did we do?,हमहन का कईला जा?
"Who's doing this, Ronald?",गलत सवाल हव।
Is he calculating your expenses?,का ऊ तोहरी खर्च के हिसाब रखत हवें?
There is no man but knows these things.,अईसन कवनो आदमी इहवा नइखे जेकरा के इस सब चीज के जानकारी होखे।
Have they repaired the room?,का ऊ लोग कमरा सही कर देले बा?
"No! Just, Jake... Stay!","किरपया, याकुब रहा"
"The day before yesterday was Katsuzo, and then yesterday, it was Gen.","परसों कतसुजो की, अउर कलजेन की बारी रहल।"
Move.,जा।
Will you promise that you will not eat me?,का तु वादा करब कि तु हमके नाइ खइब ?
We do not do bad things.,हमहन क गलत बात ना करेली जा ।
The jury believed the man guilty.,निर्णायक लोग ई तय कईल की आदमी दोषी रहे।
I like to eat.,हमके खाएक पसंद हऽ।
"Go, get the boy and make him say you don't have another wife and kids.","जा, लइकन के ढूंढाा अउर ओके बताइ दा कि तोहरे एगो अउर मेहरारू अउर लइकन ना हवॅ।"
Not in a month!,महीने में एक ना
You are taking tension unnecessarily.,तू झूठ ही परेशानी लेत हवा।
That guy?,ऊ अदमी?
While my parents are absent I cannot come.,जबकि हमार माई दादा नाई आइल हउए हम नाई आ सकले।
Her success as a writer speaks for itself.,बतौर लेखिका ओकर सफलता बतावतिऽअ।
Will you have been calling?,का तु बुला रहल होब ?
That’s the man about whom I was talking.,वही आदमी हौ जेकरे बारे में हम बात करत रहीं ।
I don't like him to go there.,हम ओकर उहां जाइऽब पसंद नाई हऽ।
"But sleep now, and grow fresh and strong while I sing. '",लेकिन अब सो जा अउर ताजा अउर मजबूत हो जइबा जब हम गाइब
Are you going to play cards?,का तु ताश खेले जात रहल बाडअ ?
We eat so that we can survive.,हमहन जीयत रह सकत हई जा एसे की हमहन् क खालीजा।
What strikes me is the generosity of the offer.,सौगात क बड़्प्पन हमके प्रभावित करत हऽ।
"You're wrong again. After you've been changed, there's one thing you'll want more...",तुहरे जाये के बाद परतिष्ठत बदलय वाला एक बात अउर
"If you're having some, I wouldn't mind.","अगर तू लेत हउवा, त हमके कवनो दिक्कत नाहीं।"
But one could become two.,लेकिन केहू भी दो रख सकत हव ।
That happens is not our problem.,उ भयल एमें हमहन क गलती न हवे ।
Or maybe make a few friends among us cons.,चाहे....कुछ के संहे दोस्ती बनावत रहल।
Is there no way we can stop it?,कुछु ना कयल जा सकेला?
And he also used to approach her to solve his difficulties related to studies.,पढ़ाई से सम्बन्धित कठिनाई के हल करे बदे उ ओकरे पास जाला ।
Was John sick for a week ?,का जान के एक हफ़्ता से तबियत खराब बा ?
The director and photographer of Akrosh are also Sindhi.,आक्रोश फिलिम के डाइरेक्टर अऊर फोटोग्राफर दुनु ही सिन्धी हवे ।
You should face any situation with courage.,तोहके कउनो स्थिति क सामना साहस से कर के चाहि।
Has Tony ever told you anything about this place?,का टोनी कबों तुहसे कुछ कहले रहल येह जगह के बारे में?
Why didn't you tell me that he hit you?,तुमने हमें काहें ना बतवला की उ तुहे मरलँ?
Could you show me the way to the station ?,का तु हमके स्टेशन के रास्ता देखा सकलअ ?
There is no doubt about this.,एकरी बारे में कवनों संदेह नईखे।
The Eiffel Tower is taller than Qutub Minar.,एइफ्फेल टावर क़ुतुब मीनार से भी बड़हन हवे।
You had to do it.,अपने ई करही के रहल।
Handover the traitor to me.,देसदरोही के हमके सौंप दा।
"One does not like to say so, but it is only too true.",केहू इ कहल पसंद ना करत ह लेकिन इ केवल सत्य खातिर ह ।
I told your father that our whole family's going camping this weekend.,हम अपने पिता से कहलय की हमार इ सप्ताह के अन्त में एक शिविर यात्रा पर जा रहल
Raju wanted four pairs of shoes; he did not find even one.,"राजू चार जोड़ी जूता चाहऽत, लेकिन ओके एको नाई मिलऽल।"
Very nice.,"बहुत अच्छा, महासे।"
Wordworth is a better poet than Cowper.,वर्डवर्थ कॉउपर के तुलना में बेहतर कवि हऽ।
Get down.,नीचे जा
"Grady, sir.","गुरेडी, सिरिमान।"
You have raised my status.,तु हमार हैसियत बढवले हउअ ।
We would have distributed sweets.,हमहन में मिठाई बाटल जाई ।
And that's the best part.,ईह सबले नीक हींसा हव।
I had never thought that someday I will say this to anybody.,हम त कवो इ ना सोचले रहली की कवो केहुसे ऎ कहब ।
I was angry at my father.,हम अपने बाप से नराज रहलीं।
Had Fiona been visiting her grandma?,का फियोना अपनी दादी के देख लिहली?
"Larry is not telling the truth, neither is Jim telling the truth.","लैरी सच नाई बोलतिऽअ, न ही जिम सच बोलऽत।"
It is regarded as the cradle of Buddhism.,ई बुद्ध धर्म के मनला से जुड़ल हवे।
I like to keep myself busy.,हम खुद के व्यस्त रखीऽल।
Who they were I really cannot specify.,इ लोग के रहे हम ऊ लोग ना पहचान सकली।
The coolies belonged to hill tribe.,कुली पहाड़ी जनजातियन से संबंधित होवेला ।
A warm place with no memory.,बिना इयादी क एगो गरम जगही।
They were very grateful to him for his kindness.,उ सब ओकरे दया बदे बड़ा कृतज्ञ हवें ।
Was Sunita at home yesterday ?,का कल सुनीता घरे पे रहुई?
Tyra usually gets up at 7:30.,टायरा रोज 7 बजे उठले।
Wouldn't you know it?,तेहके ना पता हव।
I want Harsha.,हम हरखा के चाहति हईं।
Let's go!,चला चलत हईं!
Aren't you even curious?,आप भी उत्सुक ना हव।
When will I find her?,हम कब ओके पाइब?
He must have died by now.,ऊ अबले मरि गयल होइहँ।
Did you check those out?,आप उन बहरे की जाँच की।
And that's how it went for Andy.,अउर अइसहीं एंडी क चलत रहल।
"After I finished breakfast, I went to the office.",आपन नाश्ता खत्म करेऽक बाद हम ऑफिस जाइब।
How many people do you know?,तु केतना अदमी के जान चुकल हउअ ?
"If I had wings, I would fly.",अगर हमार पास पङ्ख होयीत त हम उडतीं ।
Take it.,ई ला।
"His first night in the joint, Dufresne cost me two packs of cigarettes.","इहवाँ ओकर पहिली रात, एंडी डुफरेन हमरे सिगरेट क दुइ पइक हेरवा दिहलअ।"
"Look at me , a careless uneducated lout escaped from Bhatinda has today become the millionaire of London.",मोके देख भटिंडा से भागल एगो अनपढ गवार और आज लन्दन का मिलियनेयर हो गईलीं ।
I stabbed John.,हम जॉन क हत्या कइलीं।
"Whatever you say, whatever you do, I just like everything.","बस , जवन भी तु कहेलु , जवन भी तु करेलु हमके सब अच्छा लगेगा ।"
Dressing up as a prince,राजकुमार क भेख बनावत हउवा ।
They agreed at this proposal.,उ सब इ प्रस्ताव पर सहमत हऽ ।
Does he speak English ?,का ऊ अंग्रेजी बोले न?
You may wish to do the work.,तु काम कइले के इच्छा कइ सकल ।
They will come with him.,उ लोग हमरे स्ंगे अईहें ।
It's out there waiting for us.,कल्पना करा...हम तुहरे संग आ रहल हई।
Over and out.,ओभर अउर बहरे।
I couldn't talk to you because you were far away.,हम तोहसे बतियाई नाई पवलीं काहे से तू दूर रहल।
"My older brother studies law, my younger brother studies medicine.",हमार बड़ भाई कानून पढ़त हवें और छोट भाई डॉक्टरी पढ़त हऽ।
I walked behind the group to guide them.,हम दल के पीछे चलत रहली जवने उनके बता सकीं।
Did you see it?,देखला तू?
I didn't come to talk about my father.,"हमके लगत हव की, लाइफ पत्तिका क एक परतिलिपि खातिन दूर भेजलँ।"
Where was your brother ?,तोहार बाई कहाँ रहल?
"Our weather expert, Walter Cronice will have the local forecast later on Newswatch.",हमार मउसम बिसेसग कलेटर करोनीस असधानी पहिलही कयास करिहँ बाद में समाचार बाच प्े।
Was he ill ?,का उ बिमार रहने ?
I may not help you.,हम तोहार मदद नाई कई सकीऽल।
Meena is her friend.,मीना ओकर दोस्त हऽ।
We were in the canteen til 6 O' clock.,हमहन क छ: बजे टील दुकन मे रहली जा ।
Time makes the worst enemies friends.,वक्त दोस्त के सबसे बुरा दुश्मन बना देऽल।
I didn't think you would make it.,"हमके ई करेके होई, आपके ना लगत रहल।"
"I gotta say, he was just as ugly then.","हम त बस ओकरे रूपे में बदसूरत रहलीं, (लोग) कहत हवँ।"
Has he consumed poison?,का ऊ जहर मिला देले रहन?
What do you know that he did ?,का तु जानला कि उ का कइलस?
We could not see the whole city.,हमहन क पूरा शहर के ना देख सकत हई जा ।
"Whenever I visit my mother, I eat cookies.","हम जब अपने महतारी लगे जाइ ल, कुकीज़ काई ल।"
How many players have not lost the match?,केतना खिलाड़ी खेल के ना खोवले बाड़न ।
"Every Sunday, it rains.",हर अतवार बरखा होत हव।
"I will, Pelle, but... you've got to deal with a country's authority.","हम करेंगे पेले, लेकिन येसे समय लगत हव अधिकारी के संहे।"
"Durga, go and find the calf","दुरगा, जा अउर बछरू खोजा।"
This beautiful house has been lived in.,ई सुंदर घर रहे खातिर हवे।
The same as Elias.,एलियास की तरह ही
The governor of Colorado is expected to declare a weather emergency.,उमेद हव कोलोरोडो क राजपाल मोसमी अपात क घोसना करिहँ ।
We entered.,हमनि घुसलीं ।
I have read Bacon.,हम बैकॉन पढ़लें हईं।
I saw him always leave at 8.,हम ओके हमेशा 8 बजे छोड़त देखली हऽ।
Do you girls intend to come first in the examination ?,का तु लइकि लोहन के परिछा मे अउअल अइले इरादा रखत हउअ ?
The rubber syndicate keeps up the price.,रबर क बिचौलिया कीमत ऊपर रखेंले
It went into overtime.,अधिक समय में चला गयल।
"Leave it for now, do this job during the day time.","अबहीं खातिर एके छोड़ द, ये कम के दिन के समय करिह।"
What was the irony in this?,ये में का विडंबना बा?
Let me go! Let me go!,चलीं।
I could not perceive my companions.,हम अपने साथिन क नाई समझ पइलीं।
It had a tremendous stride.,ई जबरदस्त विकास बा।
Dear sweet Jesus.,हे भगवान...
When you bite nails looking for me...,जब हमके देखत आपन नखून काटत हवा
The soil of Kathiawad is less fertile than that of Gujrat.,काढियावाड़ के मिट्टी गुजरात के मिट्टी से कम उपजाऊ ह ।
Is this road good or bad ?,ई सड़क ठीक हवे की ख़राब?
Had you been working?,का तु काम कइ चुकल रहल हऽ ?
What impression did you form of Lavinia before you meet her?,लविनिया के रुप के तोहार का विचार रहल उनके मिलले से पहिले।
Is he to go ?,का उ जात हाउए ?
"Initially, I had a small bakery.",शुरु में हमरे लगे एक छोट के बेकरी रहे।
"Somebody has called, haven't they ?",केहूँ काल कईले रहा ना कईले रहे का ?
A negro woman stopped to observe me.,एगो काला महिला हमके देखे से मना कर देहली।
It's out!,बहरे निकल गयल!
Is it?,अइसन का?
The alderman'll be thrilled that you're working with us.,"बरीठ अदमी लल आप हमरे संहे काम करत हवँ कि रोमांचित होखँ,"
Kinda.,जइसन की
The echoes of the storm which was then raised I still hear grumbling round me.,तूफान क गूंज जवन तब उठल रहल हम अबहीं भी ओकर गड़गड़ाहट अपने चारो ओर सुनीला।
Nothing.,कुछ ना।
We used to go for knowledge.,हमहन क ज्ञान के प्रयोग खातिर जात हई जा ।
The Spirit of the Forest?,"उ कहेल की उहाँ बड़ा जानवर हऽ, जवन पिछले उम्र में रहल।"
Who is fond of Chhola Bhatura ?,छोला भटूरा के पवलस हउए।
Raji’s car is very old indeed.,राजी क कार वास्तव में बहुत पुरान हऽ।
How many people think that children spend too much time watching T.V?,केतना आदमी सोचेलन कि बच्चा बहुत अधिक समय T.V देखे में बितावेलन ।
Whoo-hoo!,बू हू!
Did you go to the last class ?,का तु अंतिम कच्छा मे जइब ?
The glue had set hard.,गोंद कड़ा होके लग गइऽल।
It only took six years.,खाली छह साल लगल।
Mix it well.,एके अच्छा से मिला ल।
"You can sleep without sheets, no?",चदरन के बिना सुति सकत हवा न?
I don't know. - Shit!,हम ना जनतीं।
"Which subject does you like better, Art or Music?",तु कवन बिषय बढिया से पसन्द करल कला कि म्युजिक ?
I have examined the statement.,हम कहले क जांच कई लेहलीं।
Why does your brother appeal to God?,तोहार भाई काहे ना भगवान से शिकायत करला।
Tell them quickly.,उनके जल्दी बतावा।
So that's why they used the putty in the doors.,ऊ दरवाजे में पोटीन त इसतेमाल काहें कइले त हवँ।
I shall come.,हम आइऽब।
"The Rajah was deeply grieved, and said to his wife, ""What can I do for you?""","राजा बड़ा दुखी रहल, अपने मेहरारू से कहलस कि हमरे तोहरे खातिर का कई सकीऽल।"
Will the prime minister not be delivering a lacture at this time?,का ई समय प्रधान मंत्री आपन भाषण ना दिहन?
He decided maybe you shouldn't be way on the other side of town... where I'd never get to see you.,उ आप सहर के दुसरे पक्ष पर जिस तरह ना होवे चाही सायद फैसला कइले...हम। तुहें देखय के मिलत हव कबों ना होत हव।
Get him away from me!,ओके हमसे दूर रक्खा!
You will have to put up with whoever you choose as a spouse.,तु जेके अपने पत्नी के रूप में चुनला ओके आगे रख के चाहि।
"If you have already decided to go, what should I say ?",जावे के सोचीय लेल बाद जावे खातिर त हम का कहिं ।
My brother is well.,हमार भाई ठीक हऽ।
I felt a great deal of pity for that child who was crying.,लइकवा जवन रोवत रहल ओके चुपवावे खातिर हम बढ़िया सौदा कई लेहली।
Oop.,00पी
Can you think about me forever?,का तु हमेशा हमरे खरतिन सोच सकलअ ?
I am speaking in Sindhi.,हम सिंधी बोलत हई।
Come here.,इहां आवअ।
Can you pay your loan?,का तु आपन लोन चुका सकलअ ?
I wasn't alone there.,हम उहां अकेल नाई रहली।
Hannah was a teacher in Delhi.,हन्नाह दिल्ली में एगो अध्यापक रहन।
I could be real popular in a circus or a carnival.,हम एके सो पर ले जाइब...ऐटिट बोलिस
Why is Ram not good ?,राम काहे नीक नाई हऽ।
Ellis Redding.,एलिस रेडिंग ।
Will you be ill?,का तु बिमार होइब ?
These are good for daily use.,ई रोज के उपयोग खातिर सही रही।
Are you kidding me?,आप हमसे मजाक करत हवा?
"That's quite a bunch of guys, huh?",कि लोग क काफी गुच्छा हुह हव?
I don't remember your name.,हमके तोहार नाम नाई याद आवऽत।
We'll try to find something.,हम कुछ खोजले क कोसिस करब ।
Does Malti weep?,का मालती रोई?
How much time does the average teenager watch T V every day?,औसतन बच्चा प्रतिदिन केतना समय T.V देखत हऊवन ।
Ravi ate his meal and watched a movie.,रवि आपन खाना खा लेहलस और फिल्म देखलस ।
"If you want to keep it, give it to your wife.","जदी सब पइसा रखल चाहत हवा, एके आपन मेहरारू के देइदा।"
It is never the same without Vipasha.,विपाशा के साथे इ हमेशा होऽल।
When are you going to Lucknow ?,तु कब लखनऊ जात रहल हउअ ?
I want three potatoes.,हमके तीन आलू चाही।
Laxman is Sita's husband's younger brother.,लक्ष्मण सीता क पति क छोट भाई हऽ।
I want you to stay a little longer.,हम चाहत हई तू और रूका।
I don't wanna deal with you now.,अब हम तोहरे संहे सउदा ना कयल चाहित।
I am hoping to get a holiday soon.,हमके लगऽत जल्दीए छुट्टी मिल जाई।
Do you know who trains their soldiers?,तू जानत हवा कि ओनके सैनिकन के के परसिछित करत हव?
You will come with me.,तु हमरे साथे आइबा।
I say what I mean.,हमरे कहे क मतलब हऽ।
Will you be late?,का तु देर करबअ ?
I'll come by this evening and pick up the books.,हम सांझ के आइब और कितबिया ले लेब।
I should do nothing by Monday.,हम सोमवार तक कुछ नाई करऽब।
It's a good question.,ई बढ़िया प्रश्न बा।
The match was played yesterday.,कलिहां मैच खेलऽल गइऽल।
Here we go.,इहवाँ हम चलीं।
Let's go. Come on!,चला चलत हईं।
They went into the building.,ऊ लोग ईमारत में गईल लोग।
I will watch a movie.,हम फिल्म देखे जाइब।
"This way the fame of Sasuee's beauty reached the ears of Punhoon, the prince of Kech Makran who was son of Aari Jaam the ruler.",ए तरह से ससुई की सुंदरता की प्रसिद्धि पुन्हूं की लगे ले पहुंच गईल जे केह मकरन के राजा हवे अउरी जे आरी जाम के शासक के बेटा हवे।
Reema struck Krishna.,रीमा कृष्णा के मरलस।
"Women live longer than men, for they take better care of their health.",औरतें मर्दन से ढेर जिएं लीं काहें से कि ऊ अपने सेहत क ढेर ध्यान रखें लीं।
Your mother too will soon turn 70.,"तोहार माईओ, जलदिअ हो जइहँ।"
Where is Raju ?,राजू कहां हऽ।
You must endure what you cannot cure.,तोहके सहे के चाहि जबले इलाज नाई हो सकला।
There. Look.,हर केहु के अनन्दर उहाँ।
They walk.,उ लोग टहलत हैं ।
I trained her newborns.,हमार दिहल गयल हव नियंतरण
The job is unlikely to be finished inside a year.,एक साल के भीतर् काम समाप्त ना होई ।
How many universities are here ?,इहां कगो ले केंद्रीय विश्वविद्यालय बा?
"He doesn't exist, except on paper.","ऊ असतीत्त में ना हव, कगजे के सिवा।"
Ram has one daughter.,राम के एगो लइकी हऽ।
I have only just heard from your brother that you have been ill in the hospital for the last two weeks.,हम अबहिने तोहरे भाई से सुनली हऽ कि तू बीमार हउवा और दुई हफ्ता से अस्पताले में भर्ती हवऽअ।
"I swear on Allah, the great!",ई अल्लाह क कसम।
"It is just a signature not threatening , the complete document will be written tomorrow and it will be written until your body has blood and my pen has power.",धमकी ना ई त खाली हस्तक्षर बा कुल कहानी त विहान लिखल जाई और तवतक लिखल जई जवतक तोहरा शरीर में खून रही और हमरा कलम मे जान ।
What was day yesterday ?,काल कवन दिन रहे ।
He's your sister's husband only.,ऊ खाली आपके बहिन क मरदअ हव।
But I cannot understand one thing that what was the matter for which you took the revenge from me?,बस एगो बात ना समझ में आवत हीय की कवना बात के वदला लिहलअ हमसे ।
Who else did go to Hyderabad with Meera ?,मीरा के साथ दूसर के हऽ हैदाराबाद जाए वाला।
You nearly killed me.,तु नजदीके से हमार जनवा हति ल् ।
Was she writing a letter ?,का उ एगो चिट्ठी लिख रहली ?
Ullman phoned me last night.,उलमन काल्हि रातीं हमके फउन कइल।
Understand?,का तू ना समझता?
Indu!,इन्दू!
Does Sita weep ?,का सीता रोवली?
She followed Suhini.,उ सुहिनी के अनुसरण करिहन।
Some of the members of the Assembly complained of increased military expenditure.,विधानसभा क कुछ सदस्य रक्षा खर्चा में बढ़ोत्तरी क शिकायत कइलें हऽ।
We are reaching within 10 minutes.,हमहन क दस मिनट की अन्दरे पहुचते हई जा ।
Fine! And she will! - Jacob.,याकूब किरपया जा
Perchance one magician came to know that King Nand has such a tooth.,पेर्चांस एगो जादूगर रहे अउरी ऊ राजा नन्द के दांत के बारे में पता लगावे खातिर आईल रहे।
You were speaking good Sindhi.,तु अच्छा सिन्धि बोलत रहलअ।
Especially when I've been drinking.,हम जब खासकर पीअअ गइल हईं।
"And still, he kept sending those letters.",अउर फिनूहूँ---ऊ वो चिट्ठिन के भेजत रहल।
There's some little dead rat critters here.,कुछ थोड़ा मरल चूहा करीटरस इहवाँ ना हव।
I am found of music.,हम संगीत क दीवाना हईं।
Kongstrup has to pay for his lechery!,काँगस्टरप : को भुगतान करय के पड़ी
The girl ate apples and so did her brother.,लइकी सेव खइले अउर उनकर भाई भी अइसन कइने ।
I was born in 1970.,हम 1970 में पैदा भइल रहलीं।
Rano came to bid them farewell.,रानो ओके विदाई देवे आइऽल रहऽल।
When the clothes would be ready ?,कपड़ा कब ले तैयार हो जाइ।
A tiny bird lived under the caves.,एगो छोट के चिड़िया एगो गुफा के निचे रहत रहे।
Ram will carry Anil.,राम अनिल के ले के आई।
Will you find the ring?,का तु अंगुठी पइल ?
He's the little one with the hat.,ऊ एगो छोटे से टोपी के संहे हवँ।
Some say in ice...,कुछ बरफ में कहिहा।
"Do you work well, seriously ?",का तु निश्चितरुप से ठीक से करब ?
Will Hari not come to school today?,का हरि आज विद्यालय नईखे आवत?
It was in here.,ऊ इहवाँ अन्नर रहल।
"My friend is sick, but he will feel better tomorrow.",हमार दोस्त बीमार हऽ पर बिहान सही हो जाइ।
You would have had no trouble at school if you had done your homework.,होमवोर्क करके गयील रहत त स्कूल में परेशानी न होयीत ।
Call one!,बोलावा!
Mary said she could come to the show.,मैरी कहऽल हऽ कि उ देखावे आ सकेऽली।
We do ask people to keep in touch with us.,हमहन की साथे हमहने क लोग साथे रहे खातिर पुछत रहे।
Hold fire.,रुकि जा।
I tried to reason him out of his fears.,हम ओकर डर निकारे क वजह बतइली।
"I change, but I cannot die.",हम बदलऽब लेकिन मर नाई सकीऽल।
Do I ask for the size of your shoes?,का हम तुहरे जूता का अकार पूछलीं?
"You are going to do this, aren't you?' -- 'Yes.'","तु इ करे जात रहल हउअ , कि तु नाई --हऽ।"
"If he changes his mind, we shall know for sure that Joe has learned his lesson, but only time will tell.","अगर उ अपन विचार बदलीहें त हमनि जान जयब् कि जो अपन सबक सीख लेवल हऽ, पर समय ही बतायी ।"
We love those who love us.,हमहन क ओसे प्यार करेली जा जे हमहन से प्यार करेला।
Accommodation in Australia is divided into categories based on facilities and location.,आस्ट्रेलिया में रहला के जगह कई गो ले श्रेणी में बाटल गईल बा अउर ओहमा सुविधा भी जगही के ही हिसाब से दिहल जाला।
And to learn each other’s languages is a good thing.,आ एक दूसर क भाषा सिखल अच्छा काम हऽ ।
I wished to see a dentist.,हम दांत के डॉक्टर देखे चाहत हईं।
"Recently, we went to Dubai.",जल्दिये में हमहन क दुबई गईल रहली हजा ।
How many stars can we see?,केतन गो तारा देखा सक तानि ?
Roshan got up early today morning.,रोशन आज भिनहिया जल्दी उठ गइल।
I have to write a letter,हमके खत लिखेऽक हऽ।
My mobile phone is something which is very important to me.,एक हमार मोबाइलवे त हऽ जवन हमरे लिए जरूरी हऽ।
I have nothing to hide.,हमरे लगे छिपावअ के कछहू ना हव।
She's in the left-hand side of the churchyard.,उ अब कब्रिस्तान की बायँ कोने में दफन हव।
Is he canceling your Kashmir tickets?,का ऊ तोहार कश्मीर के टिकट रद्द करत हवें?
I think Asha can do anything.,हमरे ख्याल से आशा कुछौ कई सकेली।
Answer the first question before you proceed further.,पहिला प्रश्न के उत्तर दअ आगे बढे से पहिले ।
It is impossible to suspect such a man.,अइसन लोग पे संका कईल असंभव होला। ।
Ooty is colder than Chennai.,उटी चेन्नई से ज्यादा ठंडा हौ ।
If not no use in saving my life.,अगर ना कइ सकलीं त हमार जिनगी बंचवले क कवनो फयदा ना होई।
No employees... nothing.,कवनो करमचारी।
"The parole board got me into this halfway house called ""The Brewer"" and a job bagging groceries at the Food-Way.",पैरोल बोरड में हमके इ घर देहल जवन द बरूअर कहलाला अऊरो फूड वे में समान पैक करे क एगो नोकरी।
We would have visited the whole country.,हमहन क पुरा देश क दौरा कईली जा।
Took you all of 30 seconds to blow that off.,कि बन्न के उड़ावअ खातिन आसन 30 सेकंड क समे लिहलअ।
My name is Ashitaka! I have traveled far from lands to the east.,आप हिरन भगवान् क पूरान देवता हई?
They met after a party.,उ लोग पार्टी में मिलन ।
Throw this crow into the prison.,ई कौआ के जेल में बंद कर देहल जाव।
Where is Matsu?,मात्सु कहवाँ हव?
The children playing in the field stopped when they saw my dogs.,लइके जवन मैदान में खेलत रहऽलं हमरे कुक्कुर के देख के रूक गइऽलं।
"People say that I play quite well, anyways you listen to it and decide.","लोग कहेलअ की बडा अच्छ बबजावेलअ , बाकि जब तु सुनिंहअ त फैसला कतहिंअ"
The tiger is feared for its fierceness.,बाघ अपने निर्दयता के वजह से ढेर डेरवावेला।
"I bought a horse, an ox, and a buffalo.","हम एगो घोड़ा, बैल और भैंस खरीदली।"
Ram must have beaten Ravi.,राम रवि के पिटले होई।
We have good rice on ration.,हमहन के अच्छा राशन औरी चावल चाही ।
Ram made the mention of your abilities in our meeting.,हमन के बैठक में राम तोहार योग्यता बतइले रहऽल।
How much?,केतना?
I can tell time by using the sun.,अउर हम बिस्मार्क बन सकत हईं।
"I-I-I'm sorry, Lynne, -",हम माफी लीन हईं।
Have the children gone to school ?,का बच्चा सब विद्यालय जा चुकल बाड़े?
"After I graduated from college, I wanted to travel, but I had to go to work immediately.",कॉलेज पढ़ले के बाद हम घूमे चाहत रहलीं लेकिन हमके काम करेऽक पड़ल।
Now I would not prepare chapatis.,अब हम रोटी ना तईयार करब।
The girls have made the silver utensils shine by polishing them.,लइकी कुल चानी के बर्तन के पोलीस कई के उनके चमकवली हई ।
How many contractors are building the home?,केतना ठेकेदार घर के बना रहलन हऊवन ।
"But I sure do love that winning horse of mine, though.",लेकिन एकीनन हम अपने ओ जीतअवाले थोड़ा के पिआर करत हईं।
A red blouse.,येकर का मतलब?
She knows everything.,ऊ सब कछु जानति हव.
"Apart from this, they are also being sent on an environment tour for two weeks.",एकरी अलावे ओ लोग के दू सपताह के पर्यावरणीय टूर पर भेजल जात बा।
Please let me go now.,कृपया अब हमके जाए ड़ा।
I found it among the trees.,हमके इ पेड़न के बीच मिलऽल हऽ।
As he had hidden himself behind a corner of a shop.,जइसन की उ खुदे दुकान के एक कोने के पीछे लूका गईने ।
Can you plant some trees?,का तु कुछु पेड लगा सकल ?
I'll come right away.,हम अबहिने आवत हईं।
You are looking disappointed today.,आज कुछ दुःखी दिख ताडु ।
I want 2 kg sugar.,हमके दुई किलो चीनी चाही।
Now.,अब
In this manner Soomal collected lot of wealth.,ए तरीका से सूमल बहुते धन इकठ्ठा कर लेहने।
B-I says bi.,बी आइ बी
Avoid harsh soaps and apply oil .,"कटु साबुन क ईस्तेमाल मत कर,तेल लगाव ।"
You ought to start grooming.,बेहतर होई की तू तइयार हो जाय।
We will come with them.,हमहन क उनकी साथे आवेके।
Yesterday I read a book which was written by Hemingway.,कलिहां हम एगो किताब पढ़लीं जवन हेमिंगवे लिखले हवें।
Do you get scholarship ?,का तु छात्रव्रति पा गइल ?
But the outer door held and it waited for Tim.,लेकिन बहरी दरवाजा बनवलँ अउर टिम खातिन इनतेजार करत रहलँ।
These all are new students.,ई सब नया छात्र हवे।
I'm only a poor laborer by comparison.,आपके तुलना में हम केवल एक बेचारा गरीब हई।
The tracks of those wolves and the girl with them.,उ लड़की आउर भेडि़या....।
Jesus!,ईसू!
Does mother bring a toy ?,का माँ एगो खिलौना ले अईली?
By the balls!,गेंनन से!
Novel is one of the major and beautiful branches of Literature.,उपन्यास साहित्य के एगो बहुते महत्वपूर्ण अउरी सुन्दर विधा हवे।
I just saw your husband.,हम सिरिफ आपन पति के देखलीं।
Everybody knows it!,ई हर केहू जानत हव!
"Let's see, where were we?","च्ला देखीं, हम कहवाँ रहलीं?"
The coffee sucked.,काफी चुसाल।
Tell your mother that Auntie has come to stay,अपने माई के बताइदा कि फुआ रहअ खातिन आइ गइल हईं।
Dufresne!,डुफरेन!
Look for your bicycle.,आपन सइकील देखिला।
Abdul came earliest of all.,अब्दुल सबहुं में सबसे पहिले पहुंच गयील।
The population of India is larger than that of France.,फ्रांस से ढेर भारत क प्रदूषण बा।
My grandfather had this house built.,हमारा बाबा इ घरा बनवइले रहले।
Don't say that to me.,"हमके मत बतावा, हैग।"
Késakichi sings this?,‘केसाकीची’ ई गावत हव?
"Listen, tonight I don't work. He'll do it without Erik. I'm goin' out and have some fun.",अगर उ चाहे त काम कइ सकत हव खूनी स्टोनफार्म पर बंधक।
Sign this.,इहवाँ साईन कइदा ।
I think so.,हमके लगाऽल।
And you can say I sent... my-- my thanks for taking you in and treating you so well.,अउर ओके इ दे दिया तुफान में ओकर दयालुता के खातिन धन्यवाद के रूप में।
Will he help in your difficulty?,का ऊ तोहार कठिनाई में सहायता करिहें?
Will you tell him that you are Indu?,का तू ओके बतइबू कि तुहहीं इन्दू हऊ?
Does she know how to do dance ?,का उनके डांस/नृत्य करे आवेला?
When will he leave this habit?,उनकर इ आदत कब जाई ।
You are also starting a new life today.,आ तु भी एगो नई जिनगी शुरु करे जात हऊ
"Because if we do this we do it all the way, a hundred percent, nothing half-assed.","काहें की अगर हम ई करीं, हम पूरा करब, 100 प्रतिशत, आधा अधूरा कुछ ना।"
You have been listening to the radio.,तु रेडियो सुन भइल हउअ।
"Men are very weak dear daughter, they are very weak.","मर्द बडा कमजोर होलअ बेटी , बडा कमजोर होल आ"
"We saved a life, man!",हम एगो अदमी क जीवन बचवलीं
You will leave the city for the nonsense of a girl.,एगो पागल लईकी की कहला पर तु शहर छोड़ देबु
"What does the poet want the governor, the inspector and the visitor to do?","गवर्नर ,इन्स्पेक्टर आ दर्शक से कवि का करावल चाहत हऽ?"
I am reading good books.,हम नीक क किताब पढ़त हई।
Somebody had to stop these pricks.,"कोल्हाड़ी, केहूके एकर चुभन बन्न रहल।"
We went to Gandhidham yesterday.,हमनि कल गान्धिधाम गयिल रहीं ।
The only question is who's it going to be?,सिरिफ सवाल हव ऊ के होई?
Are you Sindhis ?,का तु सिन्धी हवा?
Have you ever drunk pure wine?,का तु कब्बो शुद्ध् शराब पी चुकल बाडअ ?
Thank God.,भगवान क दया हव।
Run!,भागा!
Ram is going soon.,राम जल्दिए चल जाई।
A Fides.,एगो फाइड ।
You go to home and write poems.,तु घरे जा अउर कविता लिख।
Are you accepting this proposal?,का तु हे प्रस्ताव के लेलेब ?
The crow dropped the cheese.,कौवा पनीर के छोड़ुवे ।
I let the dog out for five minutes before I go to work.,काम पर जाए से पहले हम कुक्कुर के पांच मिनट खातिर छोड़ देहलीं।
What are you doing?,तू का करत हऊ?
It'll lead to somebody.,ऊ केहू न केहू ले पहुँची।
And Bogs would never walk again.,अउर बॉग्स कबों चलि ना पवलअ।
How many pigs are lying on the mat?,केतना सूअर चटाई पर लेटल हऊवन ।
The poor quality of your work worries me.,तोहार खराब गुण वाला काम हमके चिंता में डालेला।
What is the internet charges ?,इंटरनेट के कितना पईसा लागी।
You go to Shimla for your summer camp.,तु जा अपनी शिमला समर कैम्प
I work in a shop.,हम दुकान में काम करी ल।
We've been fishing for five hours.,हमहन क पांच घन्टा खातिर मछरी पकडे गईली जा ।
"Trying to walk and chew gum at the same time again, Bella?",बेला खातिन एक गरम कुत्ता होवे की कोशिश कर? हम चेहरे में हमरे वेयर वोल्फ टक्कर लगल हव?
What does the mirror do?,आइना का कर सकेला।
I swear it.,हम कसम खात हईं।
You know what I'm saying?,तोहके पता हव हम का करत हईं?
I like Mary.,हमके मैरी नीक लगेऽली।
Radha will watch movie today.,राधा आज फिल्म देखी।
We did not live in London.,हमहन क लन्दन मे ना रहत रहली जा ।
When Sally showed me Swayzak's files--,सैली हमके सवेजेक के फइलन से पता चलल जब-
"Prakash, which are the mountains in the north of our country ?",प्रकाश अपने देश के उत्तर में कौन पहाड़ हऽ।
The baby has our blood.,बच्चे में हमार खून हव।
Stupid.,मुरुख ।
The boys came this way as they were strolling.,लइका लोगयेहर से अइले कहे की ऊ घुमत रहने।
I asked the boy how old he was.,हम लइका से ओकर उम्र पूछलीं।
What do you mean?,तोहार का मतलब हव?
They're just pups.,माई कहा हवै?
"Why, it is surely Nanak.","काहे , इ सही नानक हउए ।"
I'm Jack Torrance.,हम तेक टॉरन्स हईं।
We have not men enough.,हमहन के पुरा ना हवे अदमी खातिर ।
We'll be here all night.,हम इहवां सगरो राति रहब।
"Well, let's go.","ठीक हव, चला चलत हईं।"
I had an uncle in Germany who I inherited a bit of money from.,हम जर्मनी में चाचा लगे रहलीं जहां विरासत में हमके पूंजी मिलल रहल।
It was the consequences of his carelessness.,ई उनकी लापरवाही के परिणाम रहे।
This is the picture that Jane painted.,ई उहे तस्वीर हवे जेके जेन बनवले रहली।
The boy's uniform is new.,लइका के वर्दी नया हउए।
Would she still be waiting for me now if I had not picked her up?,हम ओकरा के न लेयतीं त का हमार खातिर अबहुं इन्तेजार करत रहती ?
Wake up!,जगु!
We went.,हमहन क गील रह्ली जा ।
"And that's how it came to pass that on the second-to-last day of the job the convict crew that tarred the factory roof in the spring of '49 wound up sitting in a row at 10:00 in the morning drinking icy-cold beer, courtesy of the hardest screw that ever walked a turn at Shawshank State Prison.","अउर ई अइसहीं पार हो गयल....काम के अखिरी दिन से एक दिन पहिले, अपराधिन कदल जवन 49 के बसंत में पलेट करखाना के छते पे अलकतरा लगावत रहलँ..."
I don't feel that way for you.,हम मानल जाई जवन हमें ना हव
I have to get my hair cut of the same length.,हमके वोही बराबर बार कटवाएक हऽ।
Ram has given the book to Mary.,राम मैरी के किताब दे देहले हऽ।
I am very happy with you.,हम तोहरे साथे खुश हईं।
My dog has buried his bones in the lawn.,हमार कुकुरा ओकर हड्डिया लॉन में दफना देहले हऽ।
Will you please give me a lift?,का तु किरपा कइके हमके लीफ्ट देबअ ?
I think that ship sailed long ago.,हमके लगत हव कि बहुत पहले जहाज रवाना भइल।
Albert Einstein was a high school dropout.,अल्बर्ट आईन्स्टाइन दसवीं फेल था ।
We ate sweets.,हमहन क मिठाई खा लेहेली जा ।
Rama works hard.,रामा मेहनत करऽत।
Where does the Shobha Yatra go ?,शोभायात्रा कहां ले जाला।
Have you never heard of Adam and Eve and the serpent?,का कबौं सुनले हवा एडम अउर ईद अउर नाग
You mean Edward program.,"तोहार मतलब हव, एडबरड कारकरम?"
Shall I show you the wonder?,का हम तोहके एक अचरज देखाईं?
You fed them.,तु ओनहन के खियइबा।
Then I did not know how sweet you are,तब हमके पता ना रहल तू एतनी पिआरी हऊ
Christine was not decorating her home.,क्रिस्टीन आपन घर ना सजावत हिय ।
We appreciate it.,हम एके सराहना करत हईं।
You're all done.,ठीक हव।
"I walked with him to the station, where we parted.",हम ओकरे साथे स्टेशन गइलीं जहां हमन अलग हो गइलीं।
Had she drawn a circle?,का ऊ घेरा खिचले रहली?
Danny!,डेनी!
The poor smelly!,बेचारा बदबू!
"The boys picked burgers, and the girls chose chicken sandwiches.",लइके बर्गर उठवने अवर लईकिन कुल चिकन साइनडविच चुनली ।
My brother is out.,हमार भाई बहरे हऽ।
Did she not go to the market?,का ऊ बाजार ना गईली?
I couldn't solve the puzzle.,हम पहेली बूझा नाई पइलीं।
"Got you out of the laundry, though.",तोहके धोलाई घरे से निकार दिहलअ न?
All of them have failed.,उनहन में सब फ़ेल हो गईल ।
"Although his father did not say anything, Saket got his car cleaned.","हालाँकि उनकर पापा कुछ ना कहलन, साकेत अपनी कार के साफ़ कर लेहलन।"
The parents are also not paying attention.,माई बाप खुद नाई ध्यान देत हवें।
"Just think, two wives to care for you, Pelle.",एक काफी बनावत हव दुसरी। पत्नियां पेले। अउर सीती हव।
How did you contrive it?,तु यहके कइसे कोशिश कइल ?
I have a little fever.,हमके तनि बुखार हऽ।
How many women do think about it?,केतना औरत एकरा बारे में सोचत हई ।
They have a really great science program.,ऊ सचमुच महान बिग्यान कारकरम हव।
Don't break your fast.,आप्न उपवास तोडीह ने ।
This is $200.,इ 200 डालर हव।
He dislocated his shoulder.,ओकरे कन्हा क हड्डी उखर गइल रहल।
"Why did you do this to him, God?",भगवान तू एकरे संहे अइसन काहें कइला?
Can I go to the bed now?,का अब हम सोवे जा सकेलीं?
"Pengelly, up here!","पेनजेली, इहवाँ"
"# [""The Show Goes On"" performed by Bruce Hornsby]","#(बरुस होरन्सबी दुआरा बनावल देखवले दे बनिजाला"")"
My brother bought two cats.,हमार भाई दूई कोट खरीद के लाइल हऽ।
"You managed the project well, considering your inexperience.","तु प्रोजेक्ट क प्रबंध बढ़िया कइला हऽ, अपने अनुभव के विचार से।"
Therefore every day her mother sends her a piece of fish.,येही से उनकर मम्मी रोज उनका खातिर एगो मछली के टुकड़ा भेजे ली।
Who cares?,के ध्यान देत ह ?
Did you speak him at all?,का तु उनसे सब पर बोलत बाडअ ?
I wonder whether Michael walked the dog.,हम जाने चाहत हईं कि कुकुरा के घुमावे कहां ले जाइ।
So he had a terrible accident.,येही से उनकर एगो भयानक दुर्घटना हो गईल।
Rashid may be wrong.,राशिद गलत हो सकऽल।
What is it and why?,"ई का हव, अउर काहें?"
We help each other a lot.,हमहन क एक-दुसरे क सहायता करेली जा।
"If my boss calls, please let me know right away.",हमर बौस काल करिहें त बता दिह ।
Who came here yesterday ?,इहां कल के आईल रहे?
I like you...,हम तोहके चाहत हईं।
Stop talking so loudly!,तेज से बात मत कर ।
His parole's come through.,ओकर पैरोल आ गइल ल।
"How are things going, Mr. Torrance?","कइसन लगत हव, सूरी टारन्स?"
Rama and Hari are nearly related.,रामा और हरी दूनों करीबी हवें।
"A lot of fun, but I wouldn't want to go in there unless I had an hour to spare to find my way out.","बहुत ढेर मजा, लेकिन हम ओहवाँ जायल ना चाहत हईं...जबले की हमरे पास एक घंटा फालतू ना होखअ बहरे क राहि खोजअ खातिन।"
I wonder if he will come.,हमके आश्चर्य होई अगर उ आई।
"If I desire anything, I must get it. Remember it, Bhairava!","अगर हम केहूके पवले क हींछा करत हईं त हम ओके पाइ लेत हईं, ई इयाद रखिहा भैरवा!"
That is a matter between you and I.,हमरे आ तोहरे बीच उ बात हऽ ।
The girls have won the championship.,लड़किया कुल चैंपियनशिप जितले हइ ।
Can you do this for me?,का तु यहके हमरे खरतिन भूल सकल ?
Did you stand first in the class?,का तु कछा मे पहिले खडा होत रहल हऽ ?
Does she go to outside?,का बहरे जात हाई ?
Cut it fast...,एके तेजी से काटा
How long ago was that?,उ केतना वर्ष पुराना था ।
The roads here are very bad.,इहां के रास्ता सब बहुत खरं बा।
God will set things right.,दैऊ सब ठीक कई देहैं।
Now I feel at home in Udaipur.,अब हम उदयपुर में घर जईसन महसूस करत बानी।
We will get all the work done together.,हम सबही के एक साथ काम मील जाई ।
I took a book from him.,हम ओसे किताब लेहली।
"If you fall, your limbs will break.",अगर तू गिर गइला त तोहार टाँग टूटि जाई।
They have been quarrelling ever since they got married.,जब से उ विवाह कईले बान तबसे झगड़ा करत हवें ।
This idea of yours is excellent.,तोहार ई उपाय एकदम मस्त हव।
Please pay at the till.,अब तक भुगतान कई द।
"I must hurry back at once, or my business will greatly suffer.",हमके जल्दी लौटेऽक होई नाई त व्यापार में बड़ा घाटा हो जाइ।
I go to Belgium by car.,हम बेल्जियम कारे से जाइऽब।
What a fantastic joke !,का बहुते नीक मजाक बा !
Does she talk about her plans ?,का उ अपने योजना के बारे बतियावत हई ?
Will you be working?,का तु काम करत रहल होबअ ?
"Look , a girl is one whom you can take home to your mother.","देखो, लइकी व होली स जवना के अपना घर में माई के पास ले जाईल जा सके ।"
We had been chatting in a forum.,हमहन क एगो पांडाले में बात क लेले रहली जा ।
I will come.,हम आइऽब।
"Now I, I might say some things during.",अब हम...हम के दौरान कुछ बात कहि सकत हईं।
What did you do since yesterday?,तु कलिहा के बाद का कइलअ ?
The car runs on diesel.,कार डीजल से चले ला ।
"Now-a-days, I am getting up at 5 O' clock",आजकाल हम 5 बजे उठ तानि ।
I do not know when I shall return.,हमके नाई पता कि हम कब लौटब।
why didn't you tell me?,"श्रोजअ त मिलत हऊ, कबों ना बतवला?"
The nephew is older than his uncle.,भतीजा चाचा से बड़ हऽ।
"Come on Simran , you know me for so many days yet you could not understand me.","अरे कमाल बा सिमरन, कमाल बा तु हमके एतना दिन से जानत हऊ लेकिन अवहीं ले पहचान ना पवलु ।"
Was he hard on you?,चाहे आप के खातिन कठोर-रहल?
I'm really sorry about last night.,हम रात पिछल खातिन खेद हव असान हव
I can’t eat my sweets until after dinner.,"हम आपन मिठाई नाई खाई पाइब, जब तक खाना नाई खा लेऽब।"
I had to sell the salt merchant a girl I had just born.,एगो लइकी के जवने के हम जनमवले रहलीं एगो नमक बेपारी के बेचे के परल।
She won't.,इना होई
Kick that old man's ass!,ओ बूढ़ मनई क लात!
How does the author help the boys?,लेखक लइका क मदद कइसे कइलस।
This is Sita's own book.,ई सीता के आपन किताब हवे।
So this is what you've been up to,त ईहअ करत रहला।
One needs to get up early.,खाली जल्दी उठले क जरूरत हऽ।
Does she know mystery?,का उ रहस्य जानत हई ?
They tried to find fault with us.,ऊ लोग हमनी में गलती निकले के कोशिश करत रहे।
We'll find it.,हम येके खोजब.
It was bitter cold.,बहुते बुरा ठंढी बा।
Is this place near to the city ?,का ई शहर से नजदीक जगह हवे?
Ram opens the door.,राम दरवाजा खोली।
They're tossing cells.,ऊ सेल बदलत हवँ!
I just want to finish my work.,हम सिरिफ आपन काम खतम कयल चाहत हईं।
"You know Sonia, I am being friends only with you.",जानत हक सोनिया इ फ्रैंन्डसिप हम खाली तोहके देत हई
I wanted so many things for you... that I couldn't even hope for.,"हम कोसिस कइनीं, हम तोहरे खातिन एतना सारा समान चाहत रहलीं...हमहूँ खातिन आसा ना कइ सकता की।"
"The only way to truly kill it... is to love it a little, just like Ronald.","सच में ओके मारअ खातिन एकअ रस्ता हव....सिरिफ रोनाल्ड के तरे, ई एगो छोटा सा पिआर करे खातिन हव।"
This is the place for me.,ई जगह हमरी खातिर हवे।
How does a thing of beauty remain a joy for ever?,एगो सुंदरता के सामान हमेशा के लिए आनंद कईसे हो सकेला?
"Sir, I think maybe we took a wrong turn somewhere.","हम गहरी महोदय, में होत हऽ।"
"My daughter, another kid and I sleep here.","हमार बिटिया, एक अउर बच्चा अउर हम इहवाँ सोअत हईं।"
Go to your quarters!,अपने कमरे में जा मलऊन!
This is the safe.,ई सुरक्षित हवे।
You could run fast.,तु तेज भाग सकल ।
I have visited 56 countries.,हम 56गो देश घूमले हईं।
Oei's Father died earlier.,पहिले पिता ओए इक मृत्यु जयल चाही।
Will he knit you another sweater?,का ऊ तोहरी खातिर दुसर स्वेटर बुनिहें?
Who is looking after the children ?,बच्चन के बाद के देखभाल करत ह ?
Lost your tongue?,जबाव काहें ना देतू?
Goddamn!,धत् तोरे क!
"Yeah, I'm gonna miss this.","हाँ, हम ई इयाद करत हईं।"
Please get icecream for us.,सुनत बानी हमहन क खातिर मलाई बर्फ मिली का ।
The money from that job and the fees for religious ceremonies will keep the family going for now,ओह नोकरी क पइसा अउर धरमिक अनोठान के फीस से....पलिवार चलत रही।
"Having walked away miles, he is quite done up.","मीलों किलोमीटर चलि लेहलस, एतने के बाद उ चुप हऽ।"
You can tell me.,आप हमके बता सकत हवा।
I wonder where 1 0 years went.,हमके अचरज हव दस साल कहवाँ चलि गयल?
Shyam looked at the pictures.,श्याम फोटो देखलें।
We travelled thousands of miles across Europe.,हमहन क युरोप भर में हजारोअम् मील घुमली जा ।
[Ricco] Nobody around here ever heard of it.,कबों एकरे बारे में सुनला इहवाँ चारों ओर (रिक्को) केहू ना।
"Over. Hi, this is Wendy Torrance at the Overlook Hotel.","हाय, ई बेनडी टॉरन्स हवअ होटल ओभर लुक से"
We come to Gandhidham very often.,हम बहुते बार गांधीधाम आइला ।
I speak little bit Sindhi.,हम थोड़ा सिंधी बोली ल।
Do you want me to open it ?,का तु एहके खोले खरतीन हमके चाहतड ?
And I too often want you home again.,आ हम तोहके फ़िर से घरे देखल चाहत हई ।
"I couldn't decide where I should work or what I should do, so I did nothing.",हम तय कई नाई पइलीं हमके काम करेऽक चाही या का करीं ऐसे कुछ नाई कइलीं।
Yesterday I sang a number of marriage songs.,काल हम बहुत सारा शादी के गीत गऊवी ।
"Indu, get away from him.","इन्दू, एसे दूरे रह।"
Ravana killed Ram.,रावण राम के मार देहलस।
You'll be happy.,तू खुस रहो।
That's an irritating noise.,उ आवाज परेशान करेवाला हऽ ।
We came.,हमनि आ गयलीं ।
You like train journeys.,तोहके टरेन के सफर पसन्द हउए।
"No, not at all.",नाहीं बेलकुल ना।
I guess that's the end of them.,लगत हव कि हम ओनमें से अन्त हईं।
What kind of computer fascinate Michael and his dad?,कवना प्रकार के कम्पूटर मिशेल व ओकरा पापा के आर्कषित करेला ।
"What are you doin', man?",आप चल रहल हव आदमी का करत हव?
None of the other bedrooms are heated during the winter.,अन्न कवनो बेडरूम सरदिअन के दउरान गरम ना कइल जात हव।
Sometimes revealing the feelings of heart also leads to heart break.,कबो कबो दिल क बात कही देहले से दिल टूट भी सकेला ।
War is terrible.,लड़ाई भयानक हउए।
The lock was opened by the child.,टला लइका के द्वारा खोलल गयल।
We were fatigued on account of having walked so far.,बहुत दूर चले से हमनि थक गयील रहीं ।
Moomal anxiously waited for Rano.,मूमल उत्सुकता से रानो के अगोरत रहऽल।
Rima had already talked to me yesterday.,रीमा क हमसे कलिहां पहिलेही बात हो गइल।
Ram wrote a letter to Shyam.,राम श्याम के चिट्ठी लिखले हऽ।
You are three years younger to me.,तु हमसे तीन साल छोटहन हउअ।
The rooms of this house are very big.,ई घर के कमरा सब बहुत बड़हन बा।
"We can talk about this, right?","बरुक्स, हम येह पे बात करत हईं! ठीक?"
Do you want a sandwich?,बिल्ट सैडबिच?
I was able to afford a car by means of a loan.,हम कर्ज लेके कार ले सकत रहलीं।
He wrote the lesson.,उ सबक लिखलस।
To avoid punishment he ran away.,सजा से बचे खातिर उ भाग गइऽल।
"Can I say ,""you are mad?""","का हम कह सकेलीं कि ""तू पागल हवअ?""।"
We were looking for a good place to camp.,हमहन क कैम्प खातिर एगो अच्छा जगहे के ढुढत रहली जा ।
"A nother party, Alice?","एगो दूसर पारटी, एलिस?"
You'll never go to heaven! You'll never see your grandma in heaven!,अगर तू भागे कबौं नाही मिलवा स्वर्ग में अपनी दादी से।
Moomal was also enchanted by the handsome and intelligent Rano.,मूमल पर खूबसूरत और बुद्धिमान रानो फिदा रहऽल।
You are working in the garden.,तु बगइचा मे काम करत रहल हउअ।
"My friend being now in Bombay, I shall go there to meet him.",हमार दोस्त बंबई में हऽ हम ओसे मिले उहां जाइब।
I remember my twentieth birthday.,हमके आपन 20वां जन्मदिन याद हऽ।
Come out...,आइ जा बेटा
What caused the problem?,समस्या के वजह का रहे?
I have done well on the whole.,पूरा दिन हमार बढ़िया रहऽल।
"Actually, you and Edward will have the house to yourself tonight.",हम ओके पसंद आयल
The window of room had opened.,कमरा क खिड़की खुल गईल ।
It’s so cold !,बहुते ठंढी बा!
Do you miss it?,तूँ एनके इयाद आवति हऊ?
It was in a railway carriage.,ई एगो रेलवे के भरवाहन में रहे।
Please bring mutton soup for me.,हमरे खातिर मटन सूप ला व।
"So, alright. How about this? I'll make you a deal.","ठीक हव, एकरे बारे में कइसे..."
Can you cook food for me?,का तु हमरे खरतिन खाना बना सकल ?
Those are not the methods of business.,उ व्यापार क तरीका ना हऽ ।
"’Have you anything to tell me, little bird ?' asked Ulysses.",यूलिसेस पूछलस तोहरे लगे हमके बतावे खातिर कुछ ब छोट चिरइया
I received his letter a week ago.,ओकर चिट्ठी हमके एक हफ्ता पहले मिलल रहल।
Bloody!,साले!
Ram suddenly saw a lion.,राम अचानक शेर देख लेहलस।
They have only recently arrived.,उ सब तुरन्त आईल हऽ ।
I will show you his method.,हम तोहके ओकर तरीका दिखाइऽब।
We have no date to go upon.,हमहन के जाये खातिर कवनो तारिख ना हवे।
I need to see a doctor.,हमके डॉक्टर के लगे जाएऽक होई।
My name is Sheela and she is Meena Patil.,हमार नाम शीला हऽ और उ मीना पाटिल।
"An ""F""is exactly what it is.",येहीं हव।
You stay home and I will go out to get all the work done.,हमके घर पर रहे अउर हमके सब काम खरतिन बहरे जाये के होइ।
Must she sing in the bathroom?,का उ नहइले वाला घरे मे जरूर गाईहे ?
"So raise a glass, lads, to funny-looking Tim and the McCaffrey brothers.","त एगो गिलास उठावल, लइको, मजेदार देखअ टीम अउर एमसीकेफरे भइअन के।"
When does the next train leave for Chennai ?,चेन्नई के लिये अगिला ट्रेन कब निकली ?
We cannot recognize.,हम चीन्ह ना सकीला।
The vizier was a man of great wealth.,विज़ीर बड़ा धनी मनई रहऽल।
Will he be learning his lesson?,का उ आपन पाठ याद कई रहल होईहे ?
"So... whoever did this, really knows the animal well, don't they?","त......जे केहुअ ई कइल हव, वास्तो में ऊ अच्छी तरे से पसू ना हव जानत हव?"
"""My friends could use a couple of beers.""",हम कसम खात हयी कि जवन उ धमकी देहल।
In which school do you study ?,तु कउने इस्कूल में पढ़ला ।
"Doctor, make it fast.","डँकटर, हाली करा।"
Can you tell us anything about Adam and Eve and the serpent?,हमें एडम अउर ईद अउर नाग के बारे कुछ ना बता सकता।
There was a chair in the room.,कमरा में एक कुर्सी हऽ ।
Therefore an imbalance has been created in the nature and we have to suffer because of floods or droughts.,ये ही खातिर एगो असंतुलन हमनी अउरी प्रकृति के बीच में बना देहल गईल अउरी हमनी के बाढ़ अउरी सूखा से पीड़ित होवे के पड़ी।
He will not see the difference.,उ अन्तर ना दिखि हैं ।
Sheila has gone to buy vegetables.,शीला तरकारी खरीदे जाताड़ी।
The girl who is good is my friend.,लइकी जवन अच्छा हउए ऊ हमार दोस्त हऽ।
You should read Sindhi newspaper.,तोहके सिन्धी अखबार पढ़ के चाहि।
"No Usman, your anticipation is wrong.","नाहीं, उसमान, तोहार गनना गलत हव।"
"All right, come on!",सब ठीक हव चला!
Did Samir memorize the poem?,का समीर कविता के याद क लेले रहनअ?
I never used to fail in any examination.,हमार कौनो परीक्षा में फेल होए क आदत नाई बा।
Camels are peculiarly adapted to life in the desert.,ऊंट रेगिस्तान में अपने जीवन के अनुकूलन आसानी से कर लेवे लन।
"In a word, Brian, what is this job all about?","एक सबद में बरायन, ये काम के बिसे में सब का हव?"
"Your mother is arranging a match, just wait and see","तुहार माई एगो बर देखत हईं, बस इन्तेजार करा अउर देखिहा।"
There is none but will agree with me.,अइसन कुछहूँ नइखे एकरा बादो हमारा साथे अयीबा।
"The route can be changed, but I know several people who will not like the change.",रास्ता बदल सकऽल लेकिन हम बहुत लोगन के जानीऽल जे के इ बदलाव नाई नीक लगऽल।
I will come with them.,हम उ लोगन के साथे आइब।
The girl closed the door as she was leaving the room.,जइसे ऊ कमरा के छोड़ली लइकी दरवाजा बंद कई देहली ।
"They had to, in order to survive.",खाये के परल जीअत रहअ खातिन
"Six wardens have been through here in my tenure, and I've learned one immutable, universal truth:","बेटा, बेटवा, बेटवा, बेटे। छह हसटल अफ्सर हमरे काम समय (करकाल) में भयल। रहअवाला सच्च सिन्खिले हईं।"
I need pencil.,हमके पेंसिल क जरूरत हऽ।
Will you succed if you try harder?,यदि तु कठिन मेहनत ?
But you are the caretaker.,लेकिन तू....करबाहक हवा।
Return the book on time.,किताब समय पर वापस कई दिऽह।
They live in Ahmedabad.,ऊ लोग इलाहाबाद में रहेला।
The last Moghul Emperor came to an ignominious end.,मुग़ल सम्राट लोग के अंत बहुते ही बूरी तरह से भईल।
They arrest the criminal.,उ अपराधी के पकड़ेन ।
Do you have to go ?,का तोहके जाए के पड़ी?
"Whenever I want to talk to you , someone or another calls you but I know how to win your heart.",जब भी हम तोहसे बात कईल चाहीला केहू न केहू बोला लेला लेकिन तोहार दिल के जितल खूब जानत हई
I believe in two things:,हम दुइ बातन में बिसवास करत हईं।
What makes you think that?,अइसन कवन कहत हव?
Ravi is far better.,रवि बहुत बढ़िया हऽ।
I do not know what to do.,हमके नाई पता कि का करेऽक हऽ।
I want to spend my life with her...,हम चाहत हईं ओकरे संहे आपन जीवन बितावल....
The letters were written.,पत्र कुल लिखा गईल ।
You should look at the argument from immediate start to immediate end.,तोहके जल्दी शुरू कर खातिर आउर जल्दी समाप्त कर खातिर बहस पर धियान देव के चाहि।
It's too early.,इ बहुत जल्दी हव।
You may remember reading about it.,तुहके ई पढ़ल इयाद होई।
Rochiram's bakery was just in front of Meghraj.,रोचीराम क बेकरी मेघराज के समनवा ब।
The boy runs down the road at top speed.,लइका तेज गति से सड़क के नीचे ओर भगल ।
I wonder if Bonnie has finished packing her books.,हमके आश्चर्य ब कि बोनी किताब पैक करे क काम पूरा कई पाई कि नाई।
"No, no, not that way!","नहीं, नाहीं ओतरे से नाहीं।"
What were you used to do for a whole day there ?,तु उहाँ पूरा दिन का करल करत रहला।
Yesterday was 16th.,काल 16th रहे ।
Now I am also thinking same.,अब हमहूँ ठीक उहे बात सोचत बानी।
I liked potato gravy a lot.,हम आलू क तरी ढेर नीक लगऽल।
"I've gotta tell you,",हम आप जगह के संहे का कइले हई प्यार।
I'm her future husband.,हम ओकर होखअ वाला मरद हईं।
My name is Ram.,हमार नाम राम हऽ।
If anyone asks...,अगर केहू पूछय
Need a barber?,नाई चाही?
How do honeybees identify their own honeycombs?,मधुमक्खिए कइसे आपन छत्ता चीन्हे लीं।
I want to know the answer!,हमके उत्तर बताऽव।
Are you okay?,तू ठीक हवा?
This is the boy I was speaking of.,ई उहे लड़का हवे जिनकी बारे में हम बात करत रहनी।
I wanted to leave at once.,हम एक बार छुट्टी चाहत हईं।
The child seems to have recovered from the disease.,ऐसा हो सकता है की बच्चा बीमारी से जल्दी ही ठीक हो जाए।
You came with her.,तु ओकरे साथे आवा।
"Ah, you dont know what these beans are, said the man, ""if you plant them over-night, by morning they grow right up to the sky.""","आदमी कहलस, अरे तू नाई जानत हवा कि इ सेम का है।।एके रात में रोपा त भिन्हिया इ सीधा आसमान तक चढ़ाल।"
"Come on, we need only share what they have stolen.","चला, अब बटले क समय हव जवन कुछ ऊ चोरवले रहलँ।"
Rita knows that girl.,रीता उ लइकी के जानेली।
Do this and you will be punished.,ई काम के अगर करब त तोहके सजा मिली।
"Hey, Uncle Jinsaku!",हे चाचा जिनसाकु’।
Uncle is doing good.,चाचा बढ़िया करत हवें।
Was I sending postcards?,का हम पोस्टकार्ड भेजत रहूंई?
"You don't have to say something all the time, dad.",हर समय कुछ ना कुछ कहल जरूरी ना हव पिताजी
I'm always hoping for that.,हम हमेसा ओकरे खातिर उमेद करत हईं।
You must cut down the consumption of tea.,तोहके चायवा के खरच कम कई देवे के चाहि।
The glass was broken by the ball.,शीशा ते गेंना से टूटल बा।
"If I had not broken my leg, I would be diving in the Carribean now.",अपन पैर न तोडले रहतीं त कैरिबीयन में डाईव करत रहतिं ।
How many shirts Rahul have ?,राहुल के लगे केतना शर्ट हऽ।
I am doing it with eyes open.,इ हम खुली आंख से करत हईं।
This boy is the strongest in the class.,ई लड़का कक्षा के सबसे मजबूत लड़का हवे।
"It seems he is thinking about Nikita, what shall we do now?",लगत वा नीकिता के बारे में सोचत हऽ अब का कईल जा ।
She is my mom.,उ हमार मम्मी हई।
"I wonder, did I mention that no humans have ever made it through these woods alive?",किरपया! नवी के पार एगो निशान हऽ।
Man's happiness or misery is in a great measure in his own hands.,आदमी क खुशी और दुख सही अर्थन में ओकरे हाथे में हऽ।
Forget it.,एके भूला जा।
Maine National and New England First.,असली सुदेसी’ अउर’ नया इंङलेंड परथम।
How many news do you read daily?,तु रोज केतना अखबार पढले हउअ।
A mango is sweet.,आम मीठा होवे ल ।
"I am again giving you the dose for seven days and if by chance I happen to visit there, I ` ll see you.",आज फिर हम सात दिन क दवाई और देत हई एकरा बीच में एकात चक्कर ओहा लगाईव त देख लेइब ।
I will not accept any other husband.,हम दूसर कौनो पति मंजूर नाई हऽ।
Rabindranath Tagore founded Shantiniketan.,रबिंद्रनाथ शांतिनिकेतन क स्थापना कइलें
"One year later, a peace treaty was signed and Ecuador's boundaries were permanently established.","एक साल बाद, एगो शांति संधि पर हस्ताक्षर कईल गईल अउरी एक्वाडोर के स्थायी सीमा स्थापित कईल गईल। ।"
When did they enter through the window?,उ सब कब खिड़्की से घुसन ।
Careful...,धियान से...
You are also a strange person.,तु भी एक अजीब अदमी हवा?
"For when spared that baby's life,",ऊ कि जब बच्चा क जीवन खातिन बखसल...
"I don't have anyone other than you, uncle.","हमार आपके अलावे अउर केहू ना हव, मामा"
Now the bastard's going to have to answer for all these years.,अब उस कमीने को ये सभी वर्षों क जवाब देवे के होई।
Agatha Christie has written many books.,अगाथा क्रिस्टी कयियन गो किताब लिखलि हऽ ।
It is likely that there will be rain this afternoon.,ई ठीक ओइसने लागत बा की आज दुपहरिये में बरसात होई ।
The earth is bloody.,कवनो पुराना अभिसाप होवे के चाही।
Did he buy any bread yesterday?,कल ऊ रोटी खरीदने का?
"Ah, no!","आह, नाहीं !"
What’s your phone number?,तोहार फोन न। का हव?
Sheila was listening to radio.,शीला रेडियो सुनत रहली।
Does she know about Rabindranath?,का उ रवीन्द्रनाथ के बारे मे जनत हई ?
Love is friendship.,प्यार दोस्ती हवे
Spare the rod and spoil the child.,सड़क ठीक करा और लइकन के बचाऽव।
Does Meenu get angry on small matter?,का मीनू छोट छोट बात पे भी गुस्सा जाली?
Where are you going?,तू कहवा जात हवा?
I lost you once for not expressing my love.,"एक बेर तोके खोइ चुकल हईं, पिआर के ना बताइके"
Jesus Christ!,ईसामसीह।
Why did he go through this trouble to cut firehouses?,काहें ऊ आग घरन कटवती करे खातिन येह मोसीबत के माधम से जानल रहल?
I owe you 5000 Rs.,हम तोहके 5000 रुपया देब।
Is the line busy ?,का रास्ता ब्यस्त बा?
We could live again.,हम फिनू से ढंग से जी पाइत
I would willingly give my head for your sake.,हम खुशी से तोहरे लिए सिर कटा लेब।
Moriro realized that his brothers had not returned at their usual time.,मोरिरो के लगल कि ओकर भाई जवन समय पर आवऽल नाई आइल।
Do you speak Hindi ?,का तु हिन्दी बोलत हउअ ?
Such people still exist.,अइसन लोग अबहिनो बाटे। ।
I accept your statement.,हमके तोहार कहल मंजूर हऽ।
"Grandma, how old are you?","छादी, केतनी साल क हऊ तू?"
I wrote whole night even so the article did not get done.,हम पूरी रात लिखली तबहिनो ई लेख पूरा नाई भइऽल।
Do you think you have seen me somewhere before ?,का तु सोचत हउअ कि तु पहिले कहि हमके देख चुकल हउअ ?
It's still hard for me to believe it actually happened here. But it did.,ई अबहिनो हमके बेसवास कयल मोसकिल हव की सच्चो में अइसन भयल ।
They will buy a car.,ऊ लोग एगो कार खरीदिहें।
Were you busy last night ?,का तु पिछले रतिया ब्यस्त रहल ?
What kind of future does the poet foresee for them?,उन्हन खाती कईसन भविष्य कवि देखत हऽ?
"Run, damn you!","भागा, तुहके लानत (धिक्कार) हव!"
Don't let them.,ओनके मत दीहा।
Start with that friend of his.,"ओसे ओकरे दोस्त से सुरू करा, कवन?"
Kolkata is farther from the equator than Colombo.,कलकत्ता भूमध्य रेखा से आगे ह कोलम्बो से ।
"If we had a million dollars, we would make a donation to the museum.",करोर रुपय रहत ।
Why don't you go along with your brother ?,तु अपने भाई के साथ काहे ना जात हवा?
"Now, I am missing my son.","अब, हम अपनी लड़का के या करत बानी।"
The rumour seems true.,अफ़्वाह त सच लागअ ता ।
The promise was broken.,वादा टूट गइऽल।
The teacher is checking our homework.,गुरु जी हमन क घरे क काम देखत हवें।
Who is winning ?,के जीत रहल ह ?
"Come out of there, whoever you are.","तू चाहे जईसन भी होखअ, उहाँ से बाहर आ जा।"
I don’t know how I can get out of this mess.,हमके नाई पता कि इ मुश्किल से हम कइसे निकरब।
Akbar walks into the battlefield.,अकबर उद्धभूमि में गयिलस ।
Had he bought a watch ?,का ऊ घड़ी खरीदले रहने?
"But kind of the same, you know?","लेकिन ओही तरे क, तू जानत हवा?"
Is he good ?,का उ अच्छा हाउए ?
The meeting remained at noon.,दूपहर तक बैठक होई।
"We all have to live the Leah, Sam, Emily pain-fest.",सैम एमिली पिछले करय के खातिन
Neither girl is competent.,नाही लड़की प्रतिभागी ह ।
You're collecting serial numbers?,तू सीरिअल लम्भर क संगरह करत हवा?
It sure is.,एकीनन हव।
The master has moved,मालिक हिला।
"Emmett and Paul had a misunderstanding, there is nothing to worry about.",चींटी अउर पॉल गलतफहमी रहल उहवाँ वैरी - मतवाला खातिर एक के बारे में कुछहू ना हव।
"Seizing him by the arm, his friend led him away.",हाथ से पकड़ के उनकर दोस्त उनका के दूर ले गईलन।
What a terrible fire this is !,केतना भयानक आग बा !
The animals too.,जानवरो।
"She called it ""shining.""",ऊ एके चमकल’ कहत रहलीं।
The matters appears of considerable importance.,मामला महत्वपूर्ण लग त।
"The dessert is strawberries, which give him a rash.",मीठा स्ट्राबेरी हऽ जवन जल्दी में देहल हऽ।
Have you not noticed that?,का तु उनके नाइ सुचित कइले हउअ ?
I can't go there.,हम उहां नाई जा सकीऽल।
What does Ramu find?,रामू के का मिलऽल।
You'll stand the mountain,तू खड़ा हवा पहाड़े पे।
"Look, Jen.",जेन देखा।
Do you ask a question?,का तु एक प्रश्न पुछले हउअ ?
Did your father-in-law have his breakfast ?,का तोहार ससुर नाश्ता कइ लेहलें।
Ram knows about John.,राम जॉन के बारे में जानऽल।
We have lived here ten years.,हमहन क दश साल से यहवां रह चुकल हई जा ।
You think you're so smart.,तू इतना होसियार हव।
Rama went to school as soon as he had finished his meal.,रामा स्कूल गइल और जेतना जल्दी हो सकऽल आपन खाना खा लेहलस।
He or me?,ऊ कि हम?
Alright.,हम सबके यकीन हव
It's not time!,ई समे ना हव!
They're coming.,आवा
Left.,"बाँये, बाईं।"
Had it been raining?,का बारिश भईल रहे?
How is Antony both a coward and a flatterer?,अन्थोनी कईसन धूर्त आ कायर हऽ ।
What would you do now?,अब तू का करबा?
"I'm Mr. Norton, the warden.","हम सिरी नॉरटन, हसटल अपसर हईं।"
"But, I'm not... I'm not going to force her into anything, ever again.",अउर अब येसे लागू ना कयल जाई अउर हम कुछ भी
I was reading a book which I had read before.,हम किताब पढ़त रहलीं जवन पहिले पढ़ चुकल हईं।
That child is being badly brought up,जवन सिखाई ऊहअ न सीखी।
"We have got your rice, and everything's fine. You're a man of few words. I understand.","हम देखली का आप सामुराई के विरोध में का कइली, आपे खानी एक के पार लेड के!"
"We haven’t done anything wrong, have we?","हमनि कुछ गलत नईखे कयलीं, कयलीं हं का ?"
Sister... flower please.,दीदी...फूल दे दीहँ।
Thank you.,सुकिरिआ।
I could meet him.,हम ओसे मिल सकीं ल।
Does she save him?,का उ हमके बचावत हई ?
Somebody should have told me.,केहु के हमें कुछ बतावे के चाहत रहल ।
Will this be enough? - Hey!,इस फरबा?
"Are you sure, this is a good idea?",का तोहके यकीन हव कि ई एगो नीक बिचार हव जी?
It is a very useful mineral.,ई बहुते उपयोगी खनिज हवे।
"Gentlemen, you heard the lady.","सजनन, आप महिला के बारे में सुनला।"
She took a step nearer.,उ एक कदम करीब ले लेहली।
You bearded nut!,आप दाढ़ी वाला अखरोट।
Prices are up.,दाम बढ गयिल हम ।
The tree was cut down by the man.,पेड़ आदमी कटले रहल।
Why only one didn't dry?,काहें खाली एकअ ना नीरस रहल?
Do not lie to me.,हमसे झूठ न बोला।
They won't fool me.,उ हमें मूरख नाहीं बना सकत।
Now I lay me down to sleep.,अब हमके सुत जाए देहल जाव।
You read yourself.,तु अपने से पढ़ा।
Did he come by bus or by train ?,का उ बसे से कि रेल से अइने ?
I am tired of waiting.,हम इंतजार करत थक गइल हईं।
He poured it into the flowerpot?,गुलदस्ते में!
What will they do now ?,अब उ लोग का करी?
I will come with him.,हम ओके साथ आइब।
Was she unhappy?,का उ दुखी रहली ?
1 0 cigarettes.,दस सिगरेट?
I like you better than he likes you.,हम तोहके ज्यादा पसंद जेतना उ तोहके।
"Then he had an injury, so we kept him out for a while and....","फिनू ओके एगो चोट लगल, त हम ओके थोड़े समे खातिन बहरे रखलीं अउर..."
"I will give you beautiful things to play with, which a queen would envy.",हम तोहके खेले खातिर सुंदर चीज़ देब जवने से रानी जर बुतइहें।
Finally the voice says:,"तू सुनत हवा, लइके?’"
We are able to go there.,हमहन क उहवां जाये के खातिर सक्षम हई जा।
Each of them came in his turn.,उनमें से प्रत्येक अपने बारी में आईल ।
I am not young anymore.,अब हम ज्यादा जवान नाई हई।
How many languages can you speak?,तु केतना भाषा बोल सकल ?
Maybe it was about Danny?,उनेपितु: सायद डेनी के बारे में रहल।
"We presented five dramas, all of them were 'houseful'.",हमहन क उन्हन सभहीन के घरे मे पांच नाटक खेलले रहली जा।
Many girls and boys from different schools have also come here.,इहां पे बहुत से लड़का लड़की अलग अलग स्कूल से भी आईल बाने।
Are you married ?,का तु शादी शुदा हउअ ?
The mother Murki and her daughter Kounru dressed up as wealthy merchants.,माई मुरकी और बिटिया कोनरू तैयार अइसन तैयार भइलीं जइसे अमीर व्यपरिए।।।।
We wanted to ask questions about your progress.,हमहन क अपनी बढले की बारे में सवाल पूछल चाहत रहली ।
Jack is a schoolteacher.,जेक एगो इसकूल मसटर हवँ।
I once met your mother.,तोहरे माई से एक बार मिलल हईं।
I should like to tell you.,हमके तोहके बतावेक चाही।
Will you be away for long?,का तू लम्मा समे खातिन दूरे जात हवा?
How many kids do you have?,तोहरे लगे केतना लइके हउए ?
This is our cattleman Lasse Karlsson and his son Pelle.,इ हमार कामगार हव लेसे कार्लस्सन अउर ओकर बेटा पेले
What is the best thing about working at best company?,सबसे बढ़िया कंपनी में काम करे में सबसे बढ़िया का हऽ।
Alas !,आह!
And where are they now?,अउर....अब ऊ कहवाँ हईं?
"Just think about it, alright?","बस सब ठीक हव, येकरे बारे में सोचत हईं?"
Wait till you've been here as long as Brooks.,इ कुल तब कहिया जब तु इहवा बरुक्स जेतनी लंबा समय तक रह जइबा।
Quitting once wasn't good enough?,एक बार छोड़ल काफी अच्छा ना रहल।
Auntie,फुआ।
I moved my books on the top shelf so that my child could not touch them.,हम आपन किताब अल्मारी पर सबसे ऊपर रख देहलीं अब हमार लइका नाई पाई।
I'll be very pleased if you buy books from my site.,हमके बड़ी खुशी हुई अगर तू हमरे साइट से किताब कीनऽब।
The dog buried the bone.,कुत्ता हड्डी के दफनऊवें ।
I am ill.,हम बीमार हईं।
As if I've two wives and four daughters.,जइसे हमरे दुइ मेहरारून अउर चार बिटिअन हईं।
"I cannot hope to see these trees which I am planting come in perfection"", said the duke, ""but it is right for me to plant for the benefit of my successors.",हम इ पेड़ के देखेऽक उम्मीद नाई करत हईं जवन लगावत हईं लेकिन हमरे वारिस के फायदा खातिर इ लगावऽल जरूरी हऽ।
All set out in search of Sasuee.,सैसुइ क तलाश में सब लगल हऽ।
"All right, who's your horse?","ठीक हव, तोहार घोड़ा कवन स हव?"
"Go then, said the ant, ""and dance winter away.""",जा औरी चीटीं से कह कि नाच जाड़ा चल गईल ।
Take it outside!,बहरे लेइला!
What do they celebrate in Britain on 5th November?,५ नव्म्बर के ब्रिटेन में उ लोग का मनावेन ।
Nature will feel the heat of your enmity before you could.,करामात तोहरे नफरत के आग के तोहसे पहिले मसूर करब।
The bag was too heavy for me to carry.,थैला इतना भरी रहे की हमसे ढोवल ना जात रहे।
Can you open the door?,का तु दरवाजा खोल सकतअड ?
But that I saw it I could not have believed it.,हैमके भरोसा नाई हो सकल लेकिन हम यहके देखनी ।
Is Srikakulam enough?,सिरिफ सिरिका कुलम अ काहें?
I shall write another letter tomorrow.,हम बिहान दूसर चिट्ठी लिखऽब।
Let me have a car.,हमके कार लेवे द।
is he asking for money?,काऊ पइसा मांग रहल हव?
I don't have children.,हमरे बच्चन ना हवॅ।
Take--,ला-
It proved unusually abundant.,ई बात पर्याप्त रूप से प्रमाणित हो गईल।
Do you know who they're playing tomorrow night?,का तु जानत हउअ जवन विहान राति के खेलत रहल होहिहे ?
The dog howled and barked.,कुत्ता भोंकुवे और चीखवे ।
Mother cooks rice in the kitchen.,माई रसोइया में चाउर बनावत बा।
I gotta get this collar on. Come on.,हमके एपर पट्टा (कालर) लगावके होई।
Free.,मुफुत
I have to get polished my shoes.,हम आपन जूता पॉलिश करवा लेब।
Where's your daddy today?,जहवाँ आप पिताजी आज हव।
You are strong.,तु बलवान हउअ।
Then we can leave this awful place... and go out and conquer the world.,"हम इस भयानक जगह को छोड़ सकत हव....अउर बाहर जाकर दुनिया को जीत सकत हव, एरिक।"
"I do recognize a donkey, but what is this 'striped donkey' ?","हम गदहा पहिचानीऽल, लेकिन इ चित्तीदार गदहा का हऽ।"
It's where I asked my wife to marry me.,येहीं हम अपने मेहरारू से बिआहे के पूछलीं।
I warned him that there were pickpockets in the crowd.,हम ओके चेता देहलीं कि भीड़ में जेबकतरा होइहें।
I had to go to buy pulses and vegetables too.,हमके दाल और सब्जी कीने जाएक रहल।
"So, you're my son-in-law.",त तू हमार दमाद हवा।
Are you ready to go?,का तु जइले खरतिन तैयार बाडअ ?
I will advise other teachers to learn a new language.,हम दूसरे गुरूजी लोगन से कहब दूसर भाषा सीखे के।
This iron has melted.,लोहा पिघल गइल।
I am Suresh Patel.,हम सुरेश पटेल हईं।
"If I had studied,I would have passed the exams.",हम पढले रहतीं त परीक्षा पास कर सकत रहतीं ।
I can't hear! - You're making-,हम सुन नाहीं सका।
"Though Thomas was a richman, he led a simple life.","यद्यपि थॉमस बहुते अमीर आदमी रहने, लेकिन उ बहुत ही साधारण जीवन जियत रहने।"
"Arrangements for outing is ready, come madam.","भरमण क तइयारिन पूरा हो गइल हव, आप आईं"
Please hear me out.,कृपया हमके सुना।
Does the train have pantry car ?,का ट्रेन में खाना बनावे वाला यान हवे?
This way both were immortalized in their love for ever.,ए तरह से दूनों लोग अपनी प्यार खातिर हमेशा के लिए अमर हो गईल।
I mean I couldn't stop my excitement.,"हमार मतलब, हम आपन खुसी रोक ना पावत हईं।"
I shall be much obliged if you send me as soon as possible the books which I ordered a week ago.,एक हफ्ता पहले जवन किताबन हम मंगइले रहलीं उ अगर जल्दी से जल्दी से तू भेज देऽब त बड़ी कृपा होई।
In which subjects do you offer M.A. in your college?,तोहके अपने कालेज के एम।ए। मे कवन विषय सुझाव मिलल रहल हउए?
"You have not had anything thing since morning , do you want to keep a fast?",अरे सवेरे से कुछऊ ना खईला भूखे रहवअ ।
"Whatup, Bella?","हे कयूल, तुहहूँ?"
"Enough, Sher Khan?","बस, सेरखान?"
I turned off the light.,हम बत्ती बुझा देहलीं।
Emily has decided to start a business.,ईमली व्यापार शुरू करे क निर्णय लेहलस।
Surprise.,तू हवा।
Would you like to try it on?,का तु इहके आन कइले के कोशिश के पसन्द बा ?
So you do what you can to keep going.,त तू जवन कइ सकत हवा करत रहा।
I grow vegetables in my garden.,हम अपने बगियवा में सब्ज़ी बोई ल।
"What's it like in the nest, Pelle?",पेले के पिता दलाल हव।
"Him, he will marry Matsu ""the house where it rains.""",तोहार लइका ओ मातसु से बिआह करी।
Can you prepare dinner for me?,का तु हमरे खरतिन शाम के खाना बना सकल ?
I will try to do better next time.,अगली बार हम ऐसे बढ़िया करऽब।
My grandmother counting ina cornerof cubbyhole,हमार दादी गिनत हईं झोपड़े के एक कोना में।
Did you get your wish?,का तोहार इच्छा पूरा भईल?
I'll ring you again before I leave.,हम छोड़े से पहिले तोहके फोन करऽब।
I enjoyed very much in kandla.,हमके कांदला में बड़ा मजा आइऽल।
There are no pictures in this book.,ई कताब में कवनो तश्वीर नईखे।
I don't have any objection.,हमके कौनो आपत्ति नाई ब।
I think some foreigner will have to come for me.,हमके त लागत हऽ कि हमरी खातिर कवनो परदेशी के आवे के पड़ी ।
I shouldn't take the first offer.,नाहीं लेवे के चाही पहिला परस्ताव।
You need to learn about India.,तोहके भारत के बारे में सिख क आवश्यकता हव।
What amazes me most is you'd be taken in by it.,लेकिन अचरज हव तू झांसा में आ गइला।
Where is Kishan's brother ?,किसन के भाई कहा ह ।
They tell him that I am coming.,उ सब ओकरा से कहन कि हम आवत हईं ।
"Don't give them any. lf they want sweets, they should buy their own","ओके मत दिहा, अगर मिठाई चाही, ऊ आपन खरीद लें"
They'd have his last known address.,"खयर, ओकर अखिरी जानल पता, रिसतेदारन क नाँव होइब करीं।"
Some look to legislation to hasten the progress of social reforms.,कुछ विधि के ए तरह से देखेलन जेसे समाजिक बदलाव में विकास जल्दी से होवे ।
The $23 million movie.,तेईस मिलियन डालर के पिक्चर ।
Write neatly.,साफ लिखा।
What the hell you do with this thing?,का मोसीबत हव कि आप येह बात कि साथ का?
"Why are you sad then, King?","फिनू आप दुखी काहे हवॅं, महराजा?"
I almost forgot.,लगभग हम भुलाइअ गइनीं।
"And you'll just walk home, ratboy.","अउर तू पैदल ही घर जा, चूहा मुँहऽ"
I told him what can he do.,हम ओके बता देहली कि उ का कइ सकाऽल।
Let's just wait and see.,हमके बस इन्तेजार करल अउर देखेके चाही।
A square may be equivalent to a triangle.,एगो चौकोर एक त्रिकोण के बराबर हो सकेला।
That's why I planted the seed. I could tell the way she was thinking. It was perfect.,हम देख सकत हई मलकिन क सोचत रहली।
"Tier 3 south, clear.",टिअर 3 दक्खिन । खाली करा।
The storm moved towards the coast.,तूफ़ान बन्दरगाह कि ओर मुड़ गया।
"Alright, enough with the heavy.","ठीक हव, भरपूर भार संहे।"
"In fact, it got so busy at tax time, he was allowed a staff.","सच्चो में, कर समे एतना बेस्त हो गयल---की ओके एगो करमचारी क अनूमती देवल गइल रहल।"
Have you cooked rice?,का तु चाउर बना चुकल हउआ ?
What do you call this?,तू बियार हव?
Who is the head of chemistry department ?,रासायन विभाग के मुख्य के ह ?
We reimbursed the men whom they employed.,हमहन उ काम करत हई जा जेवेने में आदमी क जरुरत हवे ।
Solomon is here to help us.,"सालमन हव न इहवाँ, मदद खातिन।"
I wonder whether Cheney will run again.,हमके आश्चर्य ब कि चेनी फिर से चली या नाई।
"Look, I just-",हम हमके सच्चो में ना पता हम ना करल चाहत रहलीं।
You must not build your hopes upon his promises.,तोहके आपन उम्मीद ओकरे वादा पर ना बनाव के चाहि ।
Had it weighed too much?,का एकर भार बहुत रहे?
It was humid.,बहुते उमस रहे।
"Then came an ogress, hobble, cackle, gobble","फिनु एक दानवी आइल, लंगड़ात हऊ-हउ करत"
And it ain't alabaster either.,अउर ई सिलखरीओ ना हव।
Well?,अच्छा?
"Also, avoid injectable iron, such as Inferon .",एकरी अलावे जंग लागल लोहा जईसे कि इन्फेरोंन से बची।
I write to my brother every week.,हम अपने भाई के हर हफ्ते लिखिऽल।
We are finally united.,हम अखिरकार एक हो गइलीं
I thought we might go to the zoo on Saturday.,हमरे विचार से हमन शनिवार के चिड़ियाघर जाइब।
This man here stole your bicycle?,ई अदमी राउर सइकील चोरवलअ?
"Lydia liked her new house, but she didn't like the front yard.",लिदिया के आपन नया घर पसंद हऽ लेकिन ओके सामने क हाता नाई पसंद आइऽल।
Mohan gave your book to Geeta.,मोहन तोहार किताब गीता के दे देहलस।
Don't shave the chin.,ठोड़ी मत करा.
I do not know the man who hit the boy.,हम नाई जानी ओके जवन लइकवा के मरलस।
We get a chance to understand the community through language.,हमहन के भाषा की सहायता से समुदाय के समझे खातिर एगो मौका मिलेला ।
These two clans had been warrin' for 500 years.,ये दुइ गुटन में 500 साल खातिर जुद्ध लगल रहल।
"That's all it takes, really.",सच में इहै चाही।
I have bought a newspaper.,हम अख़बार खरीदीऽल।
A further technological advance.,अगिला तकनीकी बढोत्तरी ।
"Somebody, give me a hand!",केहू हमके एक हाथ दे दा!
I don't know Telugu.,हमके तेलेगु नाई आवऽल।
This is the man whom John claims that he will invite.,येही आदमी के जॉन बुलावे के कहले रहनअ।
"Hey Pilot, start rolling.","हे पायलट, एके चालू करा।"
I am talking on his behalf.,हम ओकरे जगह बात करत हईं।
You must meet Rohit in Jaipur.,तोहके रोहित से जयपुर में मिल के चाहि।
Bhauji! Elder brother loves me a lot that is why he says this.,भउजी भइया हमरा से बहुत प्यार कोलअ न तबे त एंतरे कहेलअ
Ram has been playing for two hours.,राम दुई घंटा से खेलऽत।
Which three are furniture?,कवन तीन गो फर्नीचर ह ?
Do it how I tell to do it.,एके ओही तरे करा जईसे हम कहत बानी।
My friend invited me to a party.,हमार दोस्त पार्टी में बोलइले हऽ।
It's no use worrying about it.,एकरी बारे में चिंता करके कवनो फायदा नईखे।
Many people are farmers here.,इहां बहुत से लोग किसान हवे।
They have gone home.,उ लोग घर गईन ।
Just like they can see things that haven't happened yet sometimes they can see things that happened a long time ago.,ठीक जइसे ऊ ओ चीजन देख सकत हवँ जवन अबहिन ले ना भइल हव.....ठीक...कबों....कबों...कबों ऊ ओन चीजन के देख सकत हवँ जवन लम्मक समे पहिले भइल रहलीं।
You shook her!,तू ओके झटका दिहला!
I will not buy any mangoes.,हम कौनो आम नाई खरीदऽब।
I can't play football.,हम फुटबॉल खेल नाई सकीऽल।
You'll start tomorrow morning.,तू बिहने सुबह सुरू करिहा ।
"After she graduates this year, Julie will work in her father’s law firm","ई साल स्नातक पास कईला के बाद, जूली अपने पापा के विधि कंपनी में काम करिहन।"
Epic? It'll change lives.,महाकाब्ब - महाकाब्ब हमार बदलअ खातिर होई?
"Until he is alive, you can never touch her","जबले ऊ जिन्दा हव, आप ओके कबों ना छू सकतँ।"
"Rose, Todd, Humberto, and Jess are all tutors there.","रोज़, टोड, हमबर्टो और जेस सब पढ़ावे वाला हऽ।"
The pen that you gave me is a very good one.,उ कलम जवन तु हमें देहल अच्छा रहे ।
"Wait, what?",का हव?
We can ask for leaves.,हमहन क पतई की बारे में पुछ सकत हई जा।
We are looking forward to her next visit.,हमहन क ओके आगे याट्रा कीखातिर देखत हई जा ।
"Yes, sir.","ओह हँ, सिरीमान।"
At what time will you go ?,तु कवने समय जइबअ ?
It lies near his heart.,ऊ उनकी दिल में रहिके झूठ बोलनन।
"If not, somebody else'll get the job.",अगर नाहीं त केहू अउर के नोकरी मिलि जाई।
It strikes as soon as he is angry.,ऊ गुस्सा अवतअ टूटि परत हव।
Who is looking after John and Sarah ?,के जान औरी सरह के बाद ह ?
Any trouble finding us?,हमके खोजअ में कवनो परसानी?
"Please, sleep with him, just once.","कृपया, ओकरे संग सो जा बस एक बार।"
Our orders were to show no mercy.,हमहन क स्स्देश कवनो दया सिखावे खातिर रहे।
And Marty-,अउर मारटी।
Stop to write.,लिखब बंद करा।
Are you out of your fucking mind?,का तुहार सडि़यल दिमाग खराब हो गयल हव?
Do you remember?,का तोहके इयाद आयल?
You are not asking a question.,तु एक्को सवाल नाई पुछल हउअ ।
Maybe it's because I'm Irish.,सायद येह खातिन की हम अयरिस हईं।
"I mean, I learned my lesson.","हमार मतलब हव, हम अपनहीं सबक सीख लिहले हईं।"
"Bye, Bruno.",अलबिदा बरुनो।
Turn the siren off.,"आप ठीक होइ जइहँ, अरे नाहीं।"
Attack him from right not from back.,"बायें से हमला करिहा, पीछे से ना।"
How should real cricket be played?,सही में क्रिकेट कइसे खेलऽल जाऽल।
"Fish, fish.","मछरिअन, मछरिअन, मछरिन, मछरिन।"
Would you prefer to go home ?,का तुहके घरे गइल पसन्द होइ ?
Rama may be in the garden.,रामा बगिया में हो सकऽल।
Adam and his wife hid themselves from the presence of the Lord God.,अदम आ ओकर पत्नी भगवान के सामने से अपने के छुपा लेहलस ।
"When chill breeze blows, come under tree shade...","जब ठंडी बरफीली हवा बहत हव, पेड़ के नीचे आइ जा..."
"Jake, stop!","बंद करा, प्लीज"
I think Ram is going to marry Joseph.,हमरे ख्याल से राम जोसेफ से बियाह करे जाऽत हऽ।
I consider him to have been honest.,हम मानीऽल उ ईमानदार होई।
I won't tell.,हम ना बताइब
"Show me your photo album, please.",आपन फोटो एल्बम हमके देखा व।
Were my friends helping me?,का हमार मित्र सब हमार सहायता करत रहे?
The maternal cousin sister means maternal uncle's daughter.,ममेरी बहिन क मतलब मामा की लइकी हऽ।
Ram made Ila happy with self's song.,राम खुदे के गाने से इला के खुश कई देहलस।
How many novels have you read?,तु केतना नावेल पढ चुकल हउअ ?
Mr. Alderman has no further comment.,"धन्नबाद, सूरी बरींठमनई आगे कवनो टिपनी कइले हवँ।"
Goddamn--!,हे भगवान!
Will he have got out of bed before the sun rises?,का उ सूरज उगले से पहिले बिछौना पर से उठ जईहे ?
I will kill you.,हम तोहके मारि डारब।
"The way you stand and the look in your eye, that's what does it.",हाव भाव अउर आखों नजर इहें काम करत हव।
Rama played well.,राम बढ़िया खेललस।
"If there really To make it snow, as the song goes!","उहाँ सच्ची में यदि...बरफ गिरादे, जइसन का गितन में कहल जात हव!"
Oh God!,हे भगवान!
It is possible that I may have to go to Udaipur again.,अईसन हो सकेला कि हमके फिर से उदयपुर जाए के पड़े।
Let's hear them.,ठीक हव उ सुनत हईं।
I usually make a party at my home.,हम अक्सर घर में पार्टी करीऽल।
Ram polished the table and Ravi put the book on it.,राम मेज चमका देहले हऽ और रवि ओही पर किताब धई देहले हऽ।
How many days do you get leave in an year ?,तु एक साल मे केतना दिन के छुट्टी लेत हउअ ?
"All right, come on.","सब ठीक हव, चला।"
Took its time.,आपन समय लगल।
"You have earned his gratitude, so you shall not go unrewarded.",तू ई सम्मान कमइला हऽ एह से तोहके पुरस्कार ।
"You can pronounce ""Ph"".",तू 'फ' उचारित कर सकला।
How many unhappy experiences do you have?,तोहरे लगे केतना दुखी वाला अनुभव हउए ?
"Raj!If she loves you then she will turn back to look, turn, turn!","राज! अगर इ तोहसे प्यार करत होई त उ घुम के जरुर देखी, घुम – घुम (पलट) ।"
Kim seems not to like movies.,अइसन लागत बा कि किम के सिनेमा ना पसंद बा।
A chance to see my darling yearning for me.,ई देखले क मोका कि हमके पावे खातिर हमार पिरियतम - परेमी कइसे तड़फत हव।
"Alaina wrote an original poem, and her mother corrected her spelling.",अलाईना एक वास्तविक कविता लिखलस आ ओकर माई ओके सही कईलस।
"Alcohol and tobacco are both injurious, this perhaps, less than that.","शराब और तंबाकू दोनों ही नुकसान करे वाला चीज हवे, शायद ई ऊ दूनों से कम नुकसान करे।"
I could feel everything they felt.,हम महसुस कइ सकत रहल उ महसुस कइले
You mustn't lie in front of God!,तुहँ भगवान के सामने झूठ ना बोले के चाही
I speak the truth.,हम सच बोलीऽल।
They were thanking their mum.,उ सब अपने मम्मी के धन्यवाद देहन ।
Will he be coming to school now?,का उ अब स्कूल से आ रहल होहिहे ?
"I am in a big dormitory, with about twenty other boys.",हम 20 दूसर लइकन के साथे बड़की डारमेट्री में हईं।
"You changed it all, My world.",हमार दुनिआ आपअ ई सब बदलि गइल।
Over blessings come from above.,अधिका आदेश से आवे लगेला ।
"I said to him, “are you feeling well?”",हम ओसे कहली का तोहके नीक लगऽत ।
Mr. Verma has written two short stories this month and his wife too.,मिस्टर वर्मा ए महीना दो छोट कहानी लिखलें और उनके मेहररुओ भी।
Lessons learned easily are soon forgotten.,सबक आसानी से याद हो गइल और भुला गइल।
"I love the pie, for it is delicious.",हमके पाई पसंद हऽ काहे से कि बड़ा स्वादिष्ट होऽल।
No other king as good as Alfred ever reigned in England.,अल्रेड जिसन कौनो राजा इङ्ग्लैण्ड पे राज न कैलास ।
"For the love of God, you're not going to tell anyone?",वादा करा नाहीं बतइबा।
Have you been playing cards?,का तु ताश खेल रहल हउअ ?
Look at this.,देख! इ सुअर शरीर के भीतर रहल हऽ।
"Now you leave this, I ` ll do it.",अब तु रहे द हम करत हई ।
The weeping.,रोआ।
Stay in line there.,उहवाँ लईन में रहा।
I feel like a man in chains.,जंजीरन से बन्हल मसूस करीला ।
Where?,कहवाँ?
I am 40 years old.,हम चालीस साल क हईं।
I know what you want.,हमके पता हऽ तू का चाहत हउवा।
They are discovering the treasure.,ऊ लोग खजाना के खोज रहल बा लो।
It is also an interesting story.,इ हो बहुते मजेदार कहानी रहे।
That is not your book.,उ तोहार किताब न हऽ ।
Until your heart stops beating.,जब तक तुहार दिल क धड़कन रूक जात हव-तब तू मन
There is no rose but has some thorn.,गुलाब नाहीं कुछ पाथर बा।
I still could not get a ticket.,हमके अबहिन तक टिकट नाई मिलऽल।
The young girl threw the ball to the boy.,जवान लइकी लइका के गेद फेकले ।
He never writes.,बोलिखत हवँ कबहू नाहीं।
This way her humility and simplicity won her this great honour.,ए तरीका से उनकर मानवता अउरी साधारणता उनकर सम्मान प्राप्त कईल।
Take him away.,एके लेइ जा!
"God, I'd about written you off.","भगवान, हम के बारे में आपसे लिखल जाई।"
Go to the storeroom.,गोदाम जा ।
A mother is that who loves us so much that sometimes we do not even understand that love.,माई उ होली जेवन हमहन के एतना प्यार करली कि कबो -2 हमहन क खुद वो प्यार के समझ ना पावेली जा ।
You missed one.,आप एक याद कइला
"This is the real shit, man!",इ अदमी असल बकवास हव।
I will be able to go to the market.,हम बाज़ार जाए लायक हो जाब।
What do you think John likes ?,तोहरे विचार से जान के का पसंद हव?
"You cut a loud fart, he jumped three feet.","तोर जोरदार पादि निकरि जाई, ऊ तीन फीट हवा में कूद लेत रहल।"
Not yet fully committed.,अबहिन ले पूरे तरे से सौंपल ना हईं।
No one dared to accept the challenge.,केहूँ ए चुनौती के स्वीकार करे के हिम्मत ना कईलस ।
"Excuse me, but might I inspect that? - Go ahead.",हमके देखे केह कि किरपा क सकत हवे।
No...,नाहीं....
I wouldn't.,हमें लगत हव की होत ना हव
Was she in London last month ?,का उ अंतिम महिना लंदन मे रहली ?
"Bella, they're not even a live!",बेला वें भी जिन्दा ना रहल
One day our warriors came across a creature...,एक दिन हमारे सेनिक प्राणीपवलय
I just have a direct line to Sam's thoughts.,हम सिरफ बिचार करया खातिन सैम पंक्ति एक हव परत्यक्ष
I queued for over an hour at the counter.,हम काउंटर पर घंटा भर से ज्यादा लाइन में लगल रहली।
Why does your sister make a house?,काहे तोहार बहिन काहे घर बनावले?
Koel after crying bitterly for a long time had fallen asleep.,कोईल बहुत ज्यादा रोवे के बाद अब ।
Will you have been worked?,का तु काम कइ चुकल होब ?
Have you any money ?,का तोहरे लगे कवनो पइसा हउए ?
I had milk.,हमरे लगे दूध रहऽल।
What exactly happened last night ?,काल रात सही में का भईल रहे ।
Congratulations. Happy birthday. It's your day.,जनमदिन मुबारक हव।
Which pen shall I buy ?,कौन पेन हमके खरीदेऽक चाही।
"You're a good lad, Pelle.","तू एक चतुर लड़ी का हवा, पेले को दिखाया नाहीं।"
I stay on sixth floor.,हम छठे तल्ले पर रहीं ल।
My sister set the table.,हमार बहिन मेज लगा देहलस।
I cannot go on doing nothing.,हम कुछ करत नाई हईं लेकिन जाई नाई पाइऽब।
We see with our eyes.,हमहन क अपनी आंखी से देखत हई जा।
She said she'll come little late.,ऊ कहलअ कि ऊ तनी देर में आई।
It involves some money.,कुछ पइसा क चक्कर हव.
What is her name whose face you are trying to see in the moon?,"का नाम हअ ओकर, जेकर मुह तु अजोरिया में देखले क प्रयास करत बाड़अ ।"
This will work. - Great.,इ बहुत बढि़या होइ पर बारी
"Come and play with us, Danny.","आउ अउर हमरे संहे खेलु, डेनी।"
Your mother and her prayers can't help us.,तुहार माई अउर उनकर परथना हमार मदद ना कई सकत हव.
Who was the book written by ?,केकरा द्वारा इ किताब लिखल गईल रहे ?
Few short poems in the volume show signs of genius.,एगो वोल्युम में गिनल चुनल कविता विद्वत्त के निशानी ह् ।
Sister! It is not that easy for him to come.,दीदी! ओकर आइल एतना आसान ना हऽ ।
How many doctors are not well?,केतना डाक्टर अच्छा ना हऊवन ।
The old city is inhabitated around this.,पुरान शहर एकरे आसपास बसऽल हऽ।
Alderman.,बरींठ अदमी।
Never wears his mask.,ओकर मुखौटा पहिनत हव कबहू नाहीं।
Forget everything and celebrate Diwali.,सबकुछ भुल के दीवाली मनाव।
You must be joking!,तु जरुर मजाक करत हउअ।
He doesn't know shit about what I want.,ऊ कहलँ कि हम का चाहत हईं ओकरे बारे में बकवास क पता ना हव।
Anna was not opening the window.,अन्ना खिरकी ना खोलता रही ।
Was your village small or big ?,का तोहार गउवा छोटहन रहल कि बडहन ?
A valuable ring was found yesterday.,काल एको मूल्यवान अंगूठी मिलल रहे ।
I like to live my life on my own conditions.,हमके आपन ज़िंदगी अपने शर्त पर जीऽल।
I dreamt a strange dream.,हम एक अनजान सपना क सपना देखली।
A book about physics.,भौतिक विज्ञान क किताब हऽ।
I would have a car.,हमरे लगे कार होई।
The storm broke the glass.,तूफ़ान शीशा तोड़ देहलस।
I'm not quite sure at the moment.,हम एकीन से ना कहि सकित येह समे।
This way he passed the test of a true friend.,ए तरीका से ऊ अच्छा दोस्त भईला के इन्तहांन पास कर लेहने।
You are at home !,तु एह समय घर पर हउअ।
That's what you think,ई उहे हवे जवन तू सोचत रहलअ।
"Durga, the daughter:",दुरगा बिटिया!
"You, who seek wisdom, should be humble.",तोहके जवन ग्यान के खोज हउए शान्त होखे के चाहि।
My brother was not there.,हमार भाई उहां नाई रह ल।
I am writing in Sindhi.,हम सिंधी में लिखत हईं।
A letter!,एगो पाती ।
How many cookies do you want?,तु केतना कुकिज कइल चाहत हउअ ?
How are you these days?,तूँ कइसन हऊ येह दिने?
Ram taught him to help him finish his food.,राम खाना खत्म में मदद क बात ओके समझइल।
I have written a letter.,हम चिट्ठी लिख भइल हईं।
The Sisters kept at him.,बहिनन ओपर नजर रखेलीं।
Have you killed the tiger?,का तु बघवा मार चुकल हऽ ?
The boy is angry whose book I took.,लइका नराज हउए जेकर किताब हम देखनी ।
We cannot speak English.,हमनि अङ्ग्रेजी न बोल सके लीं ।
It is doubtful whether he will succeed.,ये में संदेह बा कि उ सफल होयिहन।
The rupees I lent you had no name on had they?,सुना जवन रूपया हम तुहके दिहनी उस पर कवनो नाम... था का?
And the signature was a spot-on match.,आउर दशखत एकदम सही।
You had better ask permission.,बढ़िया होई कि तु आज्ञा लेला।
I know the thief who the policeman chased.,हम उ चोर के जानीऽल जेकर पीछा पुलिसवाला करत रहऽल।
Did you look for it?,का तू खोजला?
Sir?,साहेब?
Will you lend me your book?,का तु हमके आपन किताब उधार दे सकलअ ?
"If you had come, it would have been nice.",तू आयील रहतु त अच्छा होयीत ।
This was a very honest proceeding.,ई बहुते ही ईमानदारी के कार्यवाही रहे।
That means that you and your madam had already fixed this program.,मतलव कि तु और तोहार मैडम मिलके पहिले ही प्रोग्राम तय कर तिहलअ ।
Go there.,उहाँ जा।
The dog you said chased you is here.,उ कुतवा जवन तु कहले रहल कि तोहार पिछा कइले उ येहि हउए।
See you?,तू देखला?
Papa!,"बंद करा येके, पिताजी।"
"Tier 3 south, clear!",टीअर 3 दक्खिन? खाली करा। टीअर 4 उत्तर?
You need not be afraid of being late.,तोहके देर होये से घबड़ाये के ना चाहि।
Hey gentleman!just to save a few pennies you are yourself anxious and also troubling the children.,अरे भले मानस दो चार पैसा न खर्चा हो जाए ओकरी खातिर तु खुद हरान होत हवअ और लईकन के परेसान करत हवअ ।
Akbar had larger region than Babar.,अकबर के पास ज्यादा जगह रहे बाबर के तुलना में ।
This shirt is too wide.,ई शर्ट बहुते चौड़ा बा।
I thought about it for two days.,हम दूई दिन से एके बारे में सोचत हई।
Go and see your lovely new nephew,जाइके अपने सुन्नर नयके भतीजा के देखु।
I know the man who has stolen my bicycle.,हम ओके जानीऽल जवन हमार साइकिल चोरइले हऽ।
The master does not discriminate between weak or mighty.,गुरूजी कमज़ोर और ताकतवर के बीचे भेद नाई करें ल।
Big mouth!,बहुत बोलेला!
Will you get ownership?,का तु उस्ताद बनबअ ?
Rita does not have the courage to go to Delhi to look for a job.,रीता के दिल्ली जाके नौकरी देखले क करेजा नाई हऽ।
Put me down for a quarter deck.,एक चउथाई डेक खातिन हमके लगाइ दा।
I like bananas and I like grapes.,हमके केरा और अंगूर नाई पसंद हऽ।
Here Kalyan Camp is Ulhasnagar.,यहाँ कल्यान कैम्प उल्सानगर है ।
There would be a direct telecast of cricket today.,आज क्रिकेट के सीधा प्रसारण होयी ।
Please give me one glass of water.,एक गिलास पानी दे द।
And nobody knew anything about it.,आ केहु एकरे बदे कुछो न जानत हवे।
He doesn ` t even look at me.,इ त हमके देखले ना बा
Do not make noise here.,इहां हल्ला मत करा।
The ball went high.,गेना ऊपर गइल रहल।
Now take some rest.,अब थोड़ा आराम कर ल।
I was on the plane from London to New york.,हम लंदन से न्यूयॉर्क जाए वाले जहाज में रहलीं।
"I'm exactly right for you, Bella.",हम तुहरे खातिन बेला सही हईं
I hope that she will come.,हमके उम्मीद हऽ कि उ आई।
It's good.,अच्छा हव.
I am sure there are many fish in it.,हमके यकीन हऽ कि ऐमे कई मछली हऽ।
Tell me who has beaten you and why?,हमके बतावा तोहके के मरलस और काहे।
"Seagrave, Holcomb, Cosgrove--",सीगरोभ होलकम्ब कास गरोभ।
You could have asked our advice,तू हमार सलाह पूछि सकत रहला ।
The king said that the minister went to his house.,राजा कहऽल कि मंत्री अपने घरे जाए।
I do not know whether he loves me or not.,हम ना जानत रहली उ हमसे प्यार करत रहे कि ना ।
I drew a picture.,हम चित्र बनइले हईं।
Who switched on the light ?,के लाईट जलवलस?
Ram has given the book.,राम किताब दे देहले हऽ।
May you live long.,आयूसमान होखा । (जीअत) रहा
You have to come with me.,तोहके हमरे साथ आवके हव।
I do know her a little...,थोड़अ बहुत जानत हईं
What were you doing the whole day?,तु पूरा दिन का करत रहला।
Do you like it ?,का तु इहके पसन्द करत हउअ ?
Any questions? -How long have you been librarian?,"बरूकस, तू केतनी समे से लबरेरिअन रहत हवा?"
It is all Greek to me.,ई सब के मतलब हमार ग्रीक से रहे।
This is a combination of Western music and Hindi pop.,ई एगो पाश्चात्य अउरी हिंदी पॉप गाना के मिक्सप हवे।
Or anyone.,हमें परवाह ना तू का का जरूरत हव
"So, I am thinking that I will take her somewhere.","इसलिए, हम सोचनी कि उनके कहीं लेके जाईब।"
You gonna leave the shells? - Yeah.,तू गोला छोड़ दिहला?
"Also, the medicine may stain clothing .",दवाई से भी कपड़ा गंदा हो सकेला।
A Fides frame.,एक फिडिज फरेम।
What was that work which kept you so busy that you couldn't spare time for friends ?,अइसन कवन काम रहे जेकरा में तू इतना व्यस्त रहल कि संघतिया लोग खातिर भी समय ना निकाल सकल ।
They won't let him have fun so they don't love him.,ऊ कहलँ की ऊ ओके पिआर ना करति त ओके मजा ना लेव देब।
Do you remember the place where we caught the train?,का तोहके ऊ जगह याद बा जहां से हमनी के ट्रेन पकड़ले रहनी जा?
I have found the umbrella.,हमके छाता मिल गइऽल।
I am undone.,हम पहले कि तरह हईं।
"Repair maintenance, kids pestering you to take them for a ride all the time.","मरम्मत, रखरखाव, कमबखत लइके हमके सवारी खातिन हर समे तंङ करिहँ।"
This is my younger sister.,ई हमार सबसे छोट बहिन हई।
Others may begin to question the Volturi's effectiveness.,करत हव
Where can I send the parcel ?,पार्सल हम कहां भेज सकी ल।
A girl with cancer is suffering a lot.,एगो कैंशर युक्त लड़की बहुत दु:ख से पीड़ित ह ।
Not things that anyone can notice.,ऊ बात नाहीं जवन कवनेहूँ सुचना कइ सकत हव।
Why did father-in-law go to the market ?,का तोहार ससुर बाज़ारे चल गइलें।
My parents keep telling me that I should make good grades so I can get a job or go to college.,हमार महतारी बाप हमसे कहें ल कि अच्छा ग्रेड लावेक तबे हमके नौकरी मिली या हम कॉलेज जाइब।
"As long as Bhairava is alive, you won't get Mithra, traitor.","जबले भैरवा जिन्दा हव, तोहके भित्तरा ना मिली, देसदरोही।"
How did you reach there ?,तु ओहवा कइसे पहुचल ?
You're free.,तु अजाद हवा।
Is he a doctor?,का ऊ चिकित्सक हवें?
What do I care?,हम काहें परवाह करीं?
"We stayed behind and finished the job, then we went home.","हमहन क पिछे रह गईली जा और् फिर हमहन क अपनी घरे चल गईलई जा , नौकरई समाप्त हो गईल ।"
On thus being free he again quickly rode to Ludano.,अइसे आजाद भइले से उ फिर से लुडानो खातिर सवार हो गइल।
Go on like that and you'll end up behind a plough,येही तरे रहल त जलदिअ तू हल पकरि लेबा।
Will you be punished?,का तु सजा पइबअ ?
You make Geeta drink water from Sita.,तु गीता के सीता से पानी पिलवल ?
I entrusted my keys to him.,हम ओके आपन चाभी सौंप देहली।
Stop giving him money.,ओके पइसा देना बन्द करा.
Can you shut your shop early in the night?,का तु आपन दुकान राति मे जळी बन्द कइ सकलअ ?
Will Mohan have been doing this for two years?,का येके मोहन दू साल से करत होयीन्हें?
I have to go to Delhi.,हमके दिल्ली जाएक होई।
He didn't just fly away.,"ऊ उड़ी के त ना चल गयल हव,"
Because of this we get lots of experience.,एकरी वजह से हमनी के कई सारा अनुभव प्राप्त भईल।
Portrait of then Princess Mithravinda.,ई तसबीर ओ समे के रजकुमारी मित्तराबिन्द क हव।
Will he be here for the next ten minutes?,का उ अगले दस मिनट खरतीन यहवा होईहे ?
You will take me for a visit.,तु दर्शन खरतिन हमके लेब ।
Who were the Mamoi Sages ?,मैमोई सेजस के हऽ।
Do you know something about this?,आपके येह बारे में कुछ पता हव?
Will you entrust me with that letter?,का तु वो चिट्टी के साथे हमके सोप देबअ ?
I went around the school to meet you.,हम तोहसे मिले स्कूल के पास गइलीं।
It's okay. It's okay.,ठीक हव!
My marriage is quite certain.,हमार बियाह तय बा।
Did you see this film a year ago?,का तु इ फिल्म के एक साल पहिले देखल ?
Just sing whatever.,जे ह ओही गाव ।
How is this statement different from his earlier one?,कईसे उह के पहिले बयान से ई बयान अलग हो सकेला?
"Indeed he is, Mr. Torrance.","सचमुच ऊ हव, सरीटॉरन्स।"
The man in the picture was tall.,तस्वीर में आदमी लम्बा रहल।
The meat smells bad.,मीट से दुर्गन्ध आवत हव।
This food is not fit for human consumption.,ई खाना आदमी के सेवन खातिर बढ़िया नईखे।
How slowly did Mary say that Mathew gave John the book ?,केतना धीरे से मैरी कहलस कि मैथ्यू जॉन के किताब दे द।
I was annoyed.,हम नाराज रहलीं।
The elephant is larger than horse.,हाथी घोड़ा से बड़हन होला।
Was he at the meeting ?,का उ पंचायत मे रहने ?
You had packed your bag.,तु आपन झोला भर चुकल रहल।
"They are very hard working, sweet and hospitable.","उ लोग बहुत मेहनती,अच्छा और मिलनसार हवें ।"
"A tree whose leaves have fallen, is my favourite one.",पेड़ जवने क पाता झर गइल हऽ हमके नीक लगत रहऽल।
"One by one, each a night.","एक एक कइके, हर राति।"
Has he ignored you?,का ऊ तोहके नजरअंदाज कर देहलन?
Ravi couldn't eat the banana.,रवि केरा नाई खा सकऽल।
How many people have you collected ?,तु केतना अदमी के एकट्ठा कइ चुकल हउअ ?
Durga has not been well;,दुरगा ठीक ना रहति हव।
My sister is too young to go to school.,हमार बहिन स्कूल जाए खातिर अबहिन बहुत छोट हऽ।
I asked what the time was.,हम पूछली कि का समय भइल हऽ।
Seeing all the needless bloodshed he finally punished Chanesar to death.,कुल अनायास क खून खराबा देख कर उ चनेसर के आखिरकार मौत क सजा देहलस।
"During the reign of Dalurai, near Thatta in Sone Milani, a person named Obhaya used to live.",ओभाया नाम क मनई दलुराई इलाके में सोने मिलानी के थट्टा में रहत रहऽल।
Do you like to play ?,का तु खेलल पसन्द करल ?
The dog's owner lives next door.,कुत्ता के मालिक अगला दरवाजा पर रहेला ।
Mohan is waiting for you to sing.,मोहन तोहरे गवले क इंतज़ार करत हऽ।
They were drift in mid-ocean.,उ लोग बीच समुद्र में ड्रिफ़्ट कईन ।
"If you do this, you will be punished.",ई करबु त सजा होयी ।
Don't you trust me either?,तुहके हमरहू पे भरोस ना हव?
We are coming.,हमनि आव तानि ।
Ravi laughed at me.,रवि हमरे ऊपर हंसलस।
Does he work hard?,का ऊ कठिन का कईलन?
I worked with hand.,हम हाथे से काम करत रहलीं।
I am busy.,हम व्यस्त हईं।
I am an early bird.,हम हड़बड़ी में रहलीं।
This house belongs to a doctor.,ई घर एगो डाक्टर के हवे।
I ain't supposed to be here.,हमके इहवाँ ना होखअ के चाहत रहल।
South Clark.,दक्खिन घड़ी।
Do you know fish for trout?,तूँ दराउट मछरि पकरि लेत हऊ?
"Try to recollect, Indu.","इयाद करेके कोसिस करा, इन्दू।"
Rama is a rather lazy boy.,रामा बहुत आलसी लइका हऽ।
Does Betty do her best?,का बेट्टी आपन सबसे बेहतर कईली?
I tied him with a rope.,ई मूअल चाहत हव येह बदे हम बान्हि रखले हईं।
I got here in time.,हमें खुसी हव की हम तुहें पकड़ले हनी।
"Run, you cuckoo bird!",स्वीडन वापस चला जा।
"Me, he likes.",अब नाम बुला रहल हव
That's why they were not scared of anything.,एही से उसब कुछो से ना डरत रहलन।
Should I call or email you?,हम तोहके पों करब या फिर इमेल?
Some guy named Holcomb.,होल कम्ब नामकयल कुछ लइकन ।
Ravi is solely responsible for his family.,रवि पूरी तरह से जिम्मेदार हवें अपने परिवार क
Was I fired ?,का हम गुस्सा हो गईल रहनी?
You rush too much.,तू बहुत जिआदे जल्दी में हवा।
We would have purchased a ticket.,हमहन क एगो टिकट खरिदले होखब ।
You will see that I am right.,तु देखबा कि हम सही हई।
Ravi fed Nina a banana.,रवि नीना के केरा खियइलस।
Solomon has caught a very big fish today.,सालमन आज एगो बहुत बड़ी मछरी पकड़लीं।
"You're on your own, boss.","आप आपने खुद की, मालिक पर हव।"
This is the dog who scared me.,ईहे कुत्ता हमके डरा देले रहे।
You all right?,तू ठीक हई?
They are not rescuing the girl.,उ सब लड़्की के ना बचावत हऊवें ।
I wonder where to spend the weekend.,हम जाने चाही ऽल कि छुट्टी कहां बिताईं।
Does Ram love Sita or Geeta ?,राम सीता से आ गीता से प्रेम करेलें?
"The dog and the cat howled and yowled, respectively.",कुत्ता और बिल्ली चीख और हुकारुवे ।
I know a funny little man.,हम थोड़े मजाकिया आदमी के जानीऽल।
Please relax now.,तनी आराम कर ला।
I was surprised at Hari being absent.,हरी के अनुपस्थिति पर हमके आश्चर्य भइल रहल।
Then go inside.,त अन्दर जा.
I read the book.,हम किताब पढनी ।
I knew what you was from the get-go.,हमके का पता रहल आपसे मिलअ जायेके रहल।
Where are they going ?,ऊ लोग कहा जात बा लोग?
Did you accomplish your goals ?,का तु आपन लछ्य पूरा कइल ?
We wait in the park.,हमहन क पार्कवा में जोहल जा ।
The man has enough trouble.,येकरे लगे पहिलहीं भरपूर मोसीबत हव ।
Could he have made the mistake ?,का उनके से गलती हो गईल होई?
A book is being written by him.,एगो किताब उनका द्वारा लिखल जा रहल बिया ।
I expected that I should get a first class.,हमके भरोसा हऽ कि हमार पहला स्थान आई।
Fall at my feet.,हमरे गोड़े झुका।
Which advice did Sheila give to Sunita for cloth stitching ?,कपड़ा सिए खातिर शीला कवन सलाह सुनीता के देहऽल।
Don't say it... don't ever say it...,अइसन मत कहा...ई कबों मत कहिहा
My name is Lasse Karlsson. I'm offering you my services.,हमार नाम लेसे कार्लस्सन हव हम काम तलास रहल हईं।
I don't design book covers.,हम किताब के कवर नाई डिज़ाइन करीऽल।
You would have gone for a visit.,तु यात्रा खातिर गयल होबा।
"I gave him my address, but he didn't contact me.",हम ओके आपन पता देहलीं हऽ कि लेकिन उ हमसे संपर्क नाई कइलस हऽ।
Did you come to Japan ?,का तु जापान से अइलह ?
Can you wander in forest in the night?,का तु राती मे जंगल मे भटक सकलअ ?
You should bring the notebooks.,तोहके कापी ले के आव के चाहि।
"It's good to be back, Lloyd.","वापस आइके नीक लगल, लॉयड।"
It was me that gave you the alarm.,ई हम रहनी जवन की तोहके चेता देहल।
What a terrible din!,का इ खराब दिन बा !
Will he be able to do this?,का ऊ ई कम करे के योग्य बाड़न?
Who are you man?,हे....तू गइला बेटा
I am going to take this.,हम एके लेवे जात हईं।
"Hardly had I left the house, than it started to rain.","बड़ी मुश्किल से हम घर छोड़लीं, तब बारिश होए लगऽल।"
Men have died for their country.,आदमी अपने देश खातिर मर गइल।
I purposely refrained from saying more.,हम जानबूझ कर बोललें से परहेज कइलीं।
I will dance.,हम नाचब।
Ahmad teaches his brother English.,अहमद अपना भाई के अंग्रेजी पढावत हवं ।
Edison invented the phonograph.,एडिसन फोनोग्राफ् क अविष्कार कईन ।
My greatest pleasure is sitting here in the sun.,घामे में बइठल हमार परम सौभाग्य हऽ।
The exam are drawing near.,इम्तहान नजदीक आवत बा।
"The merchant had great success in all his dealings, and was naturally esteemed by his fellow citizens.","व्यापारी अपने कुल लेन देन में सफल रहल, ऐसे लोगन और अपने साथी से ओके सम्मान मिलऽल।"
"Okay, any Leads?",न एक
"Oh, I don't know.","ओह, हम ना जनतीं।"
There's alarms goin' off on three floors.,तीन मंजिल पे अलारम बन्न चलत हव।
I met her at the hospital.,हम ओसे अस्पताले में मिललीं।
You will have to recall because my duty is not only to stop the culprits but also to stop the crimes.,याद करके बडी काहेकि हमार फर्ज खाली गुनाहगार केरोकला ही नही वल्कि गुनाह के रोकले क भी हऽ
I gave you the description and the license plate.,हम तुहके बिबरन अउर लसेन्स पलेट दिहनीं।
Will you do your level best to win a prize?,का तु अपने बराबरी के एकगो बढिया पुरस्कार जीतब ?
You see that glow flashing in the corner of your eye?,तू ओवमक के अपने आँखी के कोने में चमकत देखत हवा?
Does Ram need papad ?,का राम के पापड़ चाही?
We'll have a good look next time,अगली बेर हम अच्छे से देखब।
All the boys have been teasing Pelle.,"जइसे, बाईबिल की कहानी म हमें लगत हव।"
Who's there?,कवन हव?
The building is very big.,ईमारत बहुते बड़ा बा।
Check in there.,उहवाँ भित्तर जाँच करँ।
Jesus! Heywood.,"भला हवा, हेबुड।"
"Well, there it is, right over there.","ठीक हव, उहवाँ इ सही वहाँ पर हऽ। एके देखत हव ?"
"Yes, I saw it last night.","हां, हम पिछली रात देखले रहनी।"
A grey cloud spread over the sky.,एगो भूरा रंग के बादर आकाश में छाईल रहे।
"We don't need that, do we?","ई हमके ना चाही, हव न?"
"Bruno went to the White Mountains of New Hampshire, and Pauline went to Cape Cod.",ब्रूनो न्यू हैंपशायर क सफेद पहाड़ी गइल त पॉलीन केप कॉड।
How old is this church ?,ई गिरिजाघर केतना पुराना हवे?
I mean... we both are very close.,हमार मतलब...हम दूनो बहुतअ घुलल मिल हईं।
Run.,चलावा
You didn't ask?,तू मैङले ना रहला?
That lady is going inside the bank sir! And there is also a child.Their life might be in danger sir.,"उ मेहरारु बैंक के भतिर जात हीय साहब, और संधे में लइका भी हऽ ओकरी जान के खतरा भी हो सकेला साहब ।"
Which advice does the speaker give to the listener?,सुने वालेन के अध्यक्ष का सलाह देहलें।
"Not intentionally, but the wolves have no control...","जानबूझके ना हव, लेकिन भेडि़अन काबू में ना हव"
Can you choose a pen?,का तु एकगो कलम चुन सकल ?
The bodies were mangled in a terrible manner.,भयानक तरीके से शरीर उलज गइल रहल।
"You'll get me in trouble. - You won't get away from me, you dumb beast!",वापस आवा निच जीव।
You have eaten apples.,तु सेव खा भइल हउअ।
You are going to sing a song.,तु गीत गावे जात रहल हउअ।
Rather think of it like metal slicing' through a herd of buffalo!,ई भँइस के झुंड के सहारे टुकड़ा कइले क किरिया धातु जइसन हमके बलुकला सोचे के होई।
This is where it got hit.,जहवाँ लगल ओहीं हव ।
The holidays are at an end.,छुट्टी खतम हो गइल।
Here is your book; take it away.,"तोहार किताब इहाँ हव, एके दूर लेजा।"
"I am not concerned with how expensive or cheap a car is, whichever is capable of taking me from home to office and back is all right.",हमके ऐसे मतलब नाई हऽ कि कार महंग हऽ या सस्त हमके ऐसे मतलब ब कि हके ऑफिस ले जाइ और वापस छोड़ देई।
I'd ask for more time.,हम अबहिन और लेब।
The time for departing has now arrived.,जाएऽक समय आ गइल हऽ।
Father-in-law went after having lunch with guests.,मेहमानन के साथ खाए क बाद ससुर चल गइलें।
When did Saint Kanwarram get married ?,संत कंवर राम क बियाह कब भइऽल।
"Feel bad about it if you want, but you didn't pull the trigger.","बउर लगि सकत हव अगर तू चाहा, लेकिन तू टइगर/घोड़ी ना दबवला।"
"If he had studied harder, he would have passed his exams.",पहिले पढले रहतन त परीक्षा पास कर गयील रहतन ।
The outlets.,आउरलेट्स।
What reason does Brutus give for murdering Caesar?,कौन कारण रहल जौने से ब्रूटश सीज़र क हत्या कइलं।
Will you bring your book?,का तु आपन किताब लइब ?
"Should you need some more money, take an extra twenty.",ज्याद जरुरत पडी अगर त ई ल बीस रुपैय्य ।
How am I doin'?,कइसे हम करत हईं?
Did everything for me.,उ हमार सब कुछ रहल।
They could give the cow nothing to eat.,ऊ गाय के खाए खातिर कुछ ना दे सकल लोग।
Norinei MIKI Ryutaro Tatsumi written and directed by Shohei Imamura,नोरिनेई मिकीर सुतारो तात सुमी सोहई इमामुरा दुआरा लिखल अउर निरदसित।
"We who seek your protection, are strangers here.",हमहन के अपनी सुरक्षा क खोज हवे जवन की यहवां अजनवी हई जा।
My colleagues and I went by this train.,हम और हमार साथी एही ट्रेन से गइल रहलीं।
It's so hard to believe she's gone.,बिश्वास करल मुश्किल हव की उ चल गयल हव
How you have grown !,तु कइसे बढ चुकल हउअ ?
This is called Solomon's treatment.,येके कहत हवॅ सालमन क इलाज।
Please just forgive me.,हमके भूल जा।
I never get here on time if I take the train.,हम कबहुं ईहां समय से न पहूचींला अगर ट्रेन लिवी ला ।
To us it was a shame.,बड़े सरम क बात रहल।
He says he will be back this month,"चिट्ठी भेजले हव, येंही महिन्ना वापस अइहँ।"
Ram had a fever.,राम के बुखार रहऽल।
I dropped the key somewhere about here.,हम चाभी इहीं कहीं छूट गइल हऽ।
A limb moves independently from the rest of the body.,एक अंग हव ।
Christine has not been decorating her home.,क्रिस्टीन आपन घर ना सजावत हिय ।
"The referee having whistled, the game was stopped.",रेफरी सीटी बजइलस और खेल रुक गइल।
Jumpin' in the moonlight and kissin' as you both fly under the stars to the tunes of The Sad Flutes--,चाँदनी में कुद्दत अउर चुम्मल...दुख क बात बंसुरी के धुन पे सितारन के तहत आप माँछी के रूप में दूनो
I know who are you.,हमके पता हऽ कि तू के हवा।
Ram got Mohan make Sita laugh.,राम मोहन और सीता के हंसा देहलस।
I am going to miss you.,हम तोहके भुल नाई पाइऽब।
I will take money.,हम पइसा लेब।
Severance pay for 19 years.,19 बरिस के नोकरी क हरजाना।
"It was blank, but the postmark said Fort Hancock, Texas.",उ खाली रहल लेकिन अगल बगल कही हं।
Tell me who had beaten you?,हमके बतावा तोहके के मरलस।
He said that he will eat with you and had asked me not to tell you.,इ कहते रहलअ कि तोहरे संघे खईहअ और तोहसे बतवले खातिर मना कइले रहलअ ।
I wasn't far from home. - Here she is.,"गुलाब अरे, इहवाँ आवा"
That is Tagore the poet's house.,उ टैगोर हऽ कवि क घर ।
Did you go to the Disney Land?,का तु डिजनी लैण्ड गइल ?
Once he hesitates we have him.,एक बार ऊ तनिक हिचकेलन हमनी के उनके साथ रखे के चाही।
It never struck me before that he was old.,ई हमके पहिले कबहूँ ना लागल की ऊ बुढा हवन।
The crocodile was also waiting to have his kill.,मगरओ ओके मारे खातिर इंतजार करत रहल।
"Things, that you need to think about it, if you... If you gonna be... physically intimate.",उहां अंतरग बात कर रहल हव लगत हव की आप की जरूरत होइ तुम
I'm always the one you pick on. - Oh!,हमें हमेसा काम करय के पड़त हव।
The others are resting.,दुसरों की तरह।
It was the work of a wild animal.,ई एगो जंगली जानवर के काम रहे।
"Dear, I can't buy your shyness even if I sell Srikakulam.",पिरियतम हम सिरिकाकुलम् के बेचिओ के तोहार सरमाहट के ना खरीद सकतीं।
I have finished to write.,हम लिख भइलीं।
How many hands do you have?,तोहरे लगे केतना हाथ हउए ?
At midnight Suhini came to meet him.,बिच रात के सुहिनि ओकरा से मिले अयली ।
"A Service Charge of 10 % is levied on Local Calls and 25 % on ""Roaming"" Calls.",लोकल कॉल पर १० परसेंट आ रोमिंग कॉल पर २५ परसेंट के सेवा शुल्क लागेला।
"Though I was born in England but I am an Indian , I have come here to make you my bride.",भले ही हमार पैदाईश इंग्लैंड में भईल वा त का से पर हम हई हिन्दुस्तानी हम यहाँ से तोहके दुल्हिन बना के ले जाईब ।
She found us.,उ हमें मिल गयल हव
"Switch on the television, please.",टीवी खोल द।
I shall be glad of your advice in this matter.,इ मामले में तोहार सही मिली त हम खुश हो जाइब।
Anil will sell the books.,अनिल किताब् बेचिहें ।
Will you play with me?,का तु हमरे साथ खेलब ?
But it's Saturday.,लेकिन आज सनिवार हव।
I have to go to Bombay.,हमके बंबई जाएक होई।
Yuck!,छी!
I didn't know the way.,हमके रास्ता नाई याद हऽ।
Whose body was it?,ई केकर शरीर रहे?
"With Tommy's testimony, I can get a new trial.","टॉमी क गवाही क कवनो फरक ना परी, मोकदमा फिनू चल सकत हव।"
How did Rajkumar meet Gandhiji in Calcutta and where did they go from there?,कलकत्ता में राजकुमार गांधी जी से कइसे मिलऽल और उहां से उ लोग कहां गइलें।
It is necessary to learn each other's languages.,ई बहुते जरुरी बा हर दूसरी भाषा के सिखल।
We almost lost a whole goddamn company for you.,हम लगभग आपके खातिन एक पूरा धत तेरे की कम्पनी खो दिहली।
What are you doing here outside? What's wrong?,उहवाँ बाहर का तू का कइ गलत हव?
You can write.,तु लिख सकला।
And if you could yourself teach then...,और अगर तु खुदे पदे देतअ त
You will come with them.,तु ओनहन के साथे अइबा।
Get the ball moving.,ढुरकत गेना पकड़ा।
He's a murderer!,ऊ हत्तिआर हव!
Can you finish the work by five o' clock ?,का तु पांच बजे तक इ काम खतम कर देबअ ?
I know car- driving.,हम कार चलावे जानीऽल।
My friend was the first person to offer me help.,हमार दोस्त पहला आदमी रहल जवन मदद करे क कहलस।
Knock out his brains? - Yeah.,तू ओके पक्का मरबा।
I liked your teeth solid like stones.,हमके तोहरे पाथर के जइसन ठोस दाँत पसन्न हव।
The other kids call him ratboy.,दूसरा बच्चा ओके चुहा मुंह कह कर बुलावत हव
All places will be seen.,कुल जगह देखल जाई।
This pen belongs to my sister.,ई कलम हमरी बहिन के हवे।
The food was cooked by Saroj.,खाना सरोज बनइले रहऽल।
They who live in glass houses should not throw stones.,जे सीसा के घर मे रहे ओके दूसरे के घर में पत्थर नाहीं मारे के चाही ।
"Oh, now we definitely going to Seattle.",पिचास से ना
I’d like to go to the park but my mum won’t let me.,हमके पार्क जाइऽब नीक लगऽल लेकिन अम्मा हमरे साथे नाई जइहें।
You will not play cards.,तु पत्ते नाइ खेल पइब ।
"Mary, about whom we were talking is good.","मैरी, हमन जेके बारे में बतियावत हई ठीक हऽ।"
"Bruno took the desktop computer that he uses at work, and Pauline sits on the beach with her laptop computer, which she connects to the internet with a cellular phone.",ब्रूनो काम करे खातिर कंप्यूटर लेहल और पॉलीन आपन लैपटॉप ले के समुद्र किनारे बइठत रहल और इंटरनेट मोबइले से चलावत रहल।
I was struck by a stone.,हम एगो पथरे से चोटा गइलीं।
May be they are waiting for us there.,शायद उ लोग हमहन क उहाँ इन्तजार करत होईह ।
"Einstein, who was born in Germany, is famous for his theory of relativity.","आइन्स्टाइन, जेकर जनम जरमनी में भईल रहे, ऊ अपनी समबंधता के सिद्धांत खातिर बहुते जानल जानअ।"
Did you ever hear the like of it ?,का तु इनके अइसन सब कुछ सुन सकल ?
I wish I had met you ten years ago.,काश हम तोहसे 10 साल पहिले मिलल रहती ।
"I'll marry you, just try.",हम तुहसे शादी कइ रहल हई बस एक प्रयास हव
#You sit there with a blank expression#,# तू बइठा उहवाँ एगो खाली बिचार के साथे #
The boy came running.,लइका भाग के आइल ।
"Solomon, today is your wedding.",सालमन तोर आज सादी हव।
It is a nice poem.,ई बहुते बढ़िया कविता बा।
Why do you hesitate to die ?,तु ठप्पा खरतिन काहे सकोचात हउअ ?
Please send for Rama.,रामा के भेजा।
Raju got up from chair.,रवि कुर्सी से उठ गइऽल।
You are the third person to ask me that.,तु तिसरका अदमी हवा हमसे उ पूछ वाला।
What is the expression on the face of the statue?,मूर्ति क चेहरे क भाव का हऽ।
What I mean is you're not a very good thief.,"हमार मतलब हव, तू कवनो अच्छा चोर ना लगता सायद तोके कुछ अउर परयास करेके चाही।"
Am I blaming you?,का हम तोहके दोष देत बानी?
Can he praise you?,का ऊ तोहार प्रशंसा कईलें?
You look more like your father.,तू अपने बापे जइसन देखात हवा।
We used to read.,हमहन क पढे क कोशिस कईला जा।
Albert has been playing squash.,अल्बर्ट स्क्यायस खेलत रहे।
I shot an arrow into the air.,हम हवा में तीर चलइलीं।
We're sorry.,अदमी (रेकार्डिंग पे):
It seems only reasonable to ask students to buy a dictionary.,छात्रन से शब्दकोश खरीदला के बारे में कहल उचित हवे।
Your whole day would be wastage.,तोहार पुरा दिन नुकसान होइ।
It is better than yesterday.,काल से आज अच्छा ह ।
It is a story about a boy whose parents got divorced.,ई कहानी ओ लड़का के बारे में बा जेकर म-बाप तलाक ले लेले बा।
Will you keep your promise?,का तू बचन ना निभइबा?
I'm not busy at all.,हम बेलकुल बेस्त ना हईं।
This is the oldest temple in Kolkata.,कलकत्ता में ई सबसे पुरान मंदिर हवे।
And you will teach the boy lt's not long to the festival,अउर तू लइका के सिखइबू । तिउहार में अब समे ना हव।
McCaffrey!,एम सी केफरे।
"To act thus is not wisdom, but folly.","ए प्रकार से व्यवहार कईला के मतलब मुर्खता होला, हुशियारी नाहीं।"
Nothing.,पूछा मत।
Can you accept it?,गंध हमे परेसान ना करत।
Look at me.,हमरे तरफ देखा।
This bunglow is larger than that.,ई बंगला उ बंगला के अपेक्षा बड़हन बा।
The trouble is that some people will criticize if they know,दिक्कत इ हव की केहू लोगन के अगर पता लगल त ऊ आलोचना करिहँ
I live in village.,हम गांव में रहीं ल।
The dog jumped.,कुत्ता कुद गईल ।
"No charge to you, Mr. Torrance.",तुहरे पे कवनो अराप सूरी टॉरन्स।
I cannot drink too much tea.,हम ढेर चाय नाई पी सकी ल।
"Hey, you want to buy or touch?","अरे, तुहके खरीदे के हव कि छुएके?"
"If I am poor, yet I am honest.",अगर हम ग़रीब हईं त ईमानदार भी।
How many patients have lived their life?,केतना रोगी आपन जिंदगी जियल न ।
"Really, it is a mini Japan.","सच्ची, इ छोट जापान हऽ।"
Did you follow her?,का तू ओकर पीछा कइला?
I don't like it.,हमके इ नाई नीक लगऽल।
You can't just make a person up.,"एंडी, तू अइसहीं एगो बेकतिना बना सकता।"
Will she have been laughed at by your friend?,का तुहके अपने दोस्त पर हसब ?
Will he come on Sunday?,का ऊ रविवार के अयिहन?
Get lost.,भाग इहवाँ से
Shyamlal! You have become so blind in your selfishness that you cannot even see your profit.,श्यामलाल! तु अपने लाभ मे एतना आन्हर हो गईल हवअ कि तोहके अपने फायदा क बात भी ना दिखाई देत हअ ।
How many birds do you keep?,तु केतना चिडिया के रखत हउअ ?
What do we need?,हमहन के का जरुरत हवे ।
The vizier was a wealthy man.,विज़ीर बड़ा धनी मनई रहऽल।
A momentary loss of muscular coordination.,पेस कइले दबाब लगूवले मिलवल क छन भरक बेतालमेल।
I shall give him money when he comes to Delhi.,उ जब दिल्ली आई तब हम ओके पइसा देब।
Someone has picked my pocket.,कौनो हमार पाकेट चुन ले ले बा ।
"Unlike. I won't be, you know... warm.",हम अउर ना त अब गरम हवा इ उ गंध ना होई
"As the meat got cooked, they started repenting.",जइसे मीट बनल तइसे ओन्हन पछताए लगल।
What do you think it's used for?,केकरे खातिन इस्तमाल करत हव?
Did you enjoy reading this book?,का तु इ किताब के पढले के आनन्द लेतबाड ?
This question will be discussed at the meeting tomorrow.,ई प्रश्न पे कल के सभा में बहस कईल जाई। ।
Mohan thought of the child.,मोहन लइकन के बारे में सोचलस ।
I will look into the matter.,हम एह मामले में देखऽब।
Your brother is very much like to his father.,तोहार भाई तोहरे बाप जइसन हव।
Never go for the obvious kill. They'll be expecting that.,खो जाइ उम्मीद हव की देबा अउर आप
This girl says she'll serve herself up to you instead of the spics.,ई लइकी ऊ खुद आपके उप्पर के अलावा महकउवा - सुगंधित द्रव्य लगावत हईं कहति हव ।
Look for it yourself.,खुदअ देखा!
"I never have hurt anybody, and never will.",हम केहू के कभौ न नुकसान पहुंचऽवली न पहुंचाइऽब।
You tell names of the twelve months.,तु बारहो महिना क नाम बतावा।
I hope that I shall be there in time.,हमके लगऽत हम समय से पहुंच जाइऽब।
From where have you come ?,तु कहा से अइला।
Much the same,अइसनअ।
"I have been sitting here since two o’clock, there is no sign of the doctor.",हम इहां दूई बजे से बइठल हई लेकिन डॉक्टर के कौनो पता नाई।
I did not wish to miss.,हम भूले नाई चाहत हई।
Nature will recognise you both before you can recognise yourselves.,ई करामात आप दूनो के अपने आपके पहिचनले से पहिले एक दुसरे से मिलवाई।
I liked acting and music.,हमके एक्टिंग और संगीत पसंद हऽ।
You're even uglier up close.,करीब से तू अउर भी भद्दा हवा
Local beaches should bejammed.,असधानी समुन्दर टट जाम होखअ के चाही ।
I got to change reels!,हमके रील बदलअ के हव।
Thank you!,धन्नबाद।
How many tomatoes do you have?,तोहरे लगे केतना टमाटर हउए ?
Go.,चला।
My brother met a woman.,हमार भाई एगो मेहरारू से भेंटाइल।
Is it a small school?,का ई छोट विद्यालय बा?
I am glad you like it.,हमके खुशी हऽ कि तोहके इ पसंद आइल।
Have you heard that Rama has won the prize ?,का तु सुनल कि रामा पुरस्कार जीत गइल ?
From National Travellers.,नेशनल ट्रेवलर्स से।
Why should I believe you? So I can end up in here with you?,तोहार बिसवास कइके अपनो तोहरे जइसन हाल करीं?
How many branches have this firm?,ए फार्म में कगो ले शाखा बा?
How did you find the food ?,तु भोजन कइसे पइलअ?
Somebody hit the maid of the woman who was talking on the phone.,उ औरत केनौ करानी के केहूँ मारदेलह जब उ फोन पर बात करत रहे ।
"Been away, but now I'm back.",दूरे गयल रहलीं लेकिन अग हम वापस आइ गयल हईं।
I saw him at the baker's.,हम ओके बेकर के इहां देखली।
I know more about fire than all of 'em.,हम ओनसे अधिक आग के बारे में जानत हईं।
"Mahesh! Stop there, I can arrest you and shoot you when needed as per my duty.",महेश रुक जा हमार फर्ज इहे कहता कि तोहके गिरफ्तार करी और जरुरत पडला पर गोली मार दी
How're you getting on?,"हाय, कइसन चलत हव?"
Kill.,मारि डाला
"Though the war is over, there is much discontent.","यद्यपि युद्ध ख़तम हो गईल बा, लेकिन फिर भी लोग में बहुते असंतोष बा।"
"Let me come in, or I will break down the door.",हमके अंदर आवे द या हम दरवाजा तूर देब।
"Yeah, there you go.","हाँ, उहवाँ तू जा।"
Can I take you home ?,का हम तोहके घरे ले जा सकेलीं?
It was not working.,ई काम ना करत रहे।
You three hurry back home and be quick about it. All right.,तु वापस घरे जा।
We cannot accept children above the age of ten.,हमहन क दश साल से ऊपर की लईकन के ना ले सकल जाला ।
I didn't want you to spending you're money.,आपन पइसा आप खरच ना कइले हवा।
What can I say?,हम का कहि सकत हईं?
"Sanskrit, as well as Arabic, was taught there.",संस्कृत के साथे अरबी वाला पढ़ावल जाऽल।
The rooms are reserved for you in Hilton hotel.,तोहरे खरतिन हिल्टन होटल मे कमरा बचा रखल हउए।
"The main crops here are rice, cotton and dates.","इहां के मुख्य फसल चावल, सूत अउरी खजूर हवे।"
"If I was a good cook, I'd have invited them to lunch.",हम अच्छा खाना बनावे जानत रहतीं त उनके खाना पे बुलयतीं ।
My brother mended the window.,हमार भाई खिड़की सही कइ देहलस।
I think we should discuss what should be done with him.,हमके लगत हव की हमके चरचा करेके चाही की ओकरे संहे का करेके चाही।
"Tell him to leave me, sir.",किरिपया साहेब हमके छोड़ेके कहिहँ
Old man's crazy as a rat in a tin shithouse.,बुल बुढऊ अइसन पगला गइने जइसे चुला के ऊपर गोढ रख देहल।
Who did you say came ?,के कहले तोहके आवे के ?
"And when you blow your nose, use a handkerchief.",टापन रूमाल क उपयोग करय के याद रखा।
Axocet may harm your liver .,अक्सोसेट तोहरे लिवर के नुकशान दे सकत हऽ ।
I'm not leaving this place!,हम इ जगह ना छोड़े जात हई!
"Finally, a PC processor that's a one time investment.","आखिर में, एगो पी सी प्रोसेसर जेपर एक बार निवेश कईल गईल। ।"
I wil send the files as early as possible.,हम फाइल जेतना जल्दी होई भेज देब।
We were terribly late.,हमहन के बहुते लेट हो गईल रहे।
My wishes are with you.,हमार शुभकामना तोहरे साथे हऽ।
Will he have done the work?,का ऊ कम के क लेले होईन्हें?
Their sizes aren't matching their food habits.,ओनकर देहिं - सरीर ओनके खइले के धारी से मिलत ना हव
#And everybody watching knows#,#अउर हर केहू देखत हव # आपई # उमेद ना # जानता ।
Don't all speak at once !,सब एक बार में न कहा।
Where are you going now?,अब तू कहवाँ जात हऊ?
How many people are clapping?,केतना आदमी ताली बजा रहल हऊवन ।
You should buy a novel.,तोहके उपन्यास खरदे के चाहि ।
I owe her 50 lire.,हमके ओके 50 लीरा देवें के हव ।
Why did you beat him ?,तु उनके काहे पिटल ?
Did you get on the bus ?,का तु बस के पउल ?
What happened then?,फिनू का भयल?
Certainly you are wrong.,जरुर तु गलत हउअ ।
I can’t go swimming.,हम तैरे नाई जा सकीऽल।
Let go.,चलत हईं।
I knew your father too.,हमहूँ के अपने बाप क पता रहल
Believe us.,हमहन प विश्वास करअ ।
Stay away!,दूरे रहा!
but we could never argue with the numbers because they're airtight.,ई हव कि हम सभे बकवास हईं पता हव की सवेजेक के रिपोट क एगो परती हव।
How many more lies?,अउर केतना झूठ?
Do you have elevator in your apartment ?,का तु अपने कमरा मे लिफ्ट बा ?
"[Stephen] Get it on your shoulder, Probie.",(इसटीफन) अपने कान्हे पोरबी पे मिलती।
I have to send him money every month from here.,हमके इहां से ओके हर महीना पइसा भेजेऽक पड़ी।
Did you?,का तुहके?
Years I got.,"खयर, सालन हमरे पास हव।"
This calendar is for 1986.,ई कैलेंडर 1986 खातिर हवे।
I may not come tomorrow.,हम बिहान नाई आ पाइऽब।
They are not calling us.,ऊ हमनी के नईखे बुलावत।
The man walked home.,आदमी घर घूमलस।
They aren’t working hard.,ऊ सब मेहनत नईखे करत।
You ask,तू मांगा.
Ram is a regular user of the library.,राम रोज लाइब्रेरी क इस्तेमाल करऽल।
"Come on, get up.",चला उठा!
"Sam keeps him home studying, but he's chomping at the bit.",सैम ओके रखत हव घर का अध्ययन हव लेकिन उ बिस्तर से कुद गयल।
So I couldn't get into the train.,येही से हम ट्रेन में ना चढ़ पवनी।
Prem! Along with Kaka Jee we all have dreamt together for you that you prosper a lot and earn good name.,प्रेम !काका के संघे संघे हम सब एगो सपना देखली कि तु दुनिया में खूव तरक्की करअ खूव नाम कमा
So this big-shot lawyer calls me long-distance from Texas.,"त, ई बड़ा वकील हमके टेकसास से लम्मी दूरी क काल करत हव।"
You really are.,तू सच में हवा।
Folks around this joint love surprise inspections.,इहवाँ ई अचंकअ देखल पसन्न करत हवँ।
I am an advocate.,हम वकील हई।
What man has done man can do.,जवन आदमी कइलस उ उहै कई सकत रहल।
"Fill the water whenever you wish when there is a tube well installed at your doorstep, but pull the bucket now, even I need to fill my bucket.","अरे जब तोहरी द्वारा ट्यूवेल लग जाई जब भी मे आई पानी भर लीहअ पर अब त बाल्टी खीचअ, हमके भी त भरेके हअ ।"
They weren't home. I parked in the turnout and waited.,"ऊ घरे पे ना रहलँ, त हम सड़क के किनारे खड़ा रहलीं।"
I regret but I am compelled to deny.,हमके अफसोस ऽब लेकिन हम इनकार करे के मजबूर हईं।
Book?,किताब?
Bad ass... You're gonna be one tough little newborn.,सिरफ हव की आप बुराई को दूर
The college opens on 23rd June.,विधालय 23 जून के खुलेला ।
"My father, who is a schoolmaster, is fifty years old.",हमार बाउजी जवन स्कूलमास्टर हवें 50 साल क हवें।
"She did not want you, well done!",ऊ तोके छोड़ दिहल ठीक कइलँ!
Srikakulam?,सिरिकाकुलम्?
That part doesn't last forever. I want you.,भाग-इ हमेशा खातिन ना हव पिछला
How ya doin'?,फिनू कइसे हवा?
People speak English all over the world.,पूरी दुनिया क लोग अंग्रेजी बोलेऽल।
25 rupees for an hour.,एक घंटा के 25 रुपिया।
I live in Kolkata.,हम कोलकाता में रहीं ल।
A famished traveller was toiling over the desert.,एगो भुखायिल आदमी रेगिस्तान में मेहनत करत रहे।
My study-cum-bedroom is not clean.,हमार पढ़े और सोए वाला कमरा साफ नाई हऽ।
"Willie, you owe me a brew!",बिली आप हमें एक काढ़ा देत हव।
Marry arrived exhausted at the party.,मैरी पहुंचल पार्टी में थक गइल।
Nothing happened to him.,ओके कुछ ना भयल
All the generals of Allaudin refused to fight.,अल्लाऊद्दीन के सेनापति सब लाडे से मना कर देयीलन ।
Marriage?,सादी?
The boy was too old for a whipping.,लइका सजा करतीन बहुत पुरान रहल।
I only watch favourite programs.,हम के जौन नीक लगा ल उहे कार्यक्रम देखी ल।
It wasn't exactly an easy alliance.,इ गठबंधन ना त असान रहल
There are a few boys in our class.,हमरी कक्षा में कुछे लईका हवं स ।
A light rain fell last night.,एगो हल्का बारिश अंतिम रात्रि के भईल रहे ।
Marry has given her book to Jim.,मैरी आपन किताब जिम के दे देहलस।
"Forgive me, Bhairava.",हमके माफ कइ दाख् भैरवा।
Listen to me.,हमार बात सुना।
[Alarm Ringing],(अलारम बज)
There is a clock on the table.,मेजे पर एगो घड़ी ब।
Let's all go to the spilloon!,च्ला सभे सैलून के पास जा।
Maybe they got their radio turned off or they can't hear it.,सायद ऊ आपन रेडिओ बन्न कइ दिहलँ चाहे ऊ एके ना सुनि सकत हवँ।
"I had told you not to betray my trust , I had taken your promise, yet you betrayed me.","हम कहले रही हमरा भरोसा के शर्मिंदा मत करिहअ, मो वादा कइले रहली तोहसे, फिर भी तु भुला गईलअ ।"
You see how he took that fire?,आप कइसे देखत हवा की आग ले लिहले हव?
I usually practise my swing for 10 minutes.,हम आमतौर पर 10 मिनट तक झूले क अभ्यास करींऽल।
We were having a joke.,हमहन क एगो किस्सा कहत रहली जा ।
How will you welcome us in the marriage if you will feed us this much here itself.,अगर इहवे प सव खिअ देवु त वियाह मे का खातिर करु
I forget his name.,हम ओकर नाम भुला गइलीं।
I have to write and send an article for the seminar on Sindhi Literature.,हमके सिंधी साहित्य के गोष्ठी पर एगो लेख लिखेऽक और भेजेऽक बा।
I know a woman who has two children.,हम उ औरत के जानीऽल जेकरे दूई बच्चे हवें।
The girl in white churidhar...,"ऊ लइकी, सफेद कपड़न में"
And please your introduction?,आ कृपया आपक परिचय?
Untill my heart stops beating.,जब हमार दिल की धड़कन बंद हो जात हव तब भी
There are the famous caves in Ellora and Ajanta.,एलोरा आ अजंन्ता में प्रशिद्ध गुफा हऽ ।
No one knows when he went.,केहु नईखे जानत उ कब गईन ।
You're so tiny; do the other boys tease you?,"तू इतना छोट हवा, का दूसर लइका तुहँ तंग करत हव?"
What does this tell you about his character?,ई उनकी चरित्र के बारे में का बतवलन?
That it why I thought that only you are the right person to look after that house and remained quiet.,एही से हम सोचली कि घर के देखे सम्भाले खातिर एक तु ही हई और केहु दुसर ना बा ।
When are you supposed to go to Sindhunagar ?,तु कब सिंधुनगर जाए के सोचत हवा।
Didn't you go to Bhuj ?,का तु भुज ना गइला?
The food is difficult to digest.,येह खाना पचयिला में बड़ी दिक्कत होई ।
My exam is in March.,मार्च में हमार परीक्षा हऽ।
We were not sent into the world simply to make money.,हमहन के खाली पैसे बनावे खातिर दुनिया में ना भेजले हवे।
How many children are playing a game?,केतना बच्चा खेल खेल रहल हऊवन ।
I have one word for you.,हमरे पास तोहरे लिए एगो शब्द ब।
There are 52 alphabets in Arabic Sindhi script.,अरबी सिन्धी लिपि में बावन (52) अक्षर ह् ।
Will he be watching TV?,का ऊ टीवी देखत होईहें?
The lesson begins early.,सबक जल्दी शुरु हो गइल।
Did you watch Independence day programme on T.V. in the morning today?,का आज सबेरे टी.बी. पे तू स्वतंत्रता दिवस के कार्यक्रम देखलअ हअ?
I had a pen.,हमरे लगे कलम रहऽल।
"""Thou shalt crawl on thy belly. """,अपने पेट पर चलल करा
Ouch!,आह्ह!
Mahesh! You are under arrest.,"महेश , तोहके गिरफ्तार कईल (पकडल) जाता ।"
What are the instruments played during folk dances ?,लोक नृत्य के साथ कवन बाजा बजत रहऽल।
"Kitchen, walls, roof, everything will be done","रसोई, दीवार, छत, सब कुछ कयल जाईं।"
"If we don't get him back soon, he doesn't have a chance.",अउर अगर इ आदमी हमनी के जल्दीये वापस नइखे मिलत हऽ त बहुत देर हो जाऽइ।
One of 'em found Beth.,ओमें से एगो बेथ पवलीं।
"Dumb shit, what do you think the government will do to me?",गधे तोहके का लगत हव सरकार का करी हमरे संहे?
Hon?,हॉन?
Pull it off.,एसे खींच ला।
"If you make such a mistake, I will be ashamed.","यदि गलती कइला, त सरमिन्दा होबा।"
Tell me another,कुछ दूसर कह ।
Let's go.,च्ला चलत हईं।
Is my cap ready?,हमार टोपी तइयार हव?
They'll give you what you need.,जवन जरूरत होई ऊ तुहके दे दिहँ।
Kounru told her that once she was also a princess like her.,कौनरु बतऊवे कि एकबार उहो ओकरा जईसन राजकुमारी रहुवे ।
My name is Kaushik.,हमार नाम कौशिक हऽ।
How nice,केतनी नीक।
We have to go to the meeting.,हमके बइठक में जायेके हवा।
"Bauji Raj is my life, I cannot live without him, please let me go with my Raj.","बाबूजी राज हमार जिनगी हऽ हम उनकी वगैर ना रही पाईव बाबूजी, बाबूजी हमके हमरा राज के लगे जाये द ।"
The camel pushed his head into the tent and asked to be allowed to warm his nose.,ऊंट टेंट के भीतरी आपन सिर डाल के ई पूछा की हमके भी अंदर आवे देहल जाव आपन नाक गरम करे के खातिर।
Let me tell you about Ronald.,हमके रोनाल्ड के बारे में बतावा।
Sir?,सरी परसिद्दू साहब?
Those people would come to our house often.,उ जन हमरे घरे आवत रहेनजा ।
Raju brought books.,राजू किताब ले के आइल।
I shall not go but I am invited.,हम नाई जाइब हालांकि हमके न्योता मिलऽल हऽ।
What a delicious flavour these mangoes have !,का इ आम के बढिया लगत हउए !
"I started eating an apple every day at lunch, but George, who loves his junk food, continues to eat chips.","हम दोपहर के खाना में एक सेब रोज खाए शुरू कई देहले हईं, लेकिन जॉर्ज जवन जंक खाऽल आपन चिप्स खाऽल।"
"The clown frightened the little girl, and she ran off screaming.","जोकर छोटकी लइकी के डरइलस, लइकिया चिल्लात भाग गइल।"
I knew who did it.,हमके पता हऽ इ के कइलस हऽ।
I called at your house yesterday but you were out.,हम तोहरे घरे बुलावे गइल रहलीं पर तू बाहरे रहऽल ।
How is your business going on ?,तोहार व्यापार कइसन चलत हव?
"Don't start. Everybody makes choices, you gonna have to accept mine.",हर केहू ना विकल्प बनावे शुरू होत हव सिरफ हमार हव स्वीकार करय खातिन
I don't want to lose it.,हम एके खोवलना चाहत हईं.
I want to play with my Dad but he is not fit today.,हम बाऊजी के साथ खेले चाहत रहलीं लेकिन ओनकर तबीयत आज ठीक नाई बा।
The shakespeare's book (Juliet Ceaser) represents the facts of life.,शेक्सपियर के किताब (जूलियस सीजर) जिंदगी के हर रूप के प्रतिनिधि हऽ।
This old man is sitting in Ram's office.,ई बुढा आदमी राम के ऑफिस में बईठल हवे।
"So, you've eight concubines?","त, तोहरे आठ रखौलिन हईं?"
"Part that counts, anyway.","जवन जरुरी हऽ, वइसे भी।"
"Ellen was calm after the accident, but Jane was very nervous.",इलेन घटना के बाद शान्त रहे लेकिन जेन भयभीत रहे ।
I felt tired but happy after the journey.,हमके थकऽल रहलीं लेकिन सफर से खुश हईं।
Who is she?,के हव ऊ?
Ram did his homework and exercise.,राम आपन होमवर्क और अभ्यास कइ लेहले हऽ।
Jennifer can't say enough.,जेनिफर भरपूर ना कइ सकतँ।
You can look.,तू देख सकत हवा।
Since when?,कबसे?
Being intelligent is not a sufficient condition for being a teacher.,बुद्धिमान् होना शिक्षक बने खातिर पूर शरत नईखे ।
Your son makes no progress in his studies.,तोहार लइका पढ़ाई में तनिको विकास ना करला।
How often do you go swimming?,तु केतना बेर तैरे खरतिन जात हउअ ?
Where have you sent your mother?,तु अपने अम्मा के कहा भेजले हउअ ।
You informed them.,तु ओनहन के बतावा।
The quality of the mangoes was not good.,आम के गुणवत्ता ठीक ना रहे ।
The match starts at 9 o' clock.,मैच 9 बजे शुरू होई।
"He's going through a really tough time right now, His Dad's really worried about him.","ऊ अब सही समय से चलि गयल हव, एक सव हव मुसकिल साधन, ओकर पिता बहुत चिन्तित रहलँ।"
I haven't seen Kumar this week.,हम कुमार के ए हफ्ता नाई देखली।
That's fine.,"हँ, उलमन!"
Not in this office not anywhere.,"येह कर आलय में नाहीं, कतों नाहीं! अब इहवाँ से जा।"
Will he teach us?,का ऊ हम लोग के सिखईहन?
Will you please purchase a ticket for me as well?,का तु किरपा कइके हमरे खरतीन टिकट ले लेबअ जइसन ठीक लगे ?
He didn't say that!,ऊ ई ना कहलँ?
I am as tall as her.,हम ओकरे जेतना लंबा हई।
Thus he was seriously injured.,ए प्रकार से उ बड़ा बुरा जख्मी हो गयल ।
Obtuse.,बुद्धू।
"Then would you agree to go to school? Tomorrow, Pelle? Huh?","त तुहँ कल स्कूल जायेके होई, पेले?"
Damn it!,अरे!
I won't let them. I'm going to end the Cullen clan.,हम काउन ना देबे कले नाव ओके नष्ट कइ देई
Has the teacher explained the tenses?,का ध्यापक काल के बारे में बता देने बाड़अ?
It is kind of you to help us.,ई तोहर महानता बा कि तू हमनी के सहायता कईलअ।
This is a museum that we visited last year.,ई उहे संग्रहालय हवे जेके हमनी के पिछला साल देखले रहनी सभे।
"Donald Cosgrove, Jeffrey Holcomb, and Alan Seagrave... to create a phony manpower study.","डोनालड कासगोरोभ, जेफरी होलकम्ब अउर एलन सीगरेभ.....एगो नकली जनसकती अधिअयन बनावे खातिन।"
Just a stranger.,हमके ओकर गंध पहचान ना हव
I got no choice.,हमके कवनो उपाय ना मिलल।
It was snuffed.,ई सनफड गयल रहल।
Is this pencil hard or soft ?,ई पेंसिल कठोर बा की नरम?
Get sugar from the nearest grocer.,पजरिए पंसारी के यहां से चीनी ले आवा।
"""As soon as possible?""",जेतनी जल्दी होइ सके’।
"After an infection, fluid may stay in the middle ear .","संक्रमण के बाद, मवाद काने के बीच हो सकऽल।"
No body has seen her smile.,केहूँ व्यक्ति ओकर हँसी न देखले ह ।
And Kesa?,अउर कइसन?
How did I know what?,हमके कइसे पता रहल?
I came to tell you that I found Indu.,हम त तोहसे कहअ आयल रहलीं कि हमके इन्दू मिलि गइल।
Did you buy a round trip ticket ?,का तु चारो ओर के यात्रा टिकट खरिदल ?
Was Rinki absent from class ?,का रिंकी कक्षा से अनुपस्थित रहुई?
Thanks.,धन्नबाद ।
I'll even mail them for you.,हम ओनके तोहरे खातिन भेजूं देब।
Radha came at 5.00 pm.,राधा पांच बजे आइल।
The salt merchant saw you.,नमक बेपारी तुहके देखले रहल।
We sold the books to raise money.,हमहन क पैसा जुटावे खातिर किताबन के बेच दीहली जा ।
My sister lives in Dubai.,हमार बहिन दुबई में रहे ले।
I'm not lying.,तू झूठ काहें बोल रहल हईं
Anu knows what is to be done.,अनु जान ताडी का करे के बा ।
Ninety three!,तेरानबे!
This story is false.,ई कहानी गलत बा।
Dad...,पिता जी....।
He is tense and the reason behind his trouble is the upbringing of the baby.,"भितरे ही भीतर ओके चिन्ता खात वा, और ओकर परेशानी क वजह मुन्ने क देखभाल वा ।"
Honey what's wrong?,हनी...का भयल?
"""Cattle Drive Mobile Log Cabins.""","""मवेसी डराइब मोबाइल पर बेस करे केबिन।"""
Point me where you started.,हमसे सुरू से बात आप कहाँ।
Merry Christmas!,हमार किरसमस
You have no sense.,तोहरे पास दिमाग ना हव।
I didn't think it was true.,हम नाई सोचत हई कि इ सही हऽ।
Can you use knife to cut the fruits?,का तु फल कटले मे चाकू के प्रयोग कर सकलअ ?
Oh my god! the way you are calling out Chaubepur again and again seems fishy.,अरे बाप रे तु त अइसे चौबेपुर – चौबेपुर कहत हवअ जइसे तोहार पराण ओहीजअ बा ।
It is not normal for this child to have fever.,ये बच्चा के बुखार के भईल सामान्य बात नईखे।
This is not the first time they do that.,इ पहिली बार ना हव उ अइसन ही करत हव।
We will do the work as well as we can.,जितन अच्छा कर सकब हमनि काम करब ।
At weekends I like to sleep late.,सप्ताहांत पर हमके देर से सुतल नीक लगऽल।
[Horn Blast],हारन विस्फोट।
"One day when Sasuee was asleep and brothers were revelling Punhoon's brothers""conspired to intoxicate him to the extent of unconsciousness.","एक दिन जब ससुई सूत गईल रहली भाई पुन्हूं के भाई सब के खुश करत रहलन त ""ऊ बेहोशी के सीमा तक ओ लोग नशा देवे के साजिश कईले रहने।"
I decided to throw a party.,हमके पारटी क फइसला करे खातिन एगो फेंक देत हवॅ
Can I learn Marathi ?,का हम मराठी सिख सके लीं?
Does her mother rest now?,का उनकर मम्मी अब आराम करिहन?
I can speak a little bit Sindhi.,हम थोड़ा बहुत सिंधी बोल सकी ल।
Do you have good novels ?,का तोहरे लगे बढिया नावेल हउए ?
[Screaming],(चीखिके)
Civilized. Strategic.,"सभ्भ, जुद्ध।"
Lots of peace and quiet.,बहुत सारी शांति अउर चुप्पी
Adherents of any faith are free to visit the temple and pray or meditate.,कइसनो चीन में विश्वास करे वाला के छूट ह कि उ मंदिर में जाके प्राथना या साधना कर सकेला ।
I only shouted in fun.,हम खाली मजे में चिल्लात रहलीं।
Can I select one boy for Marry?,का हम शादी खातिर एगो लड़का चुन सकेलीं?
Which is the famous petroleum pipeline of USA ?,अमरीका के सबसे प्रसिद्ध पाईपलाईन कउन स ह् ?
"All that we love, we will destroy.",हम पिआर करत हईं कि सभे....हम नास कइ देइब।
I have lived in this house for ten years.,हम इ घर में दस साल से रहत हईं।
Mohan kept silent initially.,मोहन शुरूआत में शांत रहलस ।
Ten students are under Ram.,राम के नीचे दस गो लइका हवें।
I have only one rupee.,हमरे लगे केवल एक रुपया हऽ।
Forget that there are places in the world that aren't made out of stone.,"भुला जा ओके, कुछ.... जगह हईं।"
The entire shop is in front of you.,कुल दुकान तोहरे सामने ब।
After the vote was taken the meeting broke up.,वोट लेह ल क बाद मीटिंग खत्म हो गइल।
Where is he now ?,अब उ कहां बाडन?
How many industries are you about to build?,तु केतना उधोग बनवले के बारे मे जानत हउअ ?
They can't get that from you.,ऊ तुहसे ई ना ले सकतँ।
"Eau de wolf, comin' up. - Run.",बुल्फ तइयार
The heat and humidity are supposed to climb.,गरमी अउर उमस बढ़े वाली हव।
I was bringing the guy coffee.,हम अकेलवँ काफी ले आवत रहलीं।
No medical help was available on the premises,परिसर के अंदर कवनों चिकित्सा के सुविधा ना उपलब्ध रहे।
Mary's sister promised Miss marple to behave herself.,मैरी क बहिन ठीक से रहे खातिर मिस मर्पल से वादा कइले हऽ।
I will not go alone.,हम अकेले नाई जाइब।
Orders from the house. Orders from the house.,घरे से अदेस।
"No. He will have a headache, and probably get a scar, but he will be alright.",ना ओकरे सिर में दरद होई अउर शायद एक निशान लेकिन उ ठीक हो जाई
Whose is this book?,ई केकर किताब है?
Koel was worried.,कोईल चिन्तित रहे ।
Tell me how old you are.,हमके बतावा तोहार उमर का हऽ।
Will you meet me tomorrow?,का तु हमसे बिहान मिलब ?
It's in the blood.,ये खून में हव।
We are not walking in the mountains.,हमहन क पहडे प ना घुमत गई जा ।
I am sad because my dog is ill.,हमार कुकुरा बीमार बा ऐसे हम दुखी हईं।
"Everyone says whatever you ask for from `` Dipasatti `` gets fulfilled, Why don ` t you make a wish.",सब लोग कहेला को दीपासत्ती से मागल मनौती हमेशा पुरा हो जाले तुहउ कुछउ मांग ल ना ।
[Fire Bell],(आग बेल)
All depends on Karim passing the exam.,सब के करीम के पास इंतहान पर निर्भर बा।
Your father is the man to help you in this matter.,ई मामला में तोहर पिता ही उ आदमी बाडन जे तोहर सहायता कर सकेला।
Why are you laughing ?,तु काहे हसत हउअ ?
God said that the serpent must crawl on its belly.,अपने पेट पर रेंगेगा...
How many blacksmith are doing their work?,केतना ब्लैकस्मिथ आपन काम कर रहल हऊवन ।
"Call him , your Bhauji has fallen down from the stairs , there is a lot of bleeding from the head , the situation is very critical.",तनि वोलाव त उनके तोहार भउजी सीढी पर से गिर गइली कपार से बडा खुन बहत बा हालात नाजुक बा ।
Today our T.V. was not working.,आज हमनि के टी।वी। काम ना करत रहे ।
The dog whose owner lives next door is over there.,जेकर कुत्ता मालिक अगले दरवाजे पर रहेला उ समाप्त ह उहवा ।
I was thinking about setting up some kind of trust fund for my kids' educations.,हम सोचत रहलीं....लइकन के पढ़ाई खातिन टरस्ट खाता क थपना के बारे में।
She had been watching the match.,उ मैच देखत होयीहन।
I am hungry.,हम भुखाइल हईं।
They will ask me.,उ हमसे पुछिंह ।
Ravi had no mercy at all.,रवि के कतई दया नाई हऽ
"Risk goes up, price goes up.",जोखिम के संहे कीमत उप्पर (जाले)
Ram forgot where his house was.,राम भुला गइऽल कि ओकर घर कहां हऽ।
I'm just going to bash your brains in.,हम बस तोहार भेजा तोर जात हईं।
And the repairs?,अउर मरम्मत?
"Albert Einstein, whom the world recognizes as a genius, was a high school dropout.",अल्बर्ट आईन्स्टाइन जेके दुनियाँ बड़ा बुद्धिमान मानेला उ दसवीं फेल रह ।
We don't know.,हम ना जानत
Give me that.,हमके दा।
"I waited for him for two hours, but he did not come.",हम ओकर दुई घंटा इंतज़ार कइलीं पर उ नाई आइऽल।
Is he going to answer the question?,का उ सवाल के उत्तर देवे जात हाउए ?
Did they mind ?,का ऊ लोग ध्यान देहल?/ का ऊ लोग के बुरा लागल?
"The king, fearless and resolute, at once advanced.","राजा, बेखौफ, दढ़ और एक बार में आगे बढ़े वाला हऽ।"
We ate the sweets which my mother had bought.,हमहन क मिठई खईली जा आम्मा खरिदके ले आईल रहे ।
I saw Bill there last week.,हम बिल के पिछले हफ्ता देखले रहलीं।
I will pay the bill.,हम बिल देऽब।
My daughter wants two sarees.,हमार बिटिया दुई साड़ी चाहतिया।
Who is it?,के हव?
What was the similarity between him and the narrator?,ओकरे और कथावाचक में काव काव एके जइसन ब।
Abro was martyred.,अब्रो शहीद कर देवल गयिल रहे ।
Brian McCaffrey.,बरायन एम सी केफरे।
How has man disturbed it?,आदमी कइसे एक छेड़ देहलस।
Did I go to the supermarket ?,का हम सुपर बाजार जाईब?
I'll come with you.,हम तोहरे साथे आइब।
Alice wrote the letter and posted it.,अलीस पत्र लिखलस आ ओके प्रेषित कईलस ।
"Till now no man there has lived beyond 30 years, to them death is just another play.","अबहिन ले उहवाँ क कवनहूँ मरद 30 साल ये जियादे ना जी सकल हव, मउत येनके खातिर एक दुसरे के खेल जइसन हव।"
Lasse sews my clothes.,लेसे हमरे कपड़ा क मरम्मत कइ देता हव।
It's Uncle Brian.,इ चाचा बरायन हव।
This way the crocodile was brought on the coast.,ए तरह से मगरमच्छ के नदी के किनारे लियावल गईल।
"Come on, don't be such a guy.",इस तरह के एक अदमी को मत करा।
What did they fight each other for ?,उ सब काहे बदे एक दूसरे से लड़ेला?
"As regards the governor's recommendations, we plan to act on them soon.","राज्यपाल के सिफारिस के संबंध में, जल्द से जल्द काम करे खातिर हमनी के योजना बनावत बानी जा।"
Who knows how they take care of them.,के जाने ऊ कइसन खिआल रखत हवँ।
I've only been there once.,हम उहां एक बार रहली।
Ram has only one building.,राम के लगे केवल एक बिल्डिंग हऽ।
I love discovering new places and new people.,हमके नई जगह नए लोगन से मिलेक नीक लगऽल।
Sasuee confided that secret of her heart to her friend.,सैसुई अपने दिल क बात अपने दोस्त के बतावे खातिर तैयार हो गइऽल।
No one is promoted to a higher class unless he is examined.,जबतक परीक्षण ना होई तब तक केहु भी अगला वर्ग में ना जाई ।
Winters here vary as they do elsewhere.,इहां ठंडा बड़ा अलग और जगहन से।
Anu will give the book to the girl who is standing there.,अनु उ लईकीके किताब् देहियें जे ऊहं खडी बाडी ।
Keep tarring.,काम करत रहा।
Great.,बढि़आँ
"Mother tried hard to persuade my uncle, but he did not stay.","माई चाचा के मनावेक बहुत कोशिश कइलस, लेकिन उ रुकलें नाई।"
Monitor on.,लेकिन निगरानी।
Did she watch the match?,माँ ऊ मैच के देखली?
Can you take me to the train station ?,का तु हमके टेन स्टेशन छोड सकल ?
Will you go ?,का तू जईबअ?
"If that name is gonna come from my office,",हम एके अपनहीं होखल चाहत हवँ।
He has been stung by a scorpion.,उ बिच्छू के मरले से मुरझा गइऽल।
Everybody all right?,सब ठीक हव?
Ram thought that the house was mine.,राम सोचलस कि घर हमार हऽ।
There is a book.,उहाँ एगो किताब बा।
There are the good rules to live by.,रहे खातिर बढ़िया नियम हऽ।
"Mr. Bartel's fitness report, his I.D. 44, endorsement from his section warden.","सिरीबरटेल क सोस्थ परमान पत्त, आपन पहचान पत्त अपने बिभाग अपसर से 44, बेचान।"
You mustn't say that!,तुहँ अइसन ना कहे के चाही।
Nothing could be found in the house.,ये घर में कुछु ना पावल जा सकेला।
Look who it is.,मिस सिग्ने...।
Who are you trying to flatter here ?,तु यहवा के चापलुसी खरतिन कोशिश करत रहल हउअ ।
I was being taken to prison by my captors.,बंदी बनावे हमले जेल लेके गइल रहऽल।
The storm will continue through the day and the Weather Service has declared a stockman's and traveler's advisory for all areas outlying the Denver metro region.,चारली: तूफान जारी रही दिन भर अउर मउसम सेवा मे..एगो पसुपालक अउर जतुरी सलहकार क घोसना कइले हव।
"Got it, Cap?",ई ढकना मिल गयल?
Not yet.,अबहिन ना।
How many doctors do not treat?,केतना डाक्टर उपचार ना करेलन ।
People intervene.,लोग दखल देहलें।
I am not going to India.,हम भारत नाई जात हईं।
Why are you so against me becoming like you?,जइसे तू काहें कइ रहल हव तो कइ हवा हम प्रोटविस?
You are a beautiful girl.,तु एक सुन्नर लइकी हउ।
Perfect for a child.,एगो लइका खातिन बेलकुल सही।
Will Oei pick me?,का ओएई हमें चुनीं।
Do not know how. -,कइसे पता ना हव।
You deserved to pass.,तु पास के लायक होब ।
"I mean, maybe Danny made a mistake.",का तुहके एकीन हव कि ऊ सही कमरा रहल
What jobs?,कवन काम?
Who is the singer of today ?,आज के गायक के हऽ ?
"Few days back, I had gone to Pune for Professor ` s conference, I met Prof.S.S. Chaudhary there.",पिछला दिने प्रो० के कान्फेन्स की खातिर हम पुना गईल रहली उहा हमार मुलाकात प्रो० ऽ.ऽ चौधरी से भईल ।
"Impressive, huh?","परभावसाली हव, हव ना?"
This work is very difficult.,ई काम बहुते कठिन बा।
Show me the knife that you have bought.,हमके उ चाकू देखाऽव जवन तू खरीद के लाइल हउवा।
It's homey.,ई घर हव।
Somebody has stolen my pen.,केहूँ हमार कलम चोरा ले ले बा ।
Who is it?,उहवाँ के हव?
You have written a letter.,तु चिठ्ठी लिखला।
"Danny, mind what I say.","डेनी, धिआन दा हम का कहलीं।"
Ellis Boyd Redding your files say you've served 40 years of a life sentence.,एलिस बॉयड रेडिंगा तुहार फाइल कहेले कि तु 40 साल काट लिहले हऽ।
Had you carried a box?,का तु बक्सा ले जा चुकल बाडअ ?
Antibiotics do not work against hepatitis .,रोगप्रतिरोधक दवा हेपटाईतस बदे फैदा न करी ।
"I didn't want to be in a pack, let alone be it's their leader.",हम जारी कइले हई कि हम अल्फा जात रहल हम? यूपोरू कबों ना चाहत में कयल जाये क हव
Hey. - Charlie said you left town.,चारली कहलअ कि तू सहर छोड़ दिहला।
Which is the house?,कवन घर ह ?
Rajni likes only laughing people.,रजनी के खाली हंसमुख मनई नीक लगे ल
The boys are ready.,लईके तइयार हउए ।
Under existing conditions railway travel is expensive.,आज के स्थिति के अनुसार रेलवे के किराया महंगा बा।
They were flying kites.,उ सब पतङ्ग उड़ावत रहे ।
He saw it on the television.,ऊ टलीबीजन पे देखल
I do not know whether he is innocent.,हम नाई जानीऽल कि उ बेगुनाह हऽ।
It's funny.,ये हास्यास्पद हव।
How far is Indore from Khandwa ?,खन्डवा से ईन्दोर केतना दूर हवे?
Keep the matter to yourself.,मामले के खुद तक रखिहा।
"Believe me, I wanted to be.",करलिसल रक्त पावल हमे लोहबान हमें
Ravi was beaten and started laughing.,रवि पिटाइल और हंसे लगऽल
Has she been brushing her teeth?,का उ अपने दाते के साफ कई भइल रहली हई ?
"I have taught hundreds of students, but I never met such a hopeless class as this.",हम सौ से ज्यादा लइकन के पढ़इले हईं लेकिन हमके अइसन बेकार कक्षा नाई मिलऽल रहऽल।
Roshan had seen Mohan in the market.,रोशन मोहन के बाजारे में देखले रहऽल।
When do you intend to pay me ?,तु हमके कब वापस करबा।
"Bob is handsome, moreover, he is rich.",बॉब अमीरें से ज्यादा सुंदर बाड़ें।
I looked up and down the corridor.,हम गली में ऊपर नीचे देख लेहलीं।
We were not walking in the mountains.,हमहन क पहाडे में ना घुमत रहली जा ।
Did you pass class VI last year ?,क तु पिछले साल कछा छ: पास कलअ ?
Does he propose you?,का ऊ तोहके इजहार कईलन?
Carl waited until his soup was cool enough to eat.,कार्ल तबतक प्रतिक्षा कईलस जबतक पूरा तरिका से ओका सूप खाये योग्य न भइवे ।
Did Marry come here ?,का मैरी इहां आईहां?
The man cut down the tree.,आदमी पेड़ काट देहलस।
I have not invited anyone.,हम केहू के नाई बुलइले हईं।
I have to cut short my hair,हमके आपन बार कटवा के छोट करावेऽक हऽ।
Did he just leave for the market ?,का उ बजारे खरतीन खाली छोड़ने ?
The man has been caught.,आदमी पकड़ा गइल।
Bull!,सिपाही!
"What ` s the matter Tuffy! First flowers and then chocolates, is it a special day today?","का बात हऽ पहिले फूल फिर चाकलेट , कवनो खास दिन हऽ का ।"
"Hey, buddy.",अरे दोस्त।
I promised I’d ﬁnish for Christmas.,हम वादा कइलीं हऽ कि क्रिसमस तक खत्म कई देब।
Does he have a fever?,का उनके बुखार बा?
Will he not do it again?,का उ एहके फिरसे करीहे ?
I'll testify myself.,हम खुद गवाही देब।
I want to live a little longer.,हम थोड़ा अउर जीअल चाहत हईं।
How many sarees did you purchase ?,तु कय ठे साड़ी खरीद ला?
"Sure, Andy. Anything.",कुछहू।
Do you know his address ?,का तोहके उनकर पता मालुम बा?
You will reach the station within ten minutes.,तु दस मिनट के भीतर स्टेशन पर पहुच जइब ।
They hadn’t been working hard.,ऊ लोग मेहनत ना करत रहे।
Everybody should know English.,सबके अंग्रेजी आवे चाही।
Sindhi is easier than the English language.,सिन्धी अङ्ग्रेजी से ज्यादा आसान ह् ।
My brother has eaten frogs' legs three times.,हमार भाई मेघा क टांग तीन दांयी खइले हऽ।
Thank you.,धन्नबाद।
What is the Cup Final?,कप अन्तिम का हऽ ?
I slept all morning.,हम भिन्हिए से सूतत हईं।
A month.,एक महिन्ना!
Go I say!,हम कहत हईं जा!
It's easy for us. I think it's dangerous for us to be apart.,"इ आपके खातिन खतरनाक कहव, इ हमरे खातिन असान हव"
Are there some good theatres at your place ?,का तोहरे यहा कुछ बढिया सिनेमाहाल हउए ?
The shirt needs washing.,बुशैट धोए लायक हो गइल बा।
"Coming to play with us, Durga?",हमरे संघे खेलें अइबू दुर्गा?
Lots of ideas.,बहुत ढेर बिचार।
How are your mummy and papa ?,तोहार माई बाऊ कइसन हवन?
Roshan has come.,रोशन आ गइल।
"All right, take them away.",ठीक हव लेइ जा।
In anticipation of sanction I have issued the order.,मंजूरी क इंतजार में त आदेश देहले हईं।
"You already lost your bike, stupid!","तू आपन बईक खो चूकल हवा, बेकूफ!"
We must get up early.,हमहन क जल्दि जागे के चाही।
They could work.,ऊ लोग कर सकेला।
The foreman says-- He says you're making too much noise!,परबंधक चाहत हव तू चपरहा।
"He would have bought it, Helen.","ऊ हेलेन, ई खरीदले होई।"
"If Mohan comes, tell him that I am not at home.",अगर मोहन आयी त कह दिया कि हम घर पे नईखे ।
The dog growled at John.,कुत्ता भागल औरी कुद गईल ।
My sister doesn't like films.,हमरे बहिन के पिक्चर नाई पसंद हऽ।
So far...,अब तक
You aren't going out.,तु बहरे नाई जात हउअ ।
The man near me is my brother.,हमरे लगे हमार भाई हऽ।
What a contrast to his brother !,का उनकर भाई सामने बाने!
They are building hospices.,उ लोग धर्मशाला बनवावत बान ।
"[Dispatcher] Hello, 51.","(डिसपेचर) हेलो,51।"
Does Ram have to buy something ?,का राम के कुछ खरीदेऽक हऽ।
The rich farmer has lost two sons so a ceremony is out of the question now ut don't worry,अमीर किसान दुइ बेटवन के खोइदिहलअ त समरोह क सवालअ ना उठत तू चिन्ता जनि करिहा।
Some boys were helping the wounded man.,कुछ लड़का घायल आदमी के सहायता करत रहन ।
I'll give you overheating'!,हम आप ओभरहिटइन दे देबा!
"Hurry up, Don ` t waste the time, we have to appear in the police station for attendance.",जल्दी करअ-2 समय वरवाद मत करत पुलिस स्टेशन में हाजिरी देवेके बा ।
I ate breakfast before I went to work.,काम पर जाए से पहले हम नाश्ता कई लेहलीं।
I go to work at 9 o'clock.,हम 9 बजे काम पे जाइऽब।
"Yes, they have gone today morning at seven o' clock itself.","हां, उ लोग खुदे आज सुबह सात बजे चल गईलन।"
"Pelle, look.",देखा का हव
Big Man.,बिगमैन
The counsel rose to address the court.,वकील रोज़ कोर्ट से कहऽलं।
Teeth of your grandmother the devil are they?,तोहरे दादी के दाँत नकली हवँ?
There will be another fast mice.,एक बच्चा अउर जल्दी ही आ सकत हव।
It has just two appointments marked for August 11-10.30 a.m.,11 अगस्त खातिर दू गो अप्पाईण्टमेण्ट बा 10।30 बजे सुबह खातिर ।
This is a Sindhi class,ई सिंधी के कक्षा हवे।
Neither accusation is true.,इल्जाम सही ना ह ।
"To be married, with a nice house and a husband... to kiss me when he came home.",जवन खुद की आगमन होई पर हमें चुंबन घर परिवार
"The factory turns out 20,000 lbs of cloth a day.","एक दिन में ई फैक्ट्री से 20,000 lbऽ कपड़ा तईयार होला।"
"Good luck for some, bad luck for others.","कुछ खातिन भागि नीक हव, दुसरन खातिन दुरभागि"
No one can be expected to submit for ever to injustice.,कबहूँ अन्याय के पक्ष में एके प्रस्तुत करेके केहूँ से अपेक्षा न कईल जा सकता ।
"But you know, his mother, the wife of my son ...","लेकिन तूँ जानत हवा, ओकरे भाई हमरे बेटा क मेहरारू।"
The demon ate the rice with the goat.,राक्षस बकरी के साथे भात खा लेहलस।
My wife plays golf.,हमारी मेहरारू गोल्फ खेले ल।
Ravi fed Nina bread.,रवि नीना के डबल रोटी खियइलस।
Whose book is this ?,ई केकर किताब हवे?
Where will you go ?,तु कहाँ जाबा?
What do you feel in teeth ?,तु दातवा मे का महसुस करत हउअ ?
A man did this.,आदमी अइसन कइलस।
Hearing this Bahaudin's elder Khalifa Sheikh slept on the Guru's cot.,ई सुनके बहाउदीन के बड़ खलीफा शेख गुरु के चारपाई के सुत गईले।
"Basically Nisha Jee, whenever we have met we have always fought,nothing could be better than flowers to increase the recognizance.","निशा जी. जवहमहन क मिलक हई जा झगडा कईला जा, फूल से वदिया और अच्छा का उपाय बा इ पहचान आगे वढवले क"
You go to Ajmer.,तू अजमेर जाला।
You can still conquer the whole world.,तू परी दुनिया के जीत सकत हवा
I had gone to watch a movie.,हम फिल्म देखे गइल रहलीं।
Columbus made an egg stand on its end.,कोलम्बस अण्डा बनईलस औरी ऐकरा अंत पर खड़ा हो गईल ।
"You know, it's two out of three marriages end in divorce.",अन्त में बिआह क तीन बहरे दुई तलाक क पता हव कि !
There are special dreams that will never die.,कुछ दूध फाड़ल गईल रहे ।
IS Sarita really bored with her studies?,का सही में सरिता अपनी पढाई से उब गईल रहली?
I know him from school.,हम ओके स्कूल से जानीऽल।
That one?,अउर ई?
You will have to eat your words.,तोहके आपन शब्द वापस लेव के पड़ी।
Which pullover do you want?,तु कवन सुइटर चाहतडअ ?
"We'd have taken chaperoned strolls, or had iced tea on the porch.",हम अनुरक्षरण रहल के खातिन चला गयल बरामदे पर चाय पिय चलत जाई।
We should profit by experience.,हमहन क अनुभव से लाभ लेवे के चाही ।
What did Rakesh say to Raju?,राकेश राजू से का कहलस।
You must have enjoyed in the exhibition.,तु नाइ जानत हउअ कि स्कुल के का समय हउअ ?
Really.,सचमुच।
"Though the waves are raging white, I'll row you over the ferry.","हालाँकि लहर सब बहुते सफ़ेद रहे, हम आपके दूसरी जहाज से पहुंचा देब।"
Christine decorates her home.,क्रिस्टीन आपन घर सजावत हिय ।
It'll have your name on it--,अउर अपनी खुद की नैपकीन छल्ला अपने नाम के संहे।
How did the elder hand over the packet to the landlord?,बुजुर्ग कइसे मकान मालिक के पैकेट दे देहऽल।
"If I go to Leipzig, I'll visit the zoo.",अगर हम लेप्जिग जायब त जू जरूर जायब् ।
Have you played cards?,का तु ताश खेल चुकल बाडअ ?
What are you seeking ?,तु का खोजत हवा?
This house is to let.,ई घर किराए पर बा।
You will find him very sensible.,तु उनके भहुते समझदारी से पइब।
Ghora.,गोरा।
What do you want me to do?,का तू हमके का कयल चाहत हवा?
Hey goose!,हे मुरगी!
Will he be the next PM of India?,का उ भारत के अगला प्रधान मंत्री होईहे ?
Ram has arrived home at 5 O' clock in the evening.,राम सांझ के 5 बजे घरे पहुंचऽल।
Let's get him some rocks.,चला ओकरे खातिन कुछ पाथर एकट्ठा करीं।
How many children are not going for a picnic?,केतना बच्चा पिकनिक के ना जा रहल हऊवन ।
Ravi and Radha are engaged.,रवि और राधा क सगाई हो गइल
"We have an office door for Cosgrove... and, oh, an '87 Porsche for Seagrave.","हम कास गरोभ खातिन एगो करिआलय दरवाजा हव....अउर, ओह, सीगरेभ खातिन एगो ‘87 पॉस’।"
I live in Jaipur.,हम जयपुर रहीं ल।
I have never known him to be angry.,हम ओके कभौ गुस्सा में नाई देखली।
God is the master of all.,दैऊ सब कर गुरु हवैं।
Sachin Tendulkar is the best batsman in the world.,सचिन तेंदुलकर दुनिया क सबसे बढ़िया बल्लेबाज़ हऽ।
Let's go.,चला चलत हईं.
Sheila has listened Ramayan.,शीला रमायन के बात सुनली हऽ।
"You give your word on that, do you, Mr. Torrance?","बादा करा येकर, का करत हवा, सरी टॉरन्स?"
At what time will you get up ?,तू कय बजे उठला।
Once upon a time king Rai Diyach used to rule in Junagadh.,एक बार एक समय राजा राय दियाच जूनागढ़ में शासन करत रहलन।
And I also believe that if things had gone on that way this place would have got the best of him.,अउर हमके ईहो लगत हव की अगर अइसहीं चलत रहत त ओकर सगरो खूबिअन खो जात।
"Mr. Dufresne, describe the confrontation you had with your wife the night she was murdered.","सिरी डुफरेन, हत्या के राती में हरारू से टकराव क बखान करँ।"
I want to change this.,हम ऐके बदले चाहत हई।
Treasure?,खजाना?
Did she break the window ?,का ऊ खिड़की के तोड़ देहली?
Didn't you like the film?,का तु फिलम पसन्द नाइ करल ?
Went through one of your competitors.,हमके तुहरे लाग लगावअ वालन से होइके जायेके रहल।
Who has broken the vase?,घट के तोड़लस?
Smoking is prohibited here.,यहवा सिगरेट पियल मना हउए ।
This dish feeds four people.,ई भोजन से चार लोग के पेट भरेला।
It was about a man.,ई सब एगो आदमी के बारे में रहे।
You all right?,"हूँ, तू ठीक हवा?"
What do you mean?,का मतलब?
Somebody always breaks down crying.,कवनो न कवनो त हमेसा रोवत रोवत टूटि जात हईं।
Ram or Hari must lend his hand.,राम और हरी हाथ मिला लेहें।
Milton did not educate his daughters in the languages.,मिल्टन अपने लइकिन क भाषा नाई सिखइलस।
Your eyes are yellow.,तोहार आँख पियर हव।
It's Brooks.,ई बरुकस हव।
Was Grandmaa in the garden ?,का ईया बगईचा मे बाइ ?
Out here?,इहवाँ बहरे?
Didn't I see you take something?,हम तोहके कुछ लेत ना देखलीं का?
There is a way too.,उहाँ एगो रास्ता भी बा।
Rohit avoided Sudha and passed in front of her.,रोहित सुधा के नज़रअंदाज कइलस और ओकरे समनवे से गुज़र गइल।
Pratap Varma.,परताप बरमा।
Now that is wrong.,अब ई गलत हव।
17... my company.,17...हयार कम्पनी।
"This wasn't cheap, was it?","ई सस्ता ना रहे, का ई सस्ता रहे?"
Raka kept reading till three o’clock.,राका तीन बजे तक पढ़ते रहि गइल।
Rama may not be clever but he is certainly industrious.,रामा होशियार नाई हो सकऽल लेकिन अचानक मेहनती हो गइऽल हऽ।
"We're old friends, I know him as good as anybody.","हम लम्मा समे से दोस्त रहलीं, हम ओके अच्छी तरे से जानत हईं।"
I am never late for my office.,हम ऑफिस कभौ देर से नाई जाइऽल।
My friend is going to Europe.,हमार दोस्त यूरोप जात हऽ।
This is a boy I saw in class yesterday.,येही लड़का के हम कल कक्षा में देखले रहीं।
My sister is very innocent.,हमार बहिन बड़ी मासूम हऽ।
"A real good idea, Karna.","कर्ण, हम हाल ही में सोचत रहलीं।"
You want trouble? I could report you to the manager.,देखा हम परबंधक को रिपोर्ट ना करत हई।
In which states of India have established Sindhi Sahitya Academies ?,सिंधी साहित्य अकादमी कौने राज्य में बा।
The same reason he hung his fantasy girlies on the wall.,एही कारन ऊ देवाली पे अपने सोच क लइकिअन टॅङलअ।
We will write.,हमहन क लिखेके ।
How long?,केतना?
I have a cricket bat.,हमरे लगे बल्ला हऽ।
He wanted to meet you.,ऊ तोसे मिल चाहत रहलँ।
"Tim, get the hot spots.","टिम, हॉट स्पॉट मिलत हव।"
Much depends on Rama's returning before noon.,रामा के दोपहर ले लौट पर ब।
How many peons do work in this school?,ई स्कूल में कगो के चपरासी काम करेलन?
Someone we know?,केह ना हम अजनबी
You have come here after a long time.,तु इहाँ भुत दिन बाद अइला।
Hey! I have heard that the bride has cooked yummy halwa today.,अरे सुनली हें बहुरिया आज बढा बढिया हलुआ बनवले रहल हीय ।
Rama called his cousin liar.,रामा अपने चचेरा भाई के झूठा बतावऽल।
All right!,ठीक हव!
"Little pigs, little pigs, let me come in.","छोटका सुअर, हमके भित्तर आवेदा।"
"I have heard that Marathi, Gujarati and Sindhi languages are being taught in this Centre.","हम सुनलीं हऽ कि मराठी, गुजराती और सिंधी भाषा इ केंद्र पर पढ़ावल जाऽल।"
I'll go to home.,हम घरे जाइब।
"If he had been careful, he wouldn't have had an accident.",अगर उ ध्यान देले रहतन त दुर्घटना ना होय़ीत ।
How were they jumping through a fire-ring ?,उ सब आग के रिंग में कैसे कूदन ?
The girl sprinted after the tiger.,लइकी बाघ के बाद बहुत तेज दउडल ।
I fear that is the only thing to do.,हमके डर हव....की ईहअ करेके होई।
I hope she won't be there.,हमके लगऽत उ उहां नाई होई।
You have two days and I have three days !,तोहरे लगे दू दिन और हमरे लगे तीन दिन हउए ।
There was none for you.,तोहरे खरतिन कुछ नाई ।
"Besides having a salary, he also has a private income.","वेतन लेहला के अलावे, उनकर आपन निजी आमदनी भी हवे।"
The teachers are in the lobby.,गुरुजी लोग लॉबी में हवें।
I have saved all my books for my brothers.,हम अपने भाई से आपन कुल किताब बचा लेहलीं।
I enjoy college because I like to study literature and I like that better than history.,हमके कॉलेज में मजा आइल काहे से कि हमके साहित्य पढ़ब नीक लगऽल खास कर इतिहास से ज्यादा नीक।
Board of Education.,छिछा बोरड।
Alright Bahu! It is your responsibility from now onward to search a bride for him.,चल बहू आज से इकरी खातिर दुल्हन देखले क जिम्मा तो ।
Do you have black polish ?,का तोहरे लगे करिका चमकउआ हउए ?
Will you have done it?,का तु इहके कइ लेबअ ?
That ain't him.,ऊ ओके ना हव
Does he know that you love him ?,का उनके ई पता बा की तू उनका से प्रेम करेलू?
Everything's changed.,सब कुछ बदल गयल हव ।
I may not come for this marriage.,हम इ शादी में नाई आ पाइऽब।
You must be hungry ?,तु भुखाईल हउअ ?
We'll make up a bundle for you. You can have two of my shirts.,हम तुहरे खातिन एक बंडल बनवले हई।
"If he can, do you think he will help us?",यदि उ कइ सकल का तु सोचत हउअ कि उ हमार मदद करिहे ?
Then I saw my husband rise to heaven.,अकास अउर समुंदर मिल गयल।
I am sick.,हम बीमार हईं।
"Confidentially, I hear the governor is resigning.",चुपके से हमर के पत चलल के राज्यपाल इस्तीफ़ा देव ता ।
Eat.,खा ला।
Will you kindly send me any more information you get on the matter?,का तू हमके एह मामला से जुड़ल अउरी कवनो सूचना भेजबअ जवन तोहके मालूम होखे एह विषय के बारे में?
The bottle broke.,बोतल टूट गइल।
We were flying above the clouds.,हमहन क बादर में उडत रहली जा ।
"I agree to your proposals, for I think them reasonable.",हम तोहरे प्रस्ताव से सहमत हई हमके लगऽल सही हऽ।
You're right.,सही में।
Got bald at young age.,भरल जवानी में गंजा हो गयल
When are aunt and uncle coming ?,चाचा और चाची कब आवत हवें।
My predecessor in this job...,उलमन : खयर...
You see Dufresne's name there?,इहवाँ डुफरेन क नाँव देखत हवा? हँ।
I had already seen it.,इ हम पहले देख चुकल हईं।
When does this shop close ?,ई दूकान कब खुले ला?
Why didn't you say anything ?,तु काहे नाइ कुछ कहल ?
Lord Krishna?,भगवान कन्हइया?
My brother is weak in mathematics.,हमार भाई गणित में कमजोर मनाव ल।
What is the news today ?,आज का खबर हऽ ?
I was assigned to this office by the city.,हमके सहरे से येह करयालय के सउँपल गयल रहल।
Who bought what ?,के का लियईलस?
We sailed down the river.,हमहन क नदी की निचे से चलली जा ।
But loses everyday in basketball with Anjali Sharma.,लेकिन अंजलि शर्मा से बास्केटवाल में रोजे हारे ला ।
"As I am poor, I am not dihonest.",जइसन हम गरीब हउए हम बेईमान नाई हई।
Have you brought any story books for me ?,का तु हमरे खरतिन कौनो कहानी के किताब खरीद भइलअ ?
"Almost finished, counselor?",करीबन खतम सलाह देवइया?
These are dates.,इ सब तारीख हवे।
"Uh, but think of the authorities.",लेकिन अधिकारी कऽ बारे में सोचा।
"It became stronger, didn't it?' -- 'Yes it did.'","ई मजबूत हो गईल बा, हो गईला कि ना?-- 'हां ई हो गईल बा।'।"
I was not well that's why could not come to your home.,हम तबीयत नाई ठीक रहल ऐहि से तोहरे घरे नाई आ पवलीं।
Can you copy this note?,का तु इ नोट के नकल कइ सकलअ ?
I like her more than her husband.,हम ओके ओकरे पति से ज्यादा पसंद करील।
Where is the bicycle fellow?,सइकील वाला संही कहवाँ हव?
Just fixing' my roof.,बस फिकसिन हमार छत ।
Raju took away the books.,राजू किताब ले गइल।
The air ran out.,हवा बहरे भाग गइल।
I am Bengali and he is Oriya.,"हम बंगाली हुई, उ उड़िया।"
The weather has suddenly become so pleasant as the talk about your marriage began.,आज आपकी पियाह की बात का चलक मौसम त जादू कर दिहलअ ।
The mother asked her boy where he had been all the afternoon.,"माई अपने लइका से पूछलस, पूरी दोपहरिया कहां रहल।"
If she wasn't afraid of flying she wouldn't have travelled by boat.,उडे से न डरती त नाव से यात्रा न करती ।
I wash my hand of the whole matter.,पूरा मामले से हम हाथ खींच लेहलीं।
"Should they arrive late, there will be no one to receive them.",अगर उ लोग देर से अयिहें त उनका लेवे खातिर न रहि कोई ।
I'm sure he'll be himself again in the morning.,हमके एकीन हव की ऊ ठीक हो जाई सुबह में।
Saint Kawarram used to perform Sindhi folk arts knowns as 'Bhagati' in villages and cities and used to sing the songs of Gods in his sweet voice.,"संत कंवर राम अपने मीठ आवाजे में भगवान क भजन गात रहऽल, और अक्सर सिंधी लोक कला देखावत रहलें, गांव और शहर में जे के भगती कहल जाऽल।"
They were wheeling round and round.,उ लोग गोल गोल घूमत रहें ।
Recently he has been giving himself airs.,तत्काल में उ अपना के हवाई क्षेत्र में दे देले बाड़न।
Ajay suddenly came in and sat down.,अजय अचानक अयिलन और बईठ गयील ।
Give me a pen.,हमके कलम द।
Can you clap on this occasion?,का तु ये अवसर पे थपडी बजा सकलअ ?
Scared of nothing here.,"नाहीं, इहवाँ के कवनहूँ चीज से ना डरींला।"
I can fly over stars...,हम सितारन के उप्पर उडि़ सकत हईं...
It's the price you pay... yielding your heart to the wrong man.,अउर काँहे की हम केवल एक आदमी से प्यार करति हई।
He is Bhairava.,ऊ हव भैरवा।
"Oh!Don ` t feel shy in front of me, look when a girl comes of age her mother doesn ` t remain her mother, becomes her friend.","ओह! हमसे अब का छुपावल, देखु जब लईकी सयान हो जाले त ओकर माई, माई ना सखी बन जाले ।"
Send me the gun and I will mend it.,हमके बंदूक भेजा हम सही कई देब।
Which of the pictures do you like best?,कवन फोटो तु सबसे ज्यादा पसंद कोल ।
Did I defend my point of view?,का हम अपनी नजरिया के बचाव कर सकेलीं?
How were the boys useful to the narrator?,लईकन के कहल सुनल कहा उपयोगी रहल ।
Are you joking ?,का तु मजाक करतड ?
I want wheat.,हमके गेहूं चाही।
I fed him a mango.,हम ओके एक आम खिएइलीं।
I tell you where I'd go.,हम तोहके बतावत हईं हम कहवाँ जाइब।
Who did you take to the airpot?,तु केकरा के हवाईअड्डा से ले आऊवा ?
Ram had gone to Bombay that's why did not go to friend's marriage.,राम बंबई गइल रहल एहि से दोस्त के शादी में नाई गइल।
Not me.,हम नाहीं।
I'll get to you later.,हम तुँहसे बाद में मिल जाइब।
That's what he left me.,ईहअ ऊ हमके छोडि़ गयल।
From where will I get train ticket ?,हमके ट्रेन के टिकट कहां से मिली।
Did you do your homework ?,का तु अपने घर के काम कइ देहले रहल ?
I have smoked.,हम सिगरेट पीयलीं।
We are eating apples.,हमहन क सेव खात हई जा ।
I was a teacher.,हम मास्टर रहलीं।
I am always your slave.,हम हमेशा तोहार गुलाम हई।
I fed them a mango.,हम ओके आम से नहवा देहलीं।
What is Australia's national food?,अस्ट्रेलिया क राष्ट्रीय फल का हऽ?
I have prescribed the medicines.,हम दवाई लिखवा लेहले हईं।
Mr. Ram Lal subscribed a handsome sum to the Flood Relief Fund.,मिस्टर रामलाल बाढ़ राहत कोष में बढ़िया पइसा देहल।
It was some time before I realized the truth.,कुछ समय पहिलहि हम सत्य के जान गऊवीं ।
Can you wake up early in the morning?,का तु सबेरे मे जळी जग सकलअ ?
Did you get married ?,का तू शादीशुदा हवा?
I am interested in the matter.,हमार ए मामले में रूचि हऽ।
Admittance was refused him by the Durban.,परवेश रोक देहल गयल ओकर डरबन के द्वारा।
Bullshit!,"ओह, बकवास!"
"It Tatsuhei de ""home of the strain.""",ई ‘तातसुहेई’ हव।
"Weird blast, though, like that other guy... who went through the windshield of his own car.","अजब धमाका, हालांकी, की दुसरे अदमी जइसन अपने कार क बिंडसील्ड के सहारे चलि गयल।"
Will you close the window please?,का तु किरपा कइके खिडकी बन्द कई देब ?
I don't buy it.,बिश्वास ना हव?
"Suddenly, the big fish broke the line and got away.",अचानके एगो बडा मछली सीमा के तोडलस और चल गयील ।
Uma ate a sour mango.,उमा खाट्टा आम खईलस।
Can you prove you're not a yellow belly? - Yeah. I'll jump in that water!,तू पानी में कुदे क हिम्मत नाही करा।
You clicked the photo.,तु फोटो खिचला।
Will he not give up his bad habits?,का ऊ आपन गलत आदत ना छोड़ीहें?
I just can ` t understand how can anybody spend his whole life with only one person.,हम त इ बुझी ना पाईला की लोग एक ही आदमी की संघे पुरा जिनगी कैसे बिता सकेलल ।
Can advance booking be done for tomorrow ?,का कल खातिर अग्रिम बुकिंग कईल जा सकेला?
Ajanta is a little far from our village.,अजानता हमनि के गांव से तानि दूर ह् ।
"He's a candidate, your responsibility.",ऊ अपने जिमवारी एगो उमेदवार हव।
This tree is too high for me to climb.,ई पेड़ हमरी चढला के हिसाब से बहुते ऊँचा बा।
What? You don ` t love me? Then whom do you love?,"का तु हमके ना चाहल ह्वअ, हमरा से प्यार ना करत ह्पअ त फिर केसे करेलअ ।"
How does it affect your late coming?,तोहरी देर से अईला से कईसे एह के नुकसान होई?
Orin strain in a corner of the closet it brought together thirty-three Devil's Teeth,ओरिन कोठरी के एक कोने में ई संहे ले आयल सइतान तैंतीस दाँत वाला के।
I'd like you to take him around soon as we're through.,हमहन क काम खतम होतअ हम चाहब की तू ओके होटल घुमाइके दिखाइदा।
It is going to rain.,बरखा होई।
Catch him!,ओके पकरा!
I gave up drinking.,हम पीअल छोड़ दिहलीं।
Will I bring a camera for you ?,का हम तोहरी खातिर कैमरा ले आईब?
Rina read Sarita’s letter.,रीना सरिता क चिट्ठी पढ़ि लेहले हऽ।
It is a little cold however.,जईसे भी हॉवे इंहवा तनिक ठंढ बा।
"Tell me, so I can get it for you.","हमके बतावा, हम तोहरे लिए का कई सकीऽल।"
Understand all your options.,अपने सभे विकल्पों पर विचार करा
"Mahesh ` s most happy day turned into a miserable day into minutes , I had never seen life cracking a bigger joke than this.","महेश क सबसे खुशी क दिन मिनट में ही सबसे दुखी दिन मे वदल गईल, जिनगी के एसे बडा मजाक करत हम ना देखली ।"
It's been going on for a while.,इ समय हव कुछ खातिन पहिले से ही डॉक्टर हड्डियां तोड़य के ओकर हव
Bigger than any of us alone. And if you can't... control yourselves...,अगर तू मरय के खातिन जा सकत हव ना सभे कइ रहल हव
Wasn’t he working?,का ऊ काम करत ना रहने?
Next.,अगले...
Which thought did she put away?,कवन विचार उ बाहर कर देले रहे ?
You're that smart banker that killed his wife.,"तुहहीं ऊ, तेज तर्राक बैंक करमी’ हव जवन अपने मेहरारू के मार डरलअ, ना।"
In these cases John generally invites people for dinner.,अईसन स्थिति में जॉन अक्सर लोग के रात के खाने पे निमंत्रित करेलन।
You were a nurse.,तु एक नर्स रहला।
I shall have plenty of time tomorrow.,हमरे लगे बिहान बहुत समय होई।
There are some diseases that proceed from dirt.,कुछ रोग त गंदगी (धूल) से होखेला ।
Now. She has a right to know.,ऊ जानति हव सही के कयल चाहत हव।
Can you touch the sun?,का तु सुरज के छू सकलअ ?
"Well, I think you'll find the... Vampire, human divorce rate is a little lower.","खैर, हमके लगत हव कि तोहरे तलाक के दर कम से कम पिसाच मनई मिल होई।"
I have to purchase a fan.,हमके पंखा खरीदेक हऽ।
Even that is not the matter.,जबकि ई कवनो मामला ना रहे।
Swayzak.,सवेजेक।
Will you be able to write in Sindhi ?,का तू सिंधी में लिख लेबअ?
They will not be working.,ऊ लोग काम न करी।
"Today is bad day, leave me alone...","आज क दिन बाउर हव, हमके अकेल छोड़ा..."
"Forgive a sinner, Jesus, that abused your gift.",परभु हमें माफ कइ दा ओक उपहार को कोसय खातिन।
"We remember them whom we forget , I never forgot you.",याद त ओकर आवेले जेके केहु भुला जाला हमहन क तोहके भुलाईल ही कहा बाडी जा
Did your mother ever say that to you?,का तुहार माई तुहके कबों ई कहलअ?
Your internet is very slow.,तोहार इन्टरनेट बहुत सुस्त हउए ।
On which table is this book kept ?,कौना मेज पर इ किताब के रखले रहे ?
I will tan his hide,हम ओके पीछे लुका जाइऽब।
"Say, like if someone burns toast.","कहा, जइसे....अगर केहू टोसट जराइ दे।"
but her father is a big hurdle.,लेकिन ओकर बाप बहुत बड़ा रोड़ा हव।
Tonight we must Make a decision.,आज राज हम फैसला करब।
"Please wait, he is having his meal.","अगोरल करा, उ आपन खाना खात हवें।"
Always aim high.,हमेशा बड़हन सोचा।
Does she play piano ?,का उ पियानो बजावत हई ?
I was watching games on the T.V.,हम टीवी पर खेल देखत हईं।
There were beautiful glimpses of all the states.,कुल राज्य क बड़ा बढ़िया झांकी रहल।
Does he eat a mango ?,का ऊ आम खईलन?
"If you truly love somethin' or somebody, Laundry Man... You get as far away from 'em as possible.",पिआर हव...आपके रूप में सम्भव के रूप में ओमें से दूरे मिलत हव।
I had a letter from him lately.,हमके ओसे खत देरी से मिलऽल।
How can we?,हम कइसे जा सकत हईं?
The account of the murder made her blood creep.,हत्यारा के ओकर जुर्म डरा लदेहलस।
Jyoti! Still four days are left for the year to complete. Still the coin of an outclass is imprinted on my forehead.,"ज्योति! अश्रीत एक साल पुरा भईला में चार दिन वाकी बा, अभी तक तडीपार का सिक्का हमरी कपार पर लागल बा ।"
This boy is very clever.,ई लड़का बहुते चालाक हवे।
I like comedy movies.,हमके कमेडी पिक्चर नीक लगऽल।
Who kicked the boy ?,लइका के के मरले।
My brother is eager to join the army.,हमार भाई सेना में जाएक बड़ा इच्छुक हऽ।
We walked as fast as we could.,जितन तेज चल सकत रहीं हमनि चललीं ।
You made hard work the goal of your life for their future.,इनकी भविष्य की खातिर खाली मेहनत के आपन जिनगी के लक्ष्य मनली
You know what he did.,तु जानत हउअ कि उ का रहल ।
Sounds like you got the job.,लगत हव जइसे तुहके नोकरी मिलि गइल हव ।
Chandan! Is the doctor supposed to come tomorrow?,चन्दन विहान वैद जी आइहें का?
Would you tell something about the geographical condition of Sindh ?,का तु कुछू सिन्ध के भौगोलिक स्थिती के बारे बतइब ?
Will he have reached the hotel before the snowfall?,का उ बरफबारी से पहिले होटल पहुचल होइहे ?
Murder.,हतिआ।
All the things you must be thinkin'.,खुदअ सोचके चाही सभे चीजन पे।
I saw the President on TV last night and the poor fellow looked tired.,रात में हम राष्ट्रपति के टीवी पर देखली थकल लौकत रहऽल।
Were you visiting the castle?,का तु किला देखत रहल हउअ ?
What are you doing?,तू करत का हवा?
Dear Nisha! Can you do a favor?,निशा वेटी! एगो काम करबु
I'll be with you even when you die...,"सायद जब तू मरबू, तोहरे संहे हमहूँ रहब।"
It's good...,ई पिआरा हव...
I am pround of these people.,हमके इ लोगन पर गर्व हऽ।
Can I borrow the book ?,का हम किताब के ले सकेलीं?
Késakichi!,केसाकीची!
"But, Signe, is there a problem?",लेकिन सिग्ने प्यारे बच्चे।
In which area of Delhi do you stay ?,तु दिल्ली मे कहवा रहत हउअ ?
I insist on you being present.,हम हाज़िर होए खातिर ज़ोर देब।
Leave 'em alone.,अकेलअ ओनके छोडि़ दा।
"Yeah, that's it-",नूह?
I am studying in the Govt College now.,हम अब सरकारी कॉलेज में पढ़ीऽल।
What do men say that I am ?,आदमी काहें कहें ल कि हम का हईं।
Pretty thing.,सुन्नर बात।
I guess I probably heard you call him that.,मोके लगत हव मों सायद सुनलीं तुहके ओके कहत।
I've not put you down for a contribution but I'm sure you won't forget my needs,हम तुहार नाँव ना लिखले हईं चन्दा खातिन लेकिन हमके एकीन हव तू हमरे जरूरतन के ना भुलइबा।
On the condition that he would bring his king Chanesar to her.,अईसन स्थिति में उ अपनी राजा के चनेसर के पास ले जयिहन।
I finished my work.,हम आपन काम कई भइलीं।
I would like to go into it.,हम ऐमें जाए चाहब।
He's goíng to phone Wendy up ín a few mínutes to tell her.,ऊ कुछअ मिनटन में बतावअ खातिन बेनडी के फउन करे जात हव ।
"Hey, Jake.",हे याकूब
The most loved queen of the king could at least offer them an opportunity to serve her.,राजा क सबसे प्रिय रानी कम से कम ओके सेवा क मौका दे सकेली।
Maher respects his teacher and Omar too but not Zayd.,"माहेर अपने टीचर क सम्मान करेंऽल, उमर कहऽल उहो, लेकिन जायद नाई।"
"You burned him, Stephen.",अपने इसटीफन ओके जराइ दिहलअ।
God shall bless me with your love forever.,दैऊ हमेशा हमके प्यार और अशीष देई।
Had I been reading a magazine?,का हम अखबार पढ़त रहल होखब?
The fox praised the crow's singing.,लोमड़ी कौव्वा क गाए खातिर प्रार्थना कइलस।
Just show him the frame number.,बस ओके फरेम संखा देखाइदा।
How happy we were when the dawn came and our flag was still there!,केतना खुश रहलीजा जब उहवां पहुचलीजा और हमहन क झन्डा ओहीजे रहे।
I asked him how old he was.,हम ओसे पूछली कै साल के हऽव।
You see it's my bicycle.,तू देखा ई हमार सइकील हव।
You're smarter than that.,आप जइसे जिआदे चलांक हवँ।
Does he like to play tenins ?,का ऊ टेनिस खेलल पसंद करिहें?
Where can I find salt?,हमके नमक कहां मिली।
"One moment he wasn't there, the next he was.",पहिला क्षण में ऊ उहाँ ना रहलन लेकिन अगला क्षण में आ गईलन।
What does the mirror reflect on when it is not looking at the woman?,आईना तब का लउकत होई जब ऊ औरत के तरफ ना देखत होई?
How could you? ! How could you?,तू कइसे कइ सकत हवा?
We have a warrant for your arrest.,हमरे पास तुहरे पकड़ले क वारंट हऽ।
You win.,आप जीतअ खातिन।
Jesus.,"इगारह तीस, हे भगवान।"
All right.,ठीक हव ।
I am not agree with you.,हम तोहसे सहमत नाई हई।
What do you mean by that?,तोहार एकर माने का हव?
I can't.,हम ना सुति सकत हईं।
The mango is large.,आम बडा ह् ।
I met him in Basra.,हम ओसे बासरा में मिलली।
He puts his work before everything.,ऊ अपनी काम से सब चीज से आगे रखेलन।
Did you convey him your feelings?,तु त ओसे अपना दिल क बात कही दिहलअ ।
You back off! - Axe.,तू वापिस बन्न!
The coffee went all over my skirt.,काफी हमरे स्कर्ट पर गिर गइल।
Here.,ला।
Could've flashed.,लगल
"Tomorrow is tuesday, an auspicious day, send her back.",विहान मंगलवार हऽ अच्छा दिन वा भेज द ओके
Please take it from chemist.,किरपा कइके यहके दवाई के दुकाने से ले लिह ।
In summer we often go to the hills.,गरमी में हमनि अक्सर पहाड पर जावत रहिला ।
Respect... respect them.,आदर...सम्मान करा।
Oh dear! What will you teach your children If you do not pay heed to prayers and devotion.,अरे वेटी तु पुजा –पाठ मे ध्यान ना रखबी त अपने लईकन के का सिखईबी ।
I don't have a rupee.,हमरे लगे रूपया नाई हऽ।
I will get it by doing work.,हम इ काम कइके पाइऽब।
"That wasn't such a long walk after all, was it?",की ई सब होखले के बाद येतरे कएगो लम्मी सैर कइले रहलीं ना रहल?
I am deeply sad.,हम बहुत दुखी हईं।
"For me, the man has to be dangerous.",हमार अदमी खतरनाक होवे के चाही।
Can you hear the sound ?,का तु आवज सुन सकल ?
We used to play many games.,हमहन क कई गो खेल खेलले हई ।
Then we could have talked to him and his parents.,तब हम ओसे अउर ओकरे माता पिता से बात करित
You don't mean to say so.,तोहार कहक मतलब का हव?
Then he must have been a rich man.,"एक सराब रहल? फिरू उ एक अच्छा होवे चाही, बूढा नूह।"
The boy ate his pizza.,लइका उनकर पिज्जा खइले ।
But alright.,लेकिन ठीक हव
I don't know what to do.,हमके नाई पता कि का करीं।
I have emailed six messages to Ravi since 7.00 A.M.,हम भिन्हिए सात बजे से रवि के छह मेल कई भइलीं।
I have to get my hair colored.,हमके बार रंगवाएक भी ब।
His wife will come from the village opposite.,बगल गाँव क एगो मेहरारू हव।
You will but reap the fruits of your sowing.,तु जवन बोइबा उह कटबा।
My word is my bond.,हमार शब्द हमार कसम हऽ।
That's how you get to know something about a man.,यूसे ही केहू के बारे में जानल जात हव।
The soup lacks salt.,सूप में नमक कम बा।
Usha Kiran is not the tallest of all the buildings in the city.,शहर के सभी भवन में उषा किरण सबसे लम्बा न हऽ ।
Have you any idea of house on rent ?,का तोहके किराये के घर के बारे में कुछ पता बा?
The bathroom and lavatory were outside in the courtyard.,नहानघर और शौचालय घरे के बाहर आंगन में रहऽल।
The woodcutter felled the tree.,लकड़ी काटेवाला पेड़ के गिरा देले रहे ।
"Today, Tina is coming back from London.",तीना लंन्दन से वापस आवतीया आज
I brought you something.,कुछ खातिन उपहार
We fed a hundred people that day.,हमहन क ओ दिने सौ लोगन के खिवली जा।
The boys wants something.,लईका लोग कुछ चाहत हवे ।
Does your sister sew ?,का तहरे बहिन के सीए आवेला?
Had any love affairs before meeting Indu?,इन्दू से मिलअ से पहिले तोहार कवनो परेम परसंग रहल?
A pity; I thought we might celebrate our son's birth,"अफसोस हव, हम सोचले रहलीं की हम अपने बेटवा के जनम क जसन मनाइब।"
Are you crazy?,तू पागल हवा?
The people heard of it.,ए के बारे में लोग सुनले हवें।
Me?,हमरा से ?
All girls are in Mira School,मीरा स्कूल में सब लइकी हईं।
How are you going to get that?,तु ओके कइसे पावे जात रहल हउअ ?
Ram ran quickly.,राम तुरंत दौड़ गइऽल।
You always gotta be right.,तू हमेसा सही हवा रहबा।
"Let's see what you've got under your jacket, Pelle.",तू का छिपा रहत हवा अपने जैकेट के
"Holy Pond, Flower Garland, who prays here at noon?","पबित्तर तलाब, फूलमाला, जवन दुपहर में इहवाँ परथना करति हवँ।"
"My boss, who is very nice, lives in Manchester.","मेरे मालिक, जे बड़ा सुन्नर हऽ उ मेनचेस्टर रहा ल।"
I'm trying to do something here.,हम इहवाँ कुछ कइले क कोसिस करत हईं।
Does he speak danish?,का उ डैनिश बोलत हव?
You read Sindhi newspaper.,तु सिन्धी अखबार पढ़ला।
Are those countries drifting... or are they anchored to the bottom?,तब ओके खोजल कठिन होई।
"After they finished studying, Mary and John went to watch the movies.","पढ़ाई खत्म कइले क बाद, जॉन और मैरी फिल्म देखे गइऽलं।"
Have you plenty of time?,का तोहरे लगे बडीये समय हउए ?
Who wishes to see you ?,तोहके केके देखले के तमन्ना हउए ?
Everyone will present his work.,ओकरे कामे में सब रही।
We are reading a newspaper.,हमनि अखबार पढ तानि ।
Did you not your work?,का तु आपन काम नाइ कइल ?
Everyone believes that he loves someone.,सबके लगऽल कि उ केहू से प्यार करऽल।
Anjana has to buy shawl from an exhibition.,अञ्जना के एगो शाल लेवे के बा ।
I used to live in a village during childhood.,बचपने में हमार गांव में रहेक आदत है।
Dynamite! Run for your lives!,अपने जीवन खातिन भाग!
Did you ask for your pay today?,का तू आपन तनखाह बढ़ाव के पूछला आजु?
Which dog do you think loves bones ?,कवन कुत्ता तोहरा हिसाब से हड्डी पसंद करेला ?
Rama's house is better than that of Ramu.,रामा क घर रामू से बढ़िया हऽ।
I lost the prize.,हम इनामे से चूक गइलीं।
At the sight of her beauty Umar was quite intoxicated.,ओकर खूबसूरती देखि के उमर नशा में चूर हो गइल रहल।
without her...,ओकरे बिना
Mother threw away the rotten oranges.,माई सड़ल संतरा दूरे फेंक देहलस।
I have a small problem.,हमार एगो छोट क समस्या हऽ ।
Lawyer fucked me.,ओकील गांण मार दिहलअ।
Isn't it beautiful?,सुन्नर हव न?
We have to relate to that.,हमें ओसे संबंध बनावे के हव
Do you know who lives here?,का तु जानत हउअ कि यहा के रहल हउअ ?
"So when Andy Dufresne came to me in 1949 and asked me to smuggle Rita Hayworth into the prison for him I told him, ""No problem. ""","त, जब 1949 में एंडी डुफरेन हमरे लगे अइलँ अउर हम रीटा हेबरद के ओकरे खातिन जेले में ले आवे के कहलँ, हम कइलीं, कवनो समीसा नाहीं।"
Letting other peoples' tyres down?,छुसरे क टायर बइठाय रहल हव?
"As he was ambitious, I killed him.",जइसन की उ महत्वाकांक्षी रहने हम उनके मर देहनी ।
Then you put the poster over it like this.,फिनू पोहटर के येहतरे एपे डारा ।
We climbed the mountain.,हमहन क पहाड प चढ गईला जा ।
I often meet him at the Church.,हम ओसे अक्सर चर्च में मिलीऽल।
How many children are active?,केतना बच्चा सक्रिय हऊवन ।
"And so now, here he was, peering' down at this very last of his enemy.","अउर येह लिये अब, इहवाँ ऊ नीचे झाँकत रहल, हम अपने दुस्मन के येह पर अखिरी"
Can you catch the train?,का तु रेलगाडी पकड सकल ?
"No, I didn't.","ना, हम नाहीं।"
Does she think I am fat ?,का उ सोचत हई की हम मोटहन हई ?
Will you come again next Monday?,का तु अगिला सोमवार अइबअ ?
Has today's post come ?,का आज के पत्र आ गयिल हऽ ?
"Uh, no, no, naturally not.",नाही नाही तूहँ नाही भागे के चाही।
I love him.,हम ओसे प्यार करीऽल।
In the end Joe took on the job and went out with his wife.,आखिर में जोए ने नौकरी पकड़ी और अपनी पत्नी के साथे बाहर चल गईलअ।
We shall soon be across the channel.,हमहन क हाली से चैनल की ओपार हो जाईल जाई ।
That's good.,ई अच्छा हव।
Wait!,रुका!
Can't you see that?,आप देखि ना सकता?
"So, Alice is planning a big graduation party.",ऐलिस स्नातक स्तर की पढ़ाई खातिन एक पार्टी की योजना बना रहल हव करय खातिन आप जवन कहल जात रहल
It is my child.,इ हमार बच्चा हव।
And what was the issue ?,का बात रहे?
Miss Marple will read the letters in the garden shed this afternoon and John will do so too.,मिस मारपल दूपहरिया में बगिया क छांव में चिट्ठी पढ़िहें और जॉन इहै करिहें।
[Screams],(चिल्लात)
I like to live in an open air.,हमके खुली हवा में रहल पसंद हऽ।
This is Mr. Hadley.,ई सिरी हेडली हवँ।
I suppose it will be raining when we start.,हमके लगऽत कि जब हमन शुरू करऽब तब बरसे लगी।
And she started to curse herself for being attracted to that glittering ornament.,आ उ हमेसा अपने के कोसे शुरू क देहलस कि उ चमकदार आभूषण के प्रति खिंचाईल ।
Ulhasnagar is also known as Sindhunagar.,उल्हासनगर भी सिंधुनगर के नाम से जानल जाला।
I eat lunch at 11:50 am.,हम दोपहर में साढ़े ग्यारह खाना खइलीं।
Sure can.,जरूर कइ सकत हवँ ।
Is the teacher usually busy ?,का अध्यापक हमेशा ब्यस्त रहेलन?
I always see him at the local temple.,हम हमेशा ओके लोकल मंदिर पर देखीऽल।
"Son, you have done a great favor by saving Kuljeet ` s life.",तु कुलजीत क जान बचा के हमपर बड़ा एहसान कईले बाड़ बेटा ।
Have not you been to the party?,का तु पार्टि मे नाइ होबअ ?
It was his only chance.,ई उनकर एकमात्र अवसर रहल हऽ।
How many people try to give up smoking?,केतना आदमी धुम्रपान छोड़े के कोशिश कर रहल हऊवन ।
It is not such a pretty place that I had expected.,ई ओतना अच्छा जगह नईखे जेतना कि हम सोचले रहनी।
Will you trust me?,का तु हम पर भरोसा करब ?
"Hello, Grady.","हेलो, गरेंडी।"
"Oh, shit!","ओह, ना!"
I don't like your stinkin' face.,हम आपन के बदबूदार चेहरा पसन्न ना हव।
Mother! The sister has come.,अम्मा जीजा आ गईलअ
The man wrote a letter on his computer in the train.,आदमी ट्रेनें में अपने कंप्यूटर पर चिट्ठी लिखलस।
"A hot favourite since 1988, this is our choice for Aurangabad's best eating experience.",1988 से ही हमनी के पसन्दिदा ई दुकान औरङ्गाबाद के सबसे अच्छा खाना देवे ले ।
Nothing has been prepared yet.,कुच्हो ना बनावल हऽ अबतक ।
"That way, someday, when they ask what we wanna be... we won't have to guess.",हम पोगे ओटी खातिन कयल जाई ना हव हम जानत हव
You should get back before the storm hits.,"इ तुफान वापस कयल जायेके चाही, जल्द ही शुरू होत हव लेकिन"
We don't need no stinkin' spinach!,हमना बद बुदार पालक की जरूरत ना हव।
I made him run.,हम ओके दौड़ा देहली।
It will not change.,ई ना बदली।
You must have watched plays.,तु यकिनन खेल देख चुकल हउअ।
Which girl played with which boy ?,कवन लईकी कवन लईका के साथ खेलत रहे ?
Where's he at?,अप! जहवाँ ऊ कम हव?
You should prepare yourself well.,तु अपने से अपने के तइयार करा।
Andy Dufresne headed for the Pacific.,एंडी डुफ्रेन प्रशान्त के ओर चलल।
This has been done by priests.,ई सब पुजारियन के कईल हवे।
What airline ticket?,आप अपने जनमदिन पे एयर लाइन टिकट मिलअ हवाई जहाज।
Hey! Do not call me a girl.,ए हमके लइकी मत वुत्वावअ ।
Move to the end of the cage.,पिंजड़ा के अखिरी ले जा।
That song will be sung.,उ गाना गवा गईल ।
"Can I spend Rs.1,000 on this dress?",का हम एह कपड़ा पे १००० रुपिया खर्च खर सकेलीं?
Do whatever the babysitter tells you to.,बच्चा देखभाल वाली जवन कहे ओके कर।
What are the two disadvantages of travelling by sea?,समुद्र में यात्रा क दुई नुकसान का हऽ।
The snake in the garden convinced them that they would-- would indeed be equal to Almighty God.,उ वादा कइले रहल अगर उ अच्छाई अउर बुराई के बीच भेद कर लेई।
I'm quite sure there's nothing physically wrong with Danny.,हमके पूरा एकीन हव की डेनी में सरीरिक रूप से कवनो गड़बड़ी ना हव।
Sri Krishna was born in self's uncle's house.,श्रीकृष्ण अपने मामा किहां पैदा भइल रहलें।
At last the time came when Koel and Deepchand parted from each other with heavy heart.,आखिर में उह समय आ गईल जब कोयल और दीपचंद एक दूसरा से बहुते भारी मन से अलग भईल लोग।
My father writes.,हमार बाउजी लिखले हऽ।
[Coughing],चला! (खाँसी)
We all got a role to play.,अब तू हममें से एक हिस्सा हव
I would prefer for Bill to come first.,हम चाहब कि बिल पहिले आवे।
You go to home.,तु घरे जा।
I can't sleep with all that teeth chattering going on.,हम बकवास से मानसिक सो ना कइ सकत
Women who work are happier than women who don’t work.,कामकाजी मेहरारू न कइले वाले से खुश रहेली।
Pull the net with strength.,जाल के पूरे ताकत से खींचा
My notice was drawn to it.,हमार ध्यान एन्ने की तरफ खिचल गईल।
For her This baby is a baby mouse.,दादी कहति हव...बच्चा चूहा क बच्चा होई।
It was fucking great!,ये महान कमबखत रहलँ
"Before I go to work each morning, I let the dog out for five minutes.",रोज सुबह काम पर जाए से पहिले हम कुकुरा के पांच मिनट खातिर बहरे ले जाइऽल।
You can't do anything.,कयल जा सकत हव कुछ भी ना
Here's my favorite part.,इहवां हमार पसनदीदा हींसा हव।
Have you ever seen such a blue sky?,का तु हमेशा नील आकश देख चुकल बडअ ?
Your body's unnatural.,तू विकृत हवा
The elephant that was sick died.,हाथी जवन बीमार रहे उ मर गईल।
Mister Dekins....,सिरी डेकन्स।
Send it as a registered letter.,एके एगो नामांकित पत्र के तरह भेजल जाए।
Other pupils' tyres are let down too.,अन्य विद्यार्थियों के टायर भी बइठवल जात हव
Before I turn you over to Bill...,एकरे पहिले की हम तुहके बिल से मोखातिब करीं....
Going Inside is prohibited.,अन्दर जावे के मनाहि ह् ।
Things could be better.,बेहतर हव।
I just wanna get a drink.,हम बस चाहत हईं एगो जाम मिलत हव।
Yesterday an European called at my office.,काल एगो यूरोपियन हमारा दफ्तर में बुलावल गईल रहे ।
We all have failed in India but you showed your worth by failing in London.,हमहन के त हिन्दुस्ताने में फेल भईलीना तु त लन्दन में फेल होके देखा दिहले ।
The stones tell me the boar god came from far to the west.,गन्दा भाव दुर पच्छु से आयल हऽ।
"Last year just after childbirth, picking chestnuts, she fell off the cliff.","पिछले बरिस परसव के बाद, काजू चुनअ के दउरान, ऊ पहाड़ से गिर गइल।"
What was the only sound that the sailors could hear?,कवन अईसन आवाज रहे जवन नाविक द्वारा सुनल जात रहे ?
Alladin had a wonderful lamp.,अलद्दीन के पास एगो जादुई दिया रहे ।
She just won't admit it to herself.,सिरफ तू ही स्वीकार करय के चाहत हव ना हव
I'll put them here,हम एके इहवाँ रख देत हईं।
Smiley always tried to get something to grow.,इसमाईली हमेसा बिकसित करे खातिर कुछ पवले क कोसिस कइलअ।
She's a confirmed ghost story...,ऊ भुत ही कहनी अउर डरवनी...
"You'll have the numbers, but they'll be able to... anticipate your every move.",आप गिनती वाला नाडमोज हवा लेकिन वे हर कदम कर सकत हव पूर्वानुमान अपने
Not a word was spoken by Latif.,लतीफ एको शब्द नाई बोललस।
We got a situation here.,एक बीकट थिती हव।
You know what about mother's teeth?,माई के दाँते के बारे में तोहके पता हव का?
"I told you to aim at the line, not at the coin!","हम ना कइले के मतलब - लच्छ खातिन, सिक्के पर लई कहले रहलीं।"
They say that she was praised by him.,उ लोग कहत हवें कि ओकरे द्वारा उ प्रशंसित भईल ।
You never know.,कवनो पता नाहीं।
We were the lords of all creation.,हम सभे कामन क मालिक रहलीं।
"Hey, the Viper is burned out.",अरे साँप जरि त गयल।
Sasuee was dead tired.,सैसुई बहुत कोशिश कइलस।
"No, not here.","नाहीं, इहवाँ ना।"
"I know what I ` m doing is very difficult, but I have full faith in our love.",हम जानत हई की जवन हम कर रहल वानी उ बड़ा मुस्किल हऽ लेकिन हमके हमरा प्यार पुरा भरोसा बा ।
What is fair ?,मेला का हऽ।
I drink coffee.,हम काफी पियलीं।
Let us go back and tell the turtle.,हमहन के वापस जाये क हऽ औरि कुछउ बता द ।
"I'll send my nephew to you, tomorrow itself.","हम अपने भतीजा क भेजब, बिहान हम खुदे आइब।"
How many butchers live there?,केतना कसाई ओईजा रहेलन ।
I had written letters.,हम चिट्ठी लिखले रहलीं।
"The next morning, right about the time Raquel was spilling her secret a man nobody ever laid eyes on before strolled into the Maine National Bank.","दुसरे दिन, जब रकील आपन भेद बतावत रहल, एक बिना देखल अदमी मेन नेशनल बैंक में आयल।"
Can you pluck the flowers for him?,का तु हमरे खरतिन फुलवा तोड सकलअ ?
Do not look.,मत देखा।
I'd sue you for slander.,हम तोहरे पे बदनामी खातिर मोकदमा करब ।
Could you stop at Via della Paglia?,का तू बायाडेलापगलिया पर रुकबा ?
"If he comes back, call me.","अगर उ आयी, त हमारा के फ़ोन कर दीह ।"
This is the letter which will surprise John.,ईहे चिट्ठी जॉन के चकरा देले रहे।
Last night we watched the movie.,कलिंयां रतिया में हमहन क फ़िलीम देखली जा ।
"If we meet at five instead of at four, how will that be?",5 के जगह चार बजे मिलब् त कयिसन रहि?
I wanna show you something. It's here.,"इहाँ देखा, पेले।"
"I'm tired of this. From now on I'm Switzerland, Okay?",से हम ठीक हईं स्विटजरलैण्ड
I don't belong here!,ई जगह हमरे खातिन ना हव!
Ravi and Rajiv play hockey,रवि और राजीव हॉकी खेलेंऽल
And he didn't.,अउर ऊ ना छुअल।
"I send it out into the real world, and when it comes back....","हम पइसन असली दुनिया में पठवत हईं, अउर जब ई वापस आवत हऽ।"
The teacher or professor will greet the class and announce the topic of the lecture.,गुरुजी क कक्षा क बधाई देहल और लेक्चर क विषय बतइलें।
Ram has beaten Ravi.,राम रवि के मरले हऽ।
"Whenever we talk to Rajesh about the marriage , he avoids it, how can we make them meet in such a situation.",राजेश से जव वियाह क बात करअ त टाल देला अब एसे में दोनो के मिलावल जा कइसे ।
I am feeling dizzy.,हमके चक्कर आवऽत।
We may pay first class fare.,हमहन क पहिला श्रेणी क किराया दे सकत हई जा।
I shall think over the matter.,हम ए मामला पर विचार कइलीं।
This is my mother.,इ हमार माँ हव
You want the rest of this?,बाकी चाहत हवा?
"Sociables, finger rolls and 7 kinds of what have you.","डिक: सोसएबल, फिंगर रोलस...अउर 7 परकार क जवन तुहरे लगे हव।"
They are telling you.,उ लोग हमसे कहत हवें ।
Cannot one do what one likes with one's own ?,केहू दूसरा के पसंद के काम के केहू अउरी ना कर सकेला?
Be that as it may.,वैसे रहा जइसन हवा।
Did you do this last Sunday ?,का तु यहके अंतिम अतवार के कइल ?
He quit.,ऊ छोड़ दिहलँ।
I told her that Bill is coming tomorrow.,हम ओके बता देहली कि बिल बिहान आई।
"You go, we go.","तू जा, हम चलली।"
We were students.,हमहन क छात्र रहली जा ।
The girl ran down the street.,लइकी गली मे नीचे भगल ।
It is not us who are to blame.,इ हमनी के ना हईं जा जेह पे तू आरोप लगाव।
"If you eat fast food, you will gain weight.",फ़ास्ट फ़ूड खायीब त मोटा जायीह ।
We will come here tomorrow morning and catch some fish.,हमहन क यहवां सवेरे आवत हई जा औरि कुछ मछरी पकगे।
Ram came to my house.,राम हमरे घरे आइऽल।
I am going for shopping.,हम खरीदारी करे जाऽत हईं।
Suddenly the wind arose.,अचानके हवा उडलस ।
The colossal prick even managed to sound magnanimous.,बड़ा कमीनओ उदार लगत रहल।
How 'bout a home-cooked meal for you and your little 'un?,कइसे आप अउर आपक छोटका अंकल खातिन एक घर क बनल भोजन के बारे में?
You should give it a try.,तोहके एकरे खरतिन कोशिश करे के चाहि ।
The people like rice.,लोगन के चाउर पसंद हऽ।
How many dirty clothes have you?,तोहरे लगे केतना गन्दा कपडा हउए ?
How does the poet feel when he looks at his mother ?,जब कवि आपन माई के देखलस त् का महसूस कईलस?
I found my friend who recognized me at once.,हमके उ दोस्त मिल गइल जवन हमके एक बार में चीन्ह गइल।
Boris has not been learning English.,बोरिस अंग्रेज़ी नईखे सीखत हईं।
"Now the Colonel's coming back, and he's bringing the whole damn family.",अब कर्नल वापस आवत हऽ अउर ऊ पूरे पलिवार के ले आवत हव।
Looks like we got ourselves another clown.,हम एक अउर ओकर खुद मिल लगत हव।
What is it?,ऊ का?
You are leaving the college.,कालेज छोड के जात हऊ तु
What's the matter?,का बात हव?
Was she playing ?,का उ खेलत रहली ?
Stop it!,बंद करा!
Trust me.,बिसवास करा।
"If we offer prayers there, we can overcome the calamity.","जदी हम उहवाँ परथना करीं, त हम तरासदी से बचि सकत हईं।"
There was a man hiding in my garden.,उहां एक आदमी रहल जवन हमरे बगिया में लुकात रहल।
I can't clean it good because it's still dark.,ठीक से साफ ना होत हव काहेंकी अबहिन अन्हार हव ।
Did you buy any mangoes ?,का तु एक्को आम खरिदल ?
Aren't you sleeping?,सोवल ना हवा?
I shall be working.,हम काम करऽब।
Can you help me ?,का तु हमार मदद कइ सकल ?
Fort Hancock right on the border.,फोर्ट हैनहॉक टेक्सास।
Is he preparing rice?,का ऊ चावल तईयार करत हई?
Hey brother! I have followed the right directions but what can I do if the narrated direction is wrong.,अरे भईया जईसन वतवले रहलअ वइसे आ गयल अव रास्ता ही गलत बता दिहलस त और बात का ।
How many people have failed?,केतना आदमी असफल हऊवन ।
"All the arrangements have been made , Bauji has promised his friend and his promise is his life.",कुल तैयारी हो गईल बा हमार बाबुजी अपना दोस्त के जुबान दे दिहले हवअ और उनका जुवान उनकअ जान हऽ ।
"Okay, Mom.",डेनी: ठीक हव माई।
I was scared that you might separate me from Indu.,हम डर गयल रहलीं की कतों आप हमके हमरे इन्दू से अलगे न कइ दिहँ।
"If I had got some fruit, I would have made you a cake.",अगर हम कुछ फल लायीत रहतीं त तोरा खातिर एगो केक बनयतीं ।
"Hey Jagan! All the doctors had refused , they had said that my Bhauji will never recover.","अरे जगन !जगन! कुल डाक्टर जवाब दे दिहलंस अ , कि हमहन क भऊजी अब कबो ठीक ना होई"
Either car will do.,या त कार करी केवल ।
I need to make an urgent call.,हमके जरूरी फोन करेऽक ऽब।
What church did you say you attend?,कवन चर्च तु कहला हऽ तु गइला।
"Gunja! Don ` t worry , this god will be your husband , I will go and talk about it now.",गुंजा तु चिन्ता मत कर अ इ देवता ही तोहार पतिदेवता बनि हे हम अभीहे बात करके आवत हें ।
Butter melts if you leave it out in the sun.,सूरज के समनवा धई देबा त मक्खनवा पिघल जाइ।
"You see, it was your ears that saved you.",तु तुहार कान ने तुहके बचवलँ
Who can say what will turn up next ?,के कह सकत ह कि अगला कहा मुड़ी ?
"I'm here to collect the money, Kongstrup!",तू पर हमार पैसा उधार हव काँगस्टरप!
I helped the girl.,हम लइकी क मदद कइलीं।
"What do you want, Brian?",का आप बरायन का चाहत हव।
Ravi reached there.,रवि उहां पहुंच गइऽल।
I found it amongst the trees.,हमके इ पेड़न के बीच मिलऽल हऽ।
Mithra.,मित्तरा
What did you eat last Monday ?,तु अन्तिम सोमवरवा के का खल ।
Don't touch me!,हमके जनि छूआ!
This is IIT Kanpur.,ई IIT कानपुर हवे।
Why'd you become a Sad Flute?,आप एगो दु:खी बंसुरी काहें बनलू?
We are trying to help you.,हमहन क कोशिस करतअ हईजा तोहार सहायता करेके खातिर ।
Have you got the mesaage ?,का तु संदेश पा चुकल हउअ ?
I shot with his gun And I buried him here.,हम उनके बन्दूक से गोली मार दिहनीं...अउर वहीं दफन कई दिहनी।
You want me to feel the pain you felt when I killed James.,का आप राहुल की तरह महसुस करय खातिन मार डालला तुहें दरद महसुस भयल जब हम
Nothing is special.,कुछो महत्त्वपूर्ण ना हऽ ।
It is holy place of all powerful Lord Kalabhairava.,ई सक्तीसाली भगवान काल भैरवा क पबित्तर थान हव।
Save your compliments,अच्छा बस करा।
Did you hear that Marry quit her job ?,का तु सुनलह कि मैरी आपन जाब छोड देहली ?
What are you saying?,ई का बोलत हवा?
Will your sister look after you ?,का तोहार बहिन तोहार ख्याल रखिहन?
Give me the bat.,हमके बल्ला दा।
It is in Mahu tahsil of Indore district in Madhya Pradesh.,मध्य प्रदेश में महु तहसील इंदोर ज़िला में बा।
Can you shake hand with me?,का हम तोहसे हाथ मिला सकेलीं?
You came to our house.,तू हमहन के गहरे आवा।
"12,000 a month to start.",12000 महिना सुरु.
"Hey, I have been rewarded in diving with three-four medals.",अरे डाईविंग मे त हमके तीन –चारगो मेडल मिल चुकल बा ।
"It's gonna flash on us, Bull.",ई हम पर सिपाही वाला फ्लैस हव।
And in the south ?,और दक्षिण में?
Does she read story ?,का ऊ कहानी के पढ़ली?
How many panchayats do you head ?,तु केतना पनचायत के मुखिया हउअ ।
How did people try consoling Derry about his burnt face?,डेरी क जरल चेहरवा क लेके लोग कइसे सात्वंना देत हवें।
He is saying that the delivery could be anytime and I have to go abroad because of him.,कहत बा कि अव डिलवरी कवनो भी समय हो सकेले और अइसन मौका पर एकरा वजह से हमके फोरन जाये के पडत बा
It's not a football.,ई एगो फुटबाल ना हव।
"She is taken away by whom she belonged , you cannot fight with the destiny, happiness and sorrow is the part of life , we have to live with it.","अमानत जेकर रहे उ लेगईल ओकरी आगे केकर बल चली , सुख दुख त जिनगी में आवते ही रहेला ओके सहे के पडेला ।"
"Well, here she is.","खयर, ईहअ रही।"
We could make it look like the two of us are lodgers.,"पेले, हम अइसन करें की किरायादार जइसन दिखाया।"
"You can learn a second language in the classroom, at home, or in a country where the language is spoken.","तु कक्षा मे दुसर बोली सिखत हउअ,घर मे ,आकि वो देशवा मे जहवा बोलल जात हउए।"
I am thirsty.,हमके पियास लगऽल हऽ।
"That hotel, that boat....","ऊ होटल, ऊ नाव।"
I will be passing your house this afternoon.,दूपहरिया तोहरे घरे से गुजरब।
We cannot be worried about or terrified of the difficulties in life.,हमहन के चिन्ता ना हवे या की जीवन में कठिनाई क डर हो सकेला।
"Mr. Verma, what is the name of your city ?","वर्मा, का नाम हऽ आपके शहर क।"
Yeah?,हाँ?
"You were wrong, King.","आप गलत रहलीं, महराजा।"
How many pockets are in your shirt?,तोहरे शर्ट में केतना पाकेट हव?
I opened doors.,हम दरवाजा खोल देहलीं।
I speak little bit Hindi.,हम थोड़ा हिंदी बोली ल।
Ranjan is in the reading room.,रंजन पढ़े वाले कमरा में हऽ
Which is the way to your village ?,तोहरे गउवा के कवन रास्ता हउअ ?
And one by one started striking the drum.,आ बारी बारी से सब द्रम बजवलस।
Ram could not walk fast.,राम जल्दी नाई चल पाइ।
Are you going with some office work ?,का तू कार्यालय के काम से जात हवा?
"Ram, who are they ?","राम, उ लोगन के हऽ।"
Good evening.,सुभ साम।
I wasn't even there!,हम उहवाँ रहलहूँ ना!
The English allied themselves to the French.,अङ्ग्रेज फ़्रेञ्च के साथ दोस्ती कर लेलन ।
"And from the description of Jogi, she was sure that he must be Mehar.",जोगी के वर्णन से इ विदित हौ कि ओके मेहर होई ।
Come on say it.,अरे आर कहू दा।
Bella... no.,बेला ना करता हवा
Kickbacks on his kickbacks.,घूस पे ओकर घूस।
Have you had tea ?,का तोहरे लगे चाय बा ?
I am afraid the young man is going from bad to worse.,हमके डर हऽ कि इ नौजवान बद से बदतर हो जाऽत।
I saw crying babies.,हम लइकन के रोवत देखलीं।
How often do they use the internet?,उ सब केतना देर तक इन्टरनेट प्रयोग करेन ।
Will he have gone before it rains?,का उ बरखा से पहिले जा भइल होइहे ?
Where do you get this shit?,ई अंड बंड तोहके कहवाँ से मिलल?
"These days, there is an International Trade Fair going on.","आज कल, एगो अंतर्राष्ट्रीय हस्तकला के मेला चलत बा।"
I thought you might need one to sleep in.,हम सोचत की आप सोने खातिन होई की जरूरत हव
I still have the book that you gave me.,हमरे पास उ किताब जवन तू हमके देहले हवा।
"Since childhood, she has never asked me anything till now.","बचपनअ से, ऊ कबों हमसे आज ले कुछ ना मंगलअ।"
Some of these wars have grown out of commercial considerations.,एमे से कुछ युद्ध वाणिज्यिक कारण से बढ़ल बा।
Please start the clock going.,घड़िया चालू कइ द।
I have done a lot of work today.,आज हम बड़ा काम कइलीं हऽ।
The rat came in when the cat is away.,मूस तब उ ऊवे जब बिल्ली चल गईल रहे ।
"With lightning comes thunder, with thunder comes floods...","परकास - बिजली चमकले के संहे बादर गरजत हव, बादर गरजले के संहे बाढ़ आवत हव..."
We have one less mouth.,घ में एक अदमी कम हो जाई।
The fifth one.,सम्हने से पचवाँ ।
But we'll always be this.,लेकिन हम इ जाइब हमेशा जलेवनी
Now go home and you think about that.,अब घरे जा अउर तू ओकरे बारे में सोचत रहिहा।
Won't you leave me even if I threaten to kill myself?,का तू हमके तबले ना छोड़बा जबले हम खुद मरि जा जाईं?
Please see the house first.,पहिले घर देखा।
How many confectioners are cooking good food?,केतना हलवाई अच्छा खाना बना रहल हऊवन ।
Stay here and keep the little one.,अउर बच्चा क खियाल रखा।
This room holds 100 people.,ए कमरा में 100 लोग आ सकेला।
"A present, was it?",दिहलँ माने? सुना।
You have no messages.,तोहरे पास कउनो सुचना ना हव।
"No , Let ` s sit for some more time , have tea & snacks and then leave.","ना-ना तनी सअ औरी बईठत हंई जा, चाय-वाय पीके चलत हई जा ।"
I have a pain here.,हमरे लगे कलम हऽ।
I have nowhere to sit.,हम अब कहां बइठी।
Nijiko KIYOKAWA Mitsuko Baisho,निजिको कियोकावा मितसुको बैसो।
How many dictionaries have you?,तोहरे लगे केतना डिक्सन्री हउए ?
"If I hadn't fought back, then everyone would think I was weak.",अगर हम पलटकर ना लड़ल होइत त सबको लगत की हम कमजोर हईं
"All right, let's go for the throat!","सब ठीक हव, गले खातिन जा!"
Won't keep you a moment.,एक पल से जिआदे ना लगी।
I've got a headache.,हमरे कपारे में दरद हव।
Who do you think has called ?,तोहरे विचार से के बोलवलस।
You will be relieved.,माई के तनी आराम मिली।
"They wished me to drink with them, but which I declined.",उ लोग चाहत रहे कि हम पिये में उ लोगन क साथ देहीं किन्तु हम मना क देहनी ।
Doc had gone home for the night.,डंगडर पहिलवँ घरे जाइ चुकल रहलँ।
"I had to meet with Gita and Sheela, but I could meet neither of the two.","हमके गीता और शीला से मिलेऽक रहल, लेकिन दोनों से मुलाकात नाई भइल।"
There is a will.,एगो इच्छा बा।
And it's Fat Ass by a nose!,अउर ई मोट गांण हव।
Last door.,पिछला दरवाजा.
Give us cold water only.,हमके ठंडे पानी हऽ त दे द ।
One day Suhini came into buffalo shed where Mehar was busy milking a buffalo.,एक दिन सुहिनी गौशाला में अयिली जहां मेहर भईस के दूध निकलला में ब्यस्त रहने।
I have something else for you.,हमरे लगे तोहरे खातिर कुछ दूसर बा।
"If I'd bought the lottery ticket, we would have won millions.",अगर लाटरी के टिकट किनले रहतीं त आज लाख जीतले रहतीं ।
You're different with him.,आप ओकरे संहे अलग करत हवा।
"No, I figured it out myself.",नहीं हम एके अपने आप समझनी।
Here is my sister Meena.,इहां हमर बहिन मीना बाड़ी। ।
Here's where it makes the most sense.,ईहअ सबले जिआदे माने रखत हव।
Have you paid his bill?,का तु उनके पर्ची अदा कइ देहल ?
When can I see you ?,हम तूहे कब देख सकीऽल।
Long.,लम्बी
Give rice and milo in these big bags.,ई बड़ा वाला थैला में चावल अउरी मिलो दे द।
Will you get Rs.100?,का तु सौ रुपया देबअ ?
"Ann, whom I admire, is not right in this case.",एन जेकर हम बड़ाई कैनी उ उचित ए बात बदे न हऽ ।
Money you shall have.,धन तोहरे पास होई।
Let's take the rest of this walking.,चला बाकी चलके तय करत हईं।
"You've been told by your battalion chief, your captain... and by me not to do nothin', right?",आप तूँ अपने बटालियन परमुख अपने कपतान से कहले हवा..अउर हमरे दुआरा कुछू ना करअ खातिन ना हव ना?
I don't see any signs as mentioned by Ghora.,गोरा दुआरा बतावल गयल कवनो लच्छन हम ना देखलीं।
"Both of us cannot beat you , only Nisha can beat you.",तोहसे जीतल त हम दोनो के बहरे क बात हऽ तोहसे केहु जीती त बस निशा ।
They don't trust us enough to be in their human forms.,उ अनुवाद आयल हव का
Once upon a time a man owned a hen which laid every day a golden egg.,एक बार एक समय एक आदमी के पास में एगो मुर्गी रहे जे सोने के एकगो अंडा रोज देवे।
How you doin'?,तू कइसे हवा?
You saw your dad burn.,तू अपने बापे के जरावत देखला।
Are your feelings hurt?,का दसा हव।
I'll cut his fucking throat.,हम एकर गँटई काटअ वाला हईं?
Where do you live?,तु कहवा रहलअ ?
My sister was charmed with the silk.,हमरे बहिन के रेशम बहुत पसंद हऽ।
Truth is Norton wanted to size Andy up.,सच त ई हव की नारटन एंडी के नापअ के चाहत रहल।
Is secondary education essential ?,का सेकेंड्री/द्वितीयक शिक्षा जरुरी हवे?
I suggest burning that letter.,चिट्ठी जलावेक सलाह हमरे हऽ।
They will plant trees.,उ लोग पौधा लगईहें ।
Look who's back.,देखा के वापस आइ गयल हव।
Lonnie wants to say sorry.,लूनी माफी मांगे चाहतिऽअ।
I am not working.,हम काम नाई करत हईं।
"I need your help, son.","हमके तोहरे मदद क जरूरत हव, बेटवा।"
This story is not true.,ई कहानी सच नईखे।
One must use one's best efforts if one's wishes to succeed.,सफ़ल होवे खातिर अपन सबसे अच्छा प्रयास करे के जरुरत होत ह् ।
"Anyways, I pass my time with these girls because I have not found her yet.",और वैसे भी ए लइकिन के संघे त मो खाली समय विताईला काहे कि अबही ले क ना मिलल ना ।
I have lost the watch that you gave me.,हमसे उ घड़ी हेरा गइल जवन तू हमके देहले रहऽल।
I ain't no goddamn loser.,हम कवनो फिसड्डि ना हईं।
The man who is honest succeeds in life.,जवन आदमी इमानदार होला ऊ अपनी जीवन में सफल होला।
How long has he been here now?,केतनी समे से ऊ इहवाँ हव?
...home of the real firemen.,असली फयरबिरगेड के घरे।
The big fish suddenly broke the line and got away.,बडकी मछरी अचानक लाइन तूर के भाग गइऽल।
You do look pale.,तु पियरका देखत हउअ।
Did you play cards?,का तु ताश खेलत बाडअ ?
We stayed in a village where time had stood still.,हमहन क जहवां गांवे में खाडा रहली जा ओईजअ अभईन भी समय खाडा रहे।
We will enjoy our holidays.,हमहन क आपन छुट्टी क मजा लेवेके ।
Can you have some information?,का तोहरे लगे कुछ सुचना हो सकलअ ?
[Pengelly] Steve.,(पेनजेली) इसटीव।
Jasper has experience with newborns.,उ उन्हें हरावे के खातिन जानत हव
You know.,तोहे पता हव।
Can you cross the road properly?,का तु ठिक से सडक पार कइ सकलअ ?
Would he work harder?,का ऊ पहिले से कठिन काम करिहन?
You be sure and thank Maisie for this fine pie.,पक्का होइ ला अउर केक खातिन मेइजी के धन्नबाद दीहा।
I want to see you playing with the ball.,हम तोहके गेना के साथे खेल देखेऽक चाहत हई।
We gave them some food.,हमहन क उन्हन के कुछ खाना दे देहली जा ।
I worked only two sums.,हम खाली दूई सवाल कइली हऽ।
You'd like it.,तू एके पसन्न करा।
"Hey, Pengelly, you're on TV.","अरे, पुनेगेली, आप टीबी पे हवँ।"
Have you seen Ravi lately?,का तु रवि के लाटरी दॆख चुकल हउअ ?
I was very embarrassed.,हम बहुत झेंप गइल रहलीं।
Photography by Subrata Mitra,फोटोगराफी सूबरत मितरा।
Whose are these cattle ?,ई मवेशी केकर हवन?
The roads in this country is not good.,ये देश के सड़क सब ठीक ना बा।
They were delicious.,उ सब सुस्वादु हवें ।
How many trees fell down?,केतना पेड़ नीचे गिर गईल ह ।
I did see.,हम देखलीं।
I got one.,"हमके एगो मिलल, देखा।"
Does she ask me?,का उ हमसे पूछत हई ?
And the most important advantage is that we get a chance to become students again.,सबसे बड़हन ऐकर फायदा इ हऽ कि फिर से छात्र बने क मौका हऽ।
I do not mean to read.,हमरे पढ़ले क मतबल नाई हऽ।
"If you have completed the course, you will receive a certificate.",ई कोर्स के खतम करबूत एगो प्रमाण पत्र मिलि ।
We are losing the hold on the fort.,किला हमरे हाथन से निकरि जाई।
I can never forget this.,ऐके हम कबहू न भूलाइब।
"Pelle, I promise you'll never again see me... the way I was yesterday.",जदि हम वादा करी की कल की तरह अपने पिता को फिनू कबों ना देखबा।
Does the bird fly in the air ?,का ऊ चिड़िया हवा में उडल?
I'm just eating.,हम अबहिन खात हईं।
Don't waste my time.,हमार समय न बर्बाद करा।
Never known nobody that close to kickin' it.,करीब ई लात मार करअ खातिर कबों हव कि केहुअ जानल जात हव।
Go.,जाओ।
I am sending you a book which I think you will like.,हम तोहके किताब भेजत हईं हम सोचत हईं कि तोहके पसंद आई।
The time was six o' clock.,छह बजत रहऽल।
"Stop, Antonio.","रुका, अनटोनियो ।"
"Police is searching me like dogs and you know until I finish my punishment, I cannot come back to Mumbai.","पुलिस हमरा पाछे कुत्ता की जईसन पडल बा, और तु जानत हऊ की जब हम सजा काट ना लेईब, हम बम्बई वापस ना आ सकीला ।"
He was dead drunk at the party.,लेकिन पूजा में ऊ नसा कइ लिहलअ।
How many names does India have ?,भारत के केतना नाव बा।
Do you deny that you stole the purse ?,का तु नकार देहल कि तु पर्स चोरवले रहलह ?
How many brothers do you have ?,तोहरे केतना भाई हउए ?
What did you hide in the purse ?,तु पर्स में का छुपवला?
What has happened Uncle?,का बात हऽ काका ?
"We got 1 2 turkeys, about 40 chickens 50 sirloin steaks, two dozen of pork roast and 20 legs of lamb.","हमरे इहवाँ 12 टरकी, 40 मुरगि अन....50 सेर के अगिला भाग का टुकड़ा, दुइ दरजन भूनल पोरक....20 भेंड़ी क गोड़ ।"
"I tell you, when we first came up here I thought it was kind of scary.","हम तुहके बतावत हईं, हम जब पहिली बेर इहवाँ अइलीं...हम सोचले रहलीं की ई कुछ कुछ डेरावन रहल।"
We are going to start something new today.,आज हमहन क कुछ नया शुरु कईल जाई ।
"How would you know, You totally disappeared.",कइसे पला चलत तु गायब ही हो गईलु ।
A girl who is educated in society is praised by all.,समाज में जवन लइकी पढ़ल लिखल हऽ ओकर तारीफ सब करऽल।
Will I answer the question?,का हम सवाल के जवाब देब?
I met Ravi yesterday.,हम कल रवि से मिलल रहलीं।
[Fire Bell],(आग बेल)।
You can do this work.,तु ई काम कर सकला।
Bastard!,बासटरड!
The boy pushed the door open.,लइका केवाड़ी खोल देहले।
They supply vitamins to keep you healthy.,उ लोग हमरे स्वास्थ्य बदे विटामीन देवेन ।
They have not been working hard,ऊ लोग मेहनत नईखे करत।
Will you treat me?,का तु हमके दवा देबअ ?
Where's 17?,कहवाँ 17 हव?
Caught his wife in bed with some golf pro.,ऊ बिसतरा में कवनो गोलफ खेलाड़ी के संहे अपने मेहरारू के पकरलअ।
Is he not working?,का ऊ काम ना करत हवें?
"Ram couldn't scold Anil, and Anil asked him for money.","राम के अनिल के डांट पइलस, अनिल ओसे पइसा मंगलस।"
Lend me a pen.,हमके पेन उधार द।
Heaven help us !,दैउ हमके बचा व।
I have one sister.,हमार एगो बहिन हऽ।
The Commissioner gave rewards to such men as deserve them.,कमीश्नर उनके प्रोत्साहित कईलस जे ओकर हकदार रहे ।
Think of the sword as part of the body.,सरीर के एक भाग के रूप में तलवार के बारे में सोचा।
"Though your heart is bleeding, you killed your enemies.",तोहरे हिरदय के लहूलुहान होखले के बवजूद तू अपने सत्तरुन क संहार कइला।
How many kangaroos are in my city?,हमरे शहर में केतना कंगारू हवें।
"Come on, Erik.",आवा!
"The uncle asked, ""where is your mother-in-law ?""",चाचा पुछलन कि कहां तोहार सास हिय ?
I went to the hospital to see my uncle.,हम अपने चाचा के देखे अस्पताल गइलीं।
"You will spend all your life with a person , whom you don ` t know , have never met , and who is a total stranger for you.","तु आपन पुरा जिनगी एगो अइसन आदमी के साथे बिता देबु, जेके तु जानत ना हउ, कबो मिलल ना हऊ, जवन तोहरी खातिर एकदम अजनबी बा ।"
Get to the side!,ए तरफ जा!
Basically the Snowcat operates very much like a car.,ई ठीक हव! असल में सनो कैट एगो कार जइसन चलति हव।
"Terrible fucking luck, huh?","भयानक भागि, हव ना?"
That's the boy I invited to the party.,उ वही लईका हऽ जेके हम पार्टी मे बोलवनी ।
Out through the windows drifted a cold gray mist as Death departed..,खिड़कियां से बहरे चल गयल एक ठंडी मरे धुंध जब मउत जुदा हुई
"No, but I shan't slave as a rent collector for ever","नाहीं, लेकिन हम हमेसा खातिन एक अमीन क काम न करत रहब।"
"You must work hard, or you will fail.",तोहके कठिन काम करे के चाहि नाहि ते तु जीत नाई पइब।
Mary wanted him to win race.,मैरी चाहेली कि उ रेस जीत जाए।
"Notjust for one night, I want her day and night all my life.","खाली एक रात खातिर नाहीं, हमके ऊ हमरे पूरी जिनगी के दिन रात खातिन चाही।"
Did you read that ?,का तु पढ सकत रहलह ?
Can you fix me up with one?,का तू हमके एकर जोगाड़ कइ सकत हवा?
In a second you'll have more to tell her.,एक सिकेड़ में तुहरे पास ढ़ेर होई बतावे खातिन
I have to listen from you that is a rule.,हमके तोहसे नियम जानेऽक हऽ।
First you hate them.,पहीले तु इनसे घिन्ना करेला।
These four students are also Maharashtrians and that is Mohanti,ई चारों छात्र मराठी हवें अउरी ऊ मोहंती हवे।
"I'll see you again some time, I'm sure.",पक्का है तोहसे हम फिर मिलब।
Point!,बिन्दू!
See you again.,तु फिरसे देख लिह।
Will he be late?,का ऊ देर हो जईन्हें?
We asked him where to get tickets.,हमहन क ओसे पूछली जा की टीकट कहां मिलि ।
I have to purchase a saree.,हमके साड़ी खरीदेक हऽ।
She doesn't love you.,हम तुहसे प्यार
I bought a ball for Rama.,हम रामा खातिर किताब लइलीं।
You want her!,का आप एके पसंद हव
"No, I ain't.",ना हम नाहीं।
You bunch of pups! Gimme back that goddamn bottle!,"आप पिल्ले क गुच्छा, कि उहवाँ गाइडैमंड बोतल हमके दा।"
Prison life consists of routine and then more routine.,जेल जीवन दिन भर काम क होले...अउर फिनू अउर दिन क काम।
Will the children sleep on the floor?,का बच्चा सब फ़र्स पे सुतिहें?
Just give me that chance.,बस हमके मोका दा।
[Sirens],(आवाज)
Wait!,रुको!
How to make a chair?,कैसे एगो कुर्सी बनेला ।
I told him point-blank.,हम ओके खाली जगह बतइलीं।
Is he abusing you?,का ऊ तोहके गाली देत हवें?
"Glenn Quentin, golfpro at the Snowden Hills Country Club whom you had discovered was your wife 's lover.","गलेन कवँटिन, सनोडॉन हिल्स कन्टरी कलभ में गोलफ समरथक ओ अदमी के जानिके जवन तोहरे मेहरारू क परेमी रहल।"
A lesson would be wriiten.,सबक लिखल जाई।
The food was ready.,खाना तैयार हऽ।
I was in Rome.,हम रोम में रहलीं।
Let's get something to eat.,चला कुछ खाये के भगावत हई.
You do a good shooting.,आप नीक सूटिंग करत हवा।
Don't go out now.,अब बाहर के तरफ मत जा।
"Then you are getting really confused, huh?",भूना हुआ पोर्क बहुत स्वादिष्ट रहल
There was a brick wall between the cells.,शाखा के बीच में ईटा के दीवार रहे ।
He using that line of shit on you now?,ऊ अब तोहरे उप्पर ओ गन्दगी के पाँती क उपयोग (करी)?
It just died.,ऊ अबहिनअ मरल ।
You have work for me.,तु हमरे खातिर काम कइला। ।
Ravi will meet Amit.,रवि अमित से मिलिहें
I did not buy because I did not like the look of it.,हमके देखे में नीक नाई लगल ऐसे हम नाई खरीदलीं।
I have kept my book on the table.,हम आपन किताब मेज पर रखलीं।
And I know you feel something for me. I can sense how I make you feel...,अउर हम तू हमरे खातिन ओस जिस कुछ पता हव
You will write the lesson.,तु पाठ लिखब ।
Does she want to promote you ?,का उ तोहके बढ़ावा देहल चाहत हई ?
It's possible that he had not receieved the letter.,अईसन हो सकेला की उनके चिट्ठी मिलले न हो।
It was no easy matter.,ई बहुते आसान मामला नईखे।
The ruler is on the desk.,पटरी मेजे पर बा।
"Should you see him again, walk the other way!",अगिला बार ओकरा के देखिह त दुसरा रस्ता लेकर चल दिह ।
The accident resulted in the death of five people.,घटना से पाँच आदमी मर गयल ।
"I promise you, I will not crack such jokes again.","हम वादा करत हई, अईसन मजाक फेरो ना करब ।"
Where's that family?,ओकर पलिवार कहवाँ पे हव?
I come from a rich family.,हम पइसावाला परिवारे से हईं।
They transferred him to a minimum-security hospital upstate.,ऊ ओकर बदली एगो सबले छोटा सुरछा असपताल में कइ दिहलअ।
It came from the giant boar.,इ उहे हऽ जेके उ मार देहल।
We do not wish to restrain ourselves.,हमहन क ईच्छा ना हवे अपने आप के बश मे कईले क ।
I need translation.,हमके अनुवाद चाही।
Perhaps I go to Delhi day after tomorrow.,हो सक ल परसों हम दिल्ली जाईं।
The bicycle is a new one.,साइकिल नया ब।
Hey Bouquet!,अबे ओ गुलदस्ते
"This boy does not listen to anyone, why shouldn't people be mad at him?","ई लड़का केहुए के बात पर ध्यान ना देला, लोगन के एके लेके काहे पागल ना होखे के चाही?"
"If I had heard him say that, I would have been angry.",हम त ओकरा के ई कहत सुनले रहतिं त बहुत गुस्सा गयील रहतीं ।
No. Of course not.,बिल्कुल ना
"No, no, no.",नाही नाही।
"I always wanted to be somebody, but I should have been more specific.","हम लोगन जइसे बने चाहीऽल, लेकिन हमके तनि खास होए चाही।"
"I hurt my ankle, man.",हमके हमरे टखने में अदमी क चोट लगल।
Show it in action.,तू एके खुद देखिहा।
I have not seen him since.,हम ओके नाई देखली हऽ।
Did they finish painting the house?,का ऊ लोग घर के रंगाई ख़तम कर देले होई?
Nothing has happened as you imagine.,अइसन कुछ ना होई जइसन तू सोचला।
The boys who are playing are tall.,जवन लइके लड़त रहल हउए ऊ लम्मा हउए।
The danger was averted.,खतरा टल गईल ।
Do have some tea.,चाय हव का?
I am always positive.,हम हमेशा पॉज़िटिव हई।
Was there a problem with my homework ?,हमरी गृह कार्य में कवनों समस्या रहे का?
This is the house which belongs to my uncle.,ई घर हमनी के चाचा के हवे।
Ram brought the mirror.,राम शीशा ले के आइऽल।
Is it a deal?,जितना चाहा जोस्से
"Which girl Ravi thinks that Ram met, Anu knows her.","रवि सोचऽत उ लड़की जवन राम से मिलऽल, अन्नू ओके जानऽल।"
Bring me his slate,ओकर इसलेट ले आवा।
What does the mirror think of himself ?,आईना अपने बारे में का सोच सकेला?
This questions you had to ask yourselves.,ई प्रश्न के तोहके खुद से ही करे के चाही।
Does she win everytime?,का उ हर समय जितत हउए ?
Yes,हाँ
Was she singing a song ?,का उ एगो गीत गावत रहने ?
Silence.,चुप रहा!
It was between who I should be and who I am.,लेकिन बीच में का कयल जानय के चाही अउर हम का
"There was a couple of Rangers who hadn't forgot about me,","जवन रेंजरन क एक जोड़ा रहल, हमरे बारे में भूल ना कइले रहल।"
I gave your letter to the clerk.,हम बाबू के तोहार खत दे देहलीं।
Hari is helped by Rama.,हरि रामा क मदद कइलस।
I'll do whatever you want me to do.,हम तोहके का कयल चाहत हईं हम कुछहू करब।
Did the fact that she was a woman have anything to do with it ?,का ई नतीजा हवे कि ऊ औरत होखला की वजह से इनका साथे कुछ भी कर सकेली?
I gave the money to my brother.,हम पइसा अपने भाई के देहलीं।
They are commenting horribly.,ऊ बहुत भद्दा छींटाकसी करत हवॅ।
Haven't you been to the party?,का तु पार्टि मे नाइ होबअ ?
"Alright Mom, I shall leave, I will meet you at home in the evening.","अच्छा माई, हम चलत हई सांझी क घरे मिलब अच्छा ।"
I direct that the prisoner be set free.,हम कैदी के सिखइली आजादी की तैयारी करऽअ।
Bhauji! Do you still miss Gunja?,अच्छा भऊजी तोहके गुंजा क अब बहुत याद आवत होई ।
Ram will attend this meeting.,राम इ बैठक में जाई।
Which is the capital of india ?,भारत क राजधानी कौन है।
Where were you born ?,तु जन्मल कहा रहल ?
Do you know where the railway line is?,"रेलवे लाइन कहवाँ हव, पता हव?"
Boys were running fast.,लईके बहुते तेज भागत रहने ।
"Remember, a Fides.","इयाद रखिहा, फिडिज।"
"Please make up your mind first, car or scooter will appear at your doorstep.",पहले आपन मन बनावा कि दरवाजे पे स्कूटर खड़ा होई कि कार।
Did you have breakfast this morning ?,क तु एहि भिनहिए नास्ता कइल हउअ ?
By which name is this civilization known as ?,ई सभ्यता के का नाम हवे?
"“Every day, I get up at 7 o'clock.”",""" हम रोज हम सात बजे उठ जाइऽल”।"
"Wait, Mr. Chakrabarti","रुका, सरी चकरबत्ती।"
I have often told you this truth.,हम अक्सर इ सच तोहसे बतइले हईं।
Pork roast. It was delicious.,सब खा लिहली
What did the narrator presume about the boys?,कथावाचक लइका के बारे में का पहिलहि सोच लेहलें।
I got through the door easily.,हम दरवाजा से आसानी से चल जाइब।
"You and me will set out to conquer... that great, rich, wonderful world.",महान भयानक...अदभूत दुनिया।
To the police station.,पोलिस थाना।
You okay? Yeah.,तू ठीक हवा?
Do you stay in Kalyannagar ?,का तु कल्याननग मे रुकल रहल ?
You're marrying him?,के खातिन ओके अडाजेस...?
Today he is in high spirits.,आज त उ अच्छा मिजाज में हं ।
Good. I'm glad. Hey.,"अरे, आप के बारे में कइसे येतना पता हव?"
When did you return from Ajmer ?,तू अजमेर से कब वापस अइला।
I accomplished this with him.,ओके साथ इ हम पूरा कइलीं।
You do not wear your new suit to the office.,तु आपन नवका कमीज कार्यालय खरतिन नाई पहिनले हउअ।
"I love tea, don't you?",हमके चाय पसंद हऽ तोहके?
Rama and Karim are nearly related.,रामा और करीम में नज़दीकी संबंध हऽ।
"Accommodations are in a variety of simple cottages, the size and level of privacy varying according to price.","रहेऽक प्रबंध कई झोपड़ी में ब, लेकिन दाम के हिसाब से गोपनीयता और आकार अलगे ब।"
Not likely.,ना क सम्भावना हव।
"Thankyou, everything is alright.","धन्यवाद, सब कुछ सही बा।"
I think an air mattress would've sufficed.,हमें लगत हव की हवाई गद्दा का एक बहुत कुछ रहल
I've been in and out since I was 1 3.,"हँ, हम 13 के उमिर से भित्तर बहरे होत रहल हईं।"
How many friends do you have?,तोहरे लगे केतना मिता हउए ?
Please tell the names of major Sindhi novelists.,बड़हन सिंधी उपान्यासकारन क नाम बता व।
I have not heard the latest news.,हम ताजा ख़बर नाई सुनले हईं।
"Did you know, Mr. Torrance that your son is attempting to bring an outside party into this situation?",का तुहके पता हव सरी टॉरन्स...की तुहार बेटवा..एगो बहरी परटी क ेले अइले क पर आ सकत हव।
How cold you are !,तु केतना ठन्डा हउअ ?
[Chuckle],[व्यंग्य]
Would you like to see?,का आप देखल चहबा?
The music was so uplifting.,संगीत ऊपर जाए वाला हऽ।
"You set them up and I'll knock them back, one by one.","तू ओके सजाता...अउर हम ओके वापस पलटी करब, एकेक कइके।"
It's a cancel.,ई एगो रद्द हव।
I wrote a letter.,हम एगो चिट्ठी लिखलीं।
Who did all these kids like a beast?,जानवर की तरह किसने इ सभी बच्चों को कइलँ रहलँ?
"I mean... You definitely don't wanna have to get married, because you weren't... careful.",सुनिश्चित करा कि आप खातिन संभाल देला नीस
"You have done enough exercise, now do sit down.",तु पुरा कसरत कइ भइल हउअ अब नीचे बइठ जा।
This is more like it.,ई येही के तरह से अधिक बा।
Who did a lot of work ?,के बहुत काम कईलस?
I like to go.,हमके जाएक होई।
She's my life.,ऊ हमार जिनगी हव।
You should get that tooth pulled out.,तोहके लगता कि दात बाहर निकाल देवे के चाहि।
That's it!,ई गयल!
I asked him why he came.,हम ओसे पूछली कि काहे आइल हवा।
Hi.,हाय।
According to me this is not going to work out.,हमरे मुताबिक ऐसे काम हो जाइ।
Then he cuts the girls open to see.,फिनू उ लड़कियां का पेट फाड़ के देखत हव
"To tell you the truth Gunja! since when you have come, I don ` t feel happy at home anytime.",सही कही गुंजा जहिआ से तु आइल हऊ न घरे में हमार एक पल भी मन ना लागत बा
"In any case , I don ` t do anything wrong.",हम त वैसे भी कवन सा गलत काम करले हई
Now.,अबहिन पिता जी!
"Yes, I brought some pearl, stringes and bangles made out of gumlac studded with stones.","हां, हम कुछ मोती, धागा और गुलमक के बनल चूड़ी खरीदले रहनी। ।"
Why don't you go find a corner to hide in?,काहें अपने के छिपावअ खातिन एगो कोना खोअअ खातिन जायेके ना हव?
Soon they were on their way.,जल्द ही वे अपने रास्ते पर रईंह ।
Can't avoid it.,एके हम दरकिनार ना कइ सकतीं।
"When we were ten, they asked again, and we answered, rock star, cowboy, or in my case, a gold medalist.",रॉक स्टार चरवाहा या मामले में हमार पदक जितलय सोना अब हव कि हम पले जवाब चाहत एक गम्भीर
Which animal has tusks and a trunk?,कवन जानवर के सूढ और दांत ह ।
This is where we keep all of our meat.,येहीं हम आपन सगरो माँसु रखत हईं।
Are you feeling cold?,का तु ठंड महसुस करत हउअ ?
Here all other things are good except weekly written test and monthly-oral test.,इहां साप्ताहिक लिखित परीक्षा अउरी मासिक मौखिक परीक्षा के छोड़ के सब ठीक बा।
Why don't you go back to where you came from?,दुसरे मूरख के पास वापस जा
We love Bahadur.,हमहन क बहादुर से प्यार करीला ।
I will sit on my desk to do my lesson.,आपन पाठ करे खातिर हम अपने मेज पर बइठब।
You knew that you had booked a flight for tomorrow.,तु जानत रहल कि तु बिहने खरतिन एक उडान बुक कइ चुकल रहल।
Was her sister married ?,का उनकर बहिन शादी शुदा हई?
"He's right! If you stay and fight, you'll die like rats.","आपके रहअ खातिन अउर लड़अ के हव, त आप चूहन जइसन मरि जइबा।"
Fucking rat!,मूस कमबखत
Yes Indu.,हाँ इन्दू
I have just started learning this language.,इ भाषा अबिहने त सीखेंऽक शुरू कइलीं हऽ।
"Because the cost of education has risen, many students are having financial problems.",काहे की पढ़ाई मे खर्चा ढेर भइल हउए कई छात्र पइसा के समस्या के सामना करत रहल हउए।
"Yes of course! You people do not study throughout the year , peep into your neighbors ` during exams and then come here to get your numbers increased.",जी हा साल भर पढाई करवे न करींहअ इम्तिहान के समय बंगला मे झंकिंहअ और फिर आ जईहंअ इहां तक अपना नंबर वढवावे खातिर
A lost moment is lost for ever.,गुजरल समय हमेशा के लिए चल जाऽल।
He also learned the joy of losing.,ऊ इहो खोअले क खुसी सिखलँ।
Did you have a fight with Jane ?,का तोहार जेन के साथ झगडा भईल बा का?
People hate hard work.,कड़ी मेहनत से लोगन के नफरत हऽ।
I asked him.,हम ओसे पूछली।
Though uncle doesn ` t complaint much but it is a chronic illness doctor.,तकलीफ त बहुत बड़ियार हीय वैद जी भले ही काका मुह से ना कहे ।
"After I find the keys to my car, I’m going to go shopping.",अपने कार के चाभी मिलले के बाद हम जात हई खरीदारी करे।
A man gets stuffed through the windshield of his own car.,एक आदमी अपने कार की बिंडसिल्ड के माध्यम से भरवां हो जात हव।
"Resist the devil, and he will flee from you.",सैतान के विरोध कइले पर उ तुहसे लामे भागि जाई।
Take anything that you like.,जवन तोके पसंद हव त्वं लेला।
"Let me tell you something, my friend.","हमके तोहसे कुछ कहअ के हव, हमारे दोस्त।"
We have begun the test.,हमनी टेस्ट शुरु कर देल बानि ।
"If you're reading this, you've gotten out and if you've come this far, maybe you'd come a bit further.","अगर तु पढ़त हव, तु बहरे हवा, आउर अगर तु एतनी दूर आ गयल हवा, शायद थोड़ा आउर आगे आयल चाहत हवा।"
Did you have trouble in locating my house ?,तोहके हमरे घर के पता लगवले मे परशानी होत हउअ ?
The girl has crept out of the house.,लइकी रेंग के घर से बहरे आइल।
And I'm sick of you! - Go ahead. Do it again.,हमेसा काम काम के बारे में सिकायत।
What would be happening there ?,उहाँ का होत रहे?
Be careful!,"राजकुमारी आशीटाका, इंतजार करीं।"
You ass!,तोहार तसरीफ।
I would've seen her deciding. - It has to be the Volturi.,इ बालटरी हव होवे बालटरी
I consider John intelligent.,हम मानीऽल जॉन होशियार हऽ।
And when you got bored?,अऊर जब अपने ऊब गइलँ?
"[Stephen] Hey, Shadow.",[स्टीफन] अरे छाया।
Let me get one of those.,हम उनसे एक हो जाई।
I have been living in Iran since 1997.,हम 1997 से इरान में रहत आवत हईं।
"When he will call I don't know, but John will definitely call.",उ कब फोन करी हमके नाई पता लेकिन जॉन पक्का फोन करी।
Why are you still standing here?,तू अबहिन ले इहवां काहे ठाढ़ हवा?
Go ahead!,आगे बढ़ो।
Do you sing a song?,का तु गीत गावत बाडअ ?
"Okay, roll the hose.","ठीक हव, नली रोल।"
I could not understand you at all.,हम तोहके अब तक नाई समझ पावत हई।
"What are the pleasures of air travel, according to the writer?",लेखक के मुताबिक हवाई यात्रा क कवन सुख हऽ।
Mohan is staying in Agra nowadays.,मोहन ए समय आगरा रहऽत।
Aiwa's exciting range of Hi-Fi V.C.D Systems.,एआईडब्लूए'एस हाई-फाई वी। सी। डी। सिस्टम के बहुते बढ़िया सुविधा देला।
"I know, I know.","हमके पता हव, पता हव ।"
Can he play the trumpet?,का ऊ तुरही के बजा सके लन?
All cadets have the same fate.,सभे खेतिहरन क ईहअ कि समत हव।
"Watch out, Steve.",इसटीव बहरे देखा।
"The girl has come after so many days, I did not even have the slightest idea of the time.",बच्ची एतना दिन बाद आईल हअ नअ समय के तनीको पता ना चल पवलस हमके ।
I came early so that he could go on time.,हम जल्दी अइली जवने उ समय से घरे जा सके।
Does she make herself clear?,का उ खुद साफ करत हई ?
We ate the apples because they were delicious.,उ मिठ रहल स काहे की हमहन क सेव के खईली जा ।
"In the year 1212 AD, Bhungar Soomro used to rule in Sindh at the city called Roopah.","साल 1212 एडी में, भूंगर सूमरो क सिंध में राज रहऽल जवने क रुपह शहर कहल जात रहऽल।"
Usha Kiran is not taller than some other buildings in the city.,शहर के कुछ भवन के छोड़ के उषा किरण ज्यादा लम्बा न हऽ ।
"Mr. Sharma, which place do you belong to?",आप कहां से आइल हईं शर्मा जी!
Ila wrote a letter with a pencil.,इला एगो चिट्ठी एगो पिंसिल से लिखली।
"Super, That makes me really happy.","ई हमके बहुत खुस्स, सुघ्घर बनावत हव।"
I saw him right there.,हम ओके इहां देखली।
The captain praised Balu.,कैप्टन बालू के प्रशंसा करुवे ।
I have given the letter to servant after writing it.,चिट्ठी लिखले क बाद हम एके नौकर के दे देहलीं।
There I saw a girl who was beautiful.,हम उहां एगो खूबसूरत लइकी देखली।
The people regarded him as an imposter and called him a villain.,लोग ओके ठग जानें ल और विलेन बोलावें ल।
Has he worked?,का ऊ काम कईले?
Does he bless you?,का ऊ तोहके आशीर्वाद देहने?
Time which is lost is never found again.,गुज़रल समय दोबारा नाई आवऽल।
This is the most useless of all my books.,ई किताबन के सबसे बड़ा उनुपयोगिता रहे।
Where were you ?,तु कहवा रहलअ हऽ ?
I phoned to a hotel.,हम एगो होटल में फोन कईलीं।
Miraculously every night Damma immediately would fall into a deep slumber.,चमत्कारी तरीका से डम्मा हर रात में जल्दी ही गहरी नींद में चल जाला ।
is that so?,सही में?
Ram met Ravi unexpectedly.,राम रवि से अचानक मिल गइल।
Stevenson.,... इसटीवंसन।
This is the most perfect specimen I have seen.,अबहीं तक हम जेतना देखले बानी ओह में ई सबसे बेहतर नमूना रहे।
She got devastated.,उ तबाह हो गईल हवन।
There was a one room house vacant near my house few days ago..,कुछ दिन पहिले हमरे घरे के लगे एक कमरा क घर खाली रहल।
"I will be back in a second, meanwhile, you get the tea ready.","हम एक सेकेंड में लौटतक हई, तबले तू चाह तैयार रखिहा।"
Did she have to pay a fine ?,का उनके हर्जाना/जुर्माना भरे के पडल?
"We cannot send you the goods, because we are out of stock.","हमहन क तोहके समान ना दे सकत हई जा, काहेकि हमहन क दुकान से बाहर हई जा ।"
Then I'll huff and I'll puff and I'll blow your house in!,फिनू हम सूँहब...अउर हम फूँकब...अउर हम तुहार घर उड़ाइ देब!
Raju ate lunch.,राजू खाना खा भइल।
Or we end them.,निणर्य निणर्य
Did you really expect him to tell you the truth?,का तु सही मे हमसे आशा करतड कि तु सही बतइब ?
It rains.,बरखा होत बा।
"Wake up and fetch the doctor, quick!",जागा अउर डाक्टर के ले आवा।
I just didn't expect the storm would last as long as it has.,उमेद ना रहल तूफान एतना लम्मा चली।
Do you learn all the three languages ?,का तु सब तीन भाषा सिखल हऽ ?
How long have you lived here?,तु यहवा केतना दिन रहल हउअ ?
Put him in the cellar.,ओके निचे तहखाना में लेना।
Congratulations Bhai Sahab!I am utterly happy since I have heard about Rajesh ` s engagement.,बधाई हो भाई साहब बधाई हो जहिहा से राजेश के सगाई क खबर सुनले बानी हम त फूले ना सगात हई ।
But I flatly refused.,हम त साफ मना कर दिल्ली
What are you gonna do?,तू का करबा?
We are working.,हमनि काम कर तानि ।
"Anyway, here, we're gonna have to lift him.","ओइसहूँ, इहवाँ, हम ओके उठावअ खातिन होत रहलीं हैं।"
We arrived at noon.,हमहन क दोपहर में पहुच गईल रहली जा ।
I am swimming.,हम तैरत हईं।
The mason is building the wall.,मेसन दीवार बनावत हवें।
I got out of bed...,हम बिस्तर से बहरे निकलली।
The idea that he has given is not bad.,जवन विचार उ देहले हऽ बुरा नाई हऽ।
It's a warrior! - Good!,एगो पहलवान!
Papa has sent the library books and has said thank you.,पापा लाइब्रेरी क किताव भेजले हवअ और कहलअ धन्यवाद ।
Please read this letter!,चिट्ठियां पढ़ा।
He may bite if you go.,ऊ तोहके काट लीहँ अगर तू गइला।
I am very grateful to you.,हम तोहार बहुत आभारी हई।
There was so much traffic that we were an hour late.,उहाँ इतना अधिक ट्रैफिक जाम बा की हमनी के एक घंटा देर हो गईली।
You begged me here in your last dying moments.,तू अखिरी मरत पलन में हमसे गुजारिस कइले रहला।
"Bella, I envy you.",का? इ मजाक हव
We were climbing a mountain.,हमहन एगो पहाडे प चढ गईल रहली जा ।
"Those were your words, according to your neighbors.","ई सबद तू कहला, सिरी डुफरेन, परोसिअन गवाही दिहलँ।"
The girl ran into her bedroom.,लइकी अपने सुते वाला कमरे मे भागत हवे ।
The boys roamed in park last evening.,कलिहा संझिया के लइके लोग पार्कवा मे घुमत रहने।
Ours is the last house in the street.,हमार घर गली में पीछे वाला हऽ ।
"Still shy about rolling up your sleeves, Shadow?","छाया, आपन अस्तीन मुड़ल के बारे में अबहिनो सरम?"
I have to shave my beard.,हमके दाढ़ी बनावेक होई।
Who do you think has bought that book ?,तोहरे विचार से के किताब ले आयल हऽ।
"It wasn't much of a film, was it?","ई फिल्म के बारे में ना रहल हऽ, का रहल हऽ?"
What quality of the boys did attract the author?,लईकन के कवन गुण लिखेवाला के प्रभावित कइले ।
"By way of introduction, he made some pertinent remarks.",परिचय के ज़रिए उ कुछ टिप्पणी कइलस।
Stop!,रुका।
Ram beat Anil.,राम अनिल के पीट देहलस।
It has also been done by the learned men.,सीखे वाला के से ही इ सब कईल गईल बा।
Mother is at home.,माई घरे बा।
But it's difficult not to when your heart is broken.,लेकिन ये एक भयानक परलोभन हव जब आपका दिल टूटल गयल हव।
Another backdraft.,एगो अउर बैंक डराफ्ट।
"O fellow men, the judge to this competition is none other than the future queen of Udhaigarh, our King's one only daughter, Princess Mithravinda Devi.","हमार साथिन, ये परतिजोगिता क निरनायक केहू अउर नाहीं बलुक उदयगढ़ के भभिस क महरानी हईं अपने महाराज क एममात्र बिटिया, राजकुमारी मित्तराबिन्दा देबी।"
How could you...,तू कइसे.....।
Will you have answer of that question?,का तोहरे लगे वो प्रश्न के उत्तर बा ?
You do not love me.,तु हमके पियार ना कर ला।
Can I go to the temple with Nisha?,का हम निशा के साथे मंदिर जा सकेलीं?
I meant it for a joke.,इ हम मजाक करत रहलीं।
"If you talk, you're dead.",जदि बोलो तू बचवा ना
"Even his old friend Smith, who had been indebted to him for many favours in the past, gave him the cold shoulder.",इहां तक कि उनकर पुराण दोस्त जेह पर ऊ कई एहसान कईले रहलन और ऊ उनकर कर्जदार रहलन फिर भी उ उनका के आपन कन्धा के सहारा ना देहलन।
We can't arrive before Saturday at best.,हमहन क सबसे अच्छा शनिवार से पहीले ना आ सकत हई जा।
"Yeah, right, Ronald.","हँ, सही हव रोनल्ड।"
"Okay. Rosalie... I don't understand what I did, to make you hate me so much.",रोसेलाई समझ ना करत हव हम का कइ रहल हईं की तू हमें येतना ज्यादा नफरत
Can you tear this file?,का तु इ फाइल के छेद कइ सकलअ ?
"Father, do not do it, I beseech you!","पिताजी अइसन जानि करा, हम तुहसे बिनती करत हईं"
I enter the names on this clipboard here.,हम इहवाँ येह किलिप बोरडपे दरज करत हईं।
Who has built this ?,एके के बनवयिले रहे?
What can we do?,हम का कइ सकत हईं?
Wren designed this cathedral.,रेन इ कैथड्रेल बनइले हऽ।
He was always in love with you.,ऊ हरदम तोहके पिआर करत रहल।
I am a student.,हम छात्र हईं।
One word in Telugu has many meanings in English.,तेलगू क एकअ सबद क अंगरेजी में कईगो अरथ होत हवँ
I asked the question.,हम सवाल पूछलीं।
It has worked.,ई कम कईलन।
As if it were cursed.,इ सब कुछ बुरा होत हव।
Are you doubting her feelings for you?,हमें लगत हव की आप की अउर उसे भावना में संदेह ना हव
"Mrs. Potato Head, because she loves us so much, has offered to make her special monkey souffle for us.","प्रमुख मिस्टर पोटेटो, उ हमन से प्यार करेंली, हमन के बनरे खातिर सॉफल बनावे के कहले हईं।"
This merchant is richer than that merchant.,ई व्यापारी ओ व्यापारी के अपेक्षा ज्यादा धनी बा।
It wouldn't be that different from the episode that he had before we came up here.,ई एतना अलगे ना होई ओ परकरन से जवन हमरे इहवाँ अइले से पहिले ओकरे संहे भयल रहल।
These are the books on the poems of Mamoi Sages.,मोमी सागेस के कविता के ई किताब हवे। ।
Can he speak in Sindhi ?,का उ सिंधी मे बोल सकत हाउए ?
How many wives could a man have then?,का तू दो पतनी रख पवता?
How does the advice help him?,ओकरे मदद क सलाह कइसे देईं।
I wathed Gandhi film.,हम गांधी फिल्म देखलीं।
"Where""re you working?",तु कहवा टहलत रहत हउअ ?
The teacher is not going to explain the tenses.,गुरूजी टेंस क बारे में नाई बतावे जात हवें।
Will you read ?,का तु पढ़बा?
Vanessa does not catch the ball.,वैनेसा गेना नाई लपक पइलस।
How many students take interest in science?,केतना छत्र विज्ञान में रुची लेलन ।
To whom is a broadcaster responsible?,कौन प्रसारक जिम्मेदार हऽ।
I thought that I had made an awful mistake.,हमरे ख्याल से हमसे अनजाने में गलती हो गइल हऽ।
"She saved the tribe. Over time, our enemies have disappeared.",समय के संहे हमारे दुश्मन
No more today.,केहू अउर अधिक आज।
You had been playing cards.,तु पत्ते खेल चुकल रहल होब ।
You have been so spoiled by it.,ईहअ तोके एतनी बिगाड़ दिहले हव।
Pelle!,पेले।
Please walk fast.,तेज चला।
They climbed higher so that they might get a better view.,ऊ लोग बहुते ऊपर चढ़ गईले येह से हो सकेला कि ऊ लोग के अच्छा दृश्य देखे के मिलल होखे।
I looked about everywhere.,हम हर जगह देख भइली।
"Honor guard, hand salute!",सम्मान करहा हाथ सलामी।
Did Ram do a lot of work today ?,का राम आज बहुत सारा काम कईलन?
Forty years I've been asking permission to piss.,40 साल हम पेशाब खातिर आदेश लेत रहलीं।
[Siren And Horn Blasts],(सयरन अउर सिंग धमाका)
This is my photograph.,ई हमार फोटोग्राफ हवे।
Maruee and Khetsen lived happily ever after.,मैरुइ और खेतसेन साथे बड़ा मजे से रहेंल ।
The hunter took up his gun.,सिकारी आपन बंदूक उठा लेहले।
This is an old house.,ई पुराना घर हवे।
Malhotra You were saying something?,तु कुछ कहत हऊवां मल्होता
"Anyway, I have good news:","खयर, नीक खबर हव ।"
I felt confused.,हम असमंजस में पड़ गइल हईं।
They never fail who die in great cause.,जे महान काम करेला ऊ कबहूँ असफल ना होला।
I shall have written my exercise by then.,हमके आपन अभ्यास कार्य करेऽक हऽ।
"Edward! I have... Until graduation, to see him.","लेकिन हम, ओके देखअ खातिन जबले सनातक पढ़ाई हव।"
"Had I known his true intentions, I would not have allowed him to stay in my house.",हम अगर ओकर इरादा जानत रहतीं त हमर घर में रुके के अनुमति न देतीं ।
Will you work? का तु करत हॊबअ,का तु करत हॊबअ ?
What does Ram do ?,राम का करी।
You fed me oranges.,तु हमके संतरा खियइबा।
Everybody liked her act of dancing.,सब केहू के ओकर नाचे क अभिनय ठीक लगऽल।
I heard him practising his violin.,हम सुनली हऽ कि उ वायलिन बजावत रहल।
Birds of the same feather flock together.,एक ही पंख के चिड़िया साथ साथ उड़ेलन।
This is spectacles,ई चस्मा हवे।
In one year.,याद रखिहा एक साल में
"You'll get yourselves killed, noway.",कइले हव रहल पूछय खातिन ना की अनुमति
How many papers can you correct in one hour ?,तु केतना पेपर एक घन्टा थीक कइ सकल अ ?
I live in the city that I study in.,हम शहर में रहीऽल वहीं पढ़ीऽल।
Don't believe everything you read.,सब कुछ तू पढ़ा बिसवास ना हव।
Don't keep saying that.,अईसन मते कहल करा।
Computer Technology has come a long way since the 1970s.,१९७० से कप्यूटर प्रोद्योगिकी आईल \।
When did you see that film ?,तु उ फिलम कब देखल ?
That's the word.,हमें लगत हव की इहँ कहल जात हव।
Will he have learnt his lesson?,का ऊ आपन पाठ याद कर लेले होईहन?
"Edward. If the Volturi had knowledge of Victoria, they would've stopped her.",एडवर्ड जानत रहला की ओकर बोल्चुरी एके रोकय खातिन
I've given you my word.,"तू भरोसा करो, पेले।"
The pair of you have argued about that for years.,तू दुनो सालन एह बारे में बहस कर चुकल हवा?
Good morning Tiwary jee! How are you feeling now?,नमस्कार तिवारी जी कहअ अब कईसन तबीयत बा ।
You'll never be rid of us!,तुहके हमसे छुटकारा ना मिली।
I shed my light on all.,हम सब पर आपन परकास डारत हईं.
To my stomach.,हमरे पेटे में।
Thanks anyway.,ओइसे हूँ धन्नबाद।
Playing is good for health.,खेलब सेहत खातिर बढ़िया हऽ।
Why don't you ask her for something ?,तु उनके खरतिन कुछ काहे नाई पुछ लेत हउअ ?
This paper was written by Ann and myself.,ई पेपर हम अउरी अन्न द्वारा लिखल गईल बा।
Are you sacrificing our love at the altar of duty?,का तू हमरे परेम के करतब्ब के बदले कुरबान कइ देबा?
I love it.,हम एके पिआर करत हईं।
It is a story of the times when Umar Soomro used to rule over Umarkot of district Thar Parker.,ई कहानी ओ समय के हवे जब सूमरो उमरकोट के राजा रहने।
Hang in there.,हम करीबन उहवाँ रहल हईं।
Father...,पापा.....
We met her at the party.,हमहन क पार्टी में ओएसे मिलली जा ।
Ila bought a red book and Nina sold a blue one.,इला एगो लाल कितान खडाली अउरी नीना एगो नीला पेन्सिल बेचली।
This is home.,तू घर में रहियाँ।
"In the stinking rice paddies, it will decompose faster.",बदबूदार धान में ई तेजी से सरि जाई।
"In Africa, women work harder than men beause they work 67 hours per week but men work only 53.",अफ़्रीका में औरत लोग आदमी से ज्यादा काम करे ली काहे की उ लोग सर्सठ घंटा काम करे ली और आदमी लोग तिरपन घंटा ।
Recently there has been a reduction in the price of milk.,हाल में ही दूध के दाम में कमी भईल बा।
You'll rot there.,तू उहवाँ सड़वाँ.
Leave our village alone!,भाग!
Anil buys and Ram sells horses.,अनिल कीनअ ल और राम घोडा बेचेला ।
Is she writing a poem?,का उ कविता लिख रहल हई ?
"If I don't get something, no body will.",जदी हमके ना मिल त ऊ केहू अउर के भी ना मिल देइब।
"If I were you, I would ask her to marry me.",हम तू रहतिं त ओकरा से ब्याह खातिर पुछले रहतिं ।
We can buy fan.,हमहन क बडाई करे वाला कीन सकत हई जा ।
Even though I denied him his love... he was my son.,हालांकि हम उसे ओकरे प्यार से इनकार कइनी अब हम एक बेटे के बिना हई।
I was sitting by myself.,हम खुदे बइठत हई।
"Charlie is doing what he can, but...","चार्ल्स कइले रहल कि ऊ का हव, लेकिन कइ सकत हवॅ।"
l shall start work next month,अगले महिन्ना काम सुरूं होई।
A Kolhapur visit was not complete without a trip to this ordinary temple.,कोलहापुर के यात्रा पूरा ना रहे एगो साधारण मन्दिर के यात्रा के बिना ।
"Well, I have tons.","खैर, हम टन्न हईं, रूका।"
The food was too hot to eat.,खाना खइले में ढेर गरम रहऽल।
We will get down at the next stop.,हमनि अगिला स्टाप पर उतर जायेब ।
They could not agree among themselves.,उ सब अपने में सहमत ना भईन ।
I will go to school.,हम स्कूल जाइब।
The teachers are efficient.,जोग्य हवें गुरु जी लोग।
Which state of India has the highest literacy rate?,भारत क कौन राज्य में सबसे पढ़ल लिखल लोग बा।
Three times a day.,तीन बार प्रति दिन
But if I had to perish twice...,लेकिन अगर हम जल्दबाजी में नाँस कइले रहलीं।
"How are Russia, China and Japan managing the medical education in their own language?","रूस, चीन और जापान अपने भाषा में डॉक्टरी क पढ़ाई क प्रबंध कइसे करत हवें।"
There's a place high in the mountains far to the west of here.,"पहाड़े पर धन, हिरन भगवान क जंगल हऽ।"
I don't think I should be able to go.,हमके नाई लगऽत कि हम जाए लायक हई।
"And then the other day, her husband came home from the sea.",दुसरे दिन ओकर पति घर आ गयल।
Mary thinks that she is ill.,मैरी सोचलस कि उ बीमार हऽ।
The mail train is due at 3 PM.,मेल ट्रेन तीन बजे ले आई।
Get that stretcher over here.,इहवाँ पे की स्टेरचर करँ।
"Meena, where is your home?","मीना, तोहार घर कहां हऽ।"
I save money to buy a new car.,हम नया कार खरीदे खातिर पइसा बचइले हईं।
The people like boiled rice.,लोगन के उबालल चाऊर पसंद हऽ।
I cannot work.,हम काम नाई कई सकीऽल।
Wants a girl!,एगो लइकी चाही!
I wish you would tell me earlier.,हमार मन है कि तू हमके जल्दी बताऽव।
Shut up.,चुप रहा ।
This is an exciting film.,ई बहुते उत्तेजक फिल्म बा।
It doesn't go like that.,इ वो तरह से जाये ना हव।
"You've got one to cook the food, the other one does all the mending and sewing.","दुनिया पर मुस्कराओ, अउर दुनिया तुम"
I had right of way at the junction.,हम जंक्शन के सही रास्ते पर था।
I am in Bombay from last four years.,हम बांबे में पिछले चार से हईं।
I watch movie on Sunday.,हम इतवार के फिल्म देख ली।
Had she been pushing her bike?,का उ अपने मोटरसाइकिल के धकेल रहल भईली ?
"Thanks for the drink. Now, I must be on my way.",अब हमें जाये के चाही।
How many hawkers are in your street?,तोहरे गली में केतना हाकर हवन?
Will you go to see zoo?,का तु चिडियाघर देखे जइब ?
"I did not open the window, it opened by itself.",हम खिरकी नाई खोलली इ अपने खुल गइल।
Do not talk such nonsense.,अइसन बकवास मत कईल करा ।
Can he be a mad?,का ऊ पागल हो सकेलन?
"If it rains, we will get wet.",बारिश होयी अगर त हमनि भीगा जायेब ।
Don't you know that?,का ना जनता?
I cannot come with you.,हम तोहरे साथे नाई आइब।
Kalidas is famous.,कालिदास प्रसिद्ध हउवन ।
Did you have cows and buffaloes ?,का तोहरे लगे गायी और भइस रहलह ?
You can choose according to your wish.,तु अपने इच्छा के अनुसार चुन सकल।
The story is tediously spun out.,कहानी के अंत बहुते उबाऊ रहे ।
And how many lady teachers are there in the school ?,और विद्यालय में केतना महिला शिक्षिका हई?
Walking fountain.,चलत फिरत फब्बारा
Motiram was taking tution.,मोतीराम ट्यूशन पढ़त रहऽल।
You’ve lost 15 pounds already?,तु पहिलही १५ पाउन्ड बिलवा देहले हउअ ?
During the night the river had over flown its banks.,रात क समय नदी क किनारे पानी बढ़ आइऽल।
I play the guitar in my apartment.,हम अपने घरे गिटार बजाइऽल।
How many rose do you have?,तोहरे लगे केतना गुलाब के फुल हउए ?
Rimgale's gonna wanna talk to Swayzak about this.,येह बारे में गेल सवेजेक क रिमगेल वाली बात कयल चाहत हईं।
I said keep moving.,वापस आवा हम कहनी न।
Will the vacation start?,का छुट्टी शुरू होई?
Who will meet his employer at the castle ?,के अपना कर्मचारी से महल पर मिली ?
How does one recover from mild depression?,केहू एगो हल्का अवसाद से भी कईसे बाहर निकल सकेला?
No!,नाहीं न।
... leftitforyou totell me.,तुहके हमअ बतावअ खातिन एके छोडि़ दिहलँ।
Meena was reading a book.,मीना किताब पढ़त रहल।
"Same old shit, different day.",ऊहअ पुरानी बकवास। अगला दिन।
"So Moresby Prison issued you a gun, but you paid for it.","त, मोरसबी जेल तोहके बन्नूक दिहलअ, लेकिन तोके भोगतान करेके परल?"
It might be truly said of him that he never sought honour.,ई सब सच सच कहे के चाही ।
"If you need assistance, please call the operator.","अगर तुहके सहायता के जरूरत हव, किरिपया अपरेटर के फोन करा।"
"The ""silent"" silent partner.",गुपचुप संही।
And can you tell me what a limb is?,अउर तू हमें बतावा अंग का होत हव।
The man is kind.,आदमी दयालु हऽ।
Have I not been working?,का हम कान करत नईखीं?
Which do you want?,तु का चाहत हउअ ?
This is a chalk,ई खड़िया हवे।
The scary thing is... you probably coulda got away with it for awhile.,डरावनी बात यह हव की...आप सायद कउडा थोड़ी देर के खातिन दूर एके संहे मिल गयल।
Lasse?,लेसे?
This is how the awareness can be brought to the society.,येही तरह से ही समाज में जागरूकता के बढावल जा सकेला।
"The moment you come close to me, Indu might come.",जवने पल तू हमरे न गिच्चे रहलू अउर इन्दू आ गइल ते।
You can speak Hindi.,तु हिन्दी बोल सकल ।
Your face would also equally beautifully.,तोहरो मुँह बराबर सुंदर होई।
A single dose will normally protect against inhalation .,एगो खुराक आम तौर पे साँस लेहला से बचाई।
Where's Brooks?,बरूकस कहवाँ हव?
Amit has drunk liquor.,अमित दारु पी लेलस ह् ।
The man suddenly called the boy.,मनई अचानक लइका के बोलइलस।
I want to squeeze out the juice.,हम एके दबाइके कुल रस निकारल चाहत हईं।
Let her come to replace me here.,येके हमरे जगह आवे दा।
It had high withers.,ई बहुते मुरझाइल रहे।
Have mercy upon us.,हमरी पर दया करअ ।
Mio eats breakfast and she goes to work.,मिया नाश्ता करत और उ काम पर गइल।
You have been packing your bag.,तु आपन झोला भर रहल हउअ।
Can you bend more?,का तु ढेर मोड सकल ?
We were changing our clothes.,हमहन क आपन कपडा बदलत रहली जा ।
You can go swimming while I am having lunch.,तुम स्विमिन्ग खरतिन जा सकल तब तक हम दुपहरिया के भोजन कैइ लेत हइ।
We parted company there.,हमहन क ऊंहा कम्पनी छूट गईल ।
They did not stand at the corner.,ऊ लोग कोना में ना खड़ा भईल।
What do you call her?,आप ओके का कहत हवॅ?
I might have gone.,हम जा सकी ल।
If I got sick So I can not go to Narayama Is because of the curse thrown by the young cadet killed by my father.,अगर हम बेमार हो गइलीं अउर सराप के वजह से नरायमा ना जाइ सकलीं...जवन की ओ लइकन।
Pickax?,ग्इंता?
"The answer is ten, Mr. Pitchford.",मिस्टर पिचफोर्ड जवाब दस हऽ।
I believed him to be a true friend.,हम ओके सच्चा दोस्त मानीऽल।
The budget's stretched thin as it is.,"बजट खिंचिके पातर हो गइल हव, जइसन हव अच्छा।"
Who won the Cup Final in 1997?,१९९७ क अन्तिम कप के जितलस?
Where is the doctor ` s house?,इ वैध जी के घर कहाँ हअ?
"Pardon me, miss.","माफ करिहा, मीस।"
"Yeah, but I want to get a bit of, you know-- - Will ya?",हम बाहर जा रहल हई कुछ मजा करयँ
I gave the book to him.,हम किताब ओके देहली।
"If I get some fruit, will you make me a cake?",अगर हम कुछ फल ले आयीं त का तू हमार खातिर केक बनयीब ।
How many children are not writing a good hand?,केतना बच्चा अच्छा ना लिख रहल हऊवन ।
Isaiah.,यसायाह अउर डेनियल....।
How nice.,केतना अच्छा हव।
Do not give this new shirt to him.,येह खबर के समाचार उनका के मत दिहअ।
Mary gave it to you.,मैरी इ तोहके देहलस।
There is a grammar of the English language.,अंग्रेजी भाषा के व्याकरण होला।
"Jake, stop!",याकूब बस
Send everyone at the same time.,स्बके एक संहे भेजिहा।
"If he comes, then we can proceed.",अगर उ आयी त हमनि आगे बढब ।
"If they had enough money, they would buy the house.",अगर उनका पास पैसा रहीत त घर खरीद लेतन ।
"Rest. No, you can't rest now. You get back at the job.",नाहीं तू अपना काम करा।
You hit too hard.,तू जरा जोर मार रहल हव।
"At which place barrage was constructed on Sindhu river in Sindh, prior to Independence of the country ?",सिंध में सिंधु नदी पर देश के आजादी से पहिले कहां बनल रहल।
I give training in Sarder Patel club.,हम सरदार पटेल क्लब में सीखाइ ल।
I did wanna see my Mom.,"हमार माई, हम पूरा करे खातिन देखल चाहत रहलीं।"
"If he had won the race, he would have been celebrating three days in a row.",रेस जीतल रहतन त हफ़्ता में तीन दिन लगातार जश्न मनावतन ।
"See, Ricci... to do this job, you've got to be very intelligent.","देखा, रिच्ची......ई नोकरी करअ खातिन बहुत बुधमानी चाही।"
It was really scary.,ई सच में डरावना रहे।
Pelle!,पेले...।
"Your old auntie I wonder whether you can take me in, just for a few days?","तोहार बुढि़या काकी, का तू कुछ दिनन खातिन हमके अपने लगे रहअ देबा?"
This isn't an actual operating 8-track!,ये एक वास्तविक आपरेटिंग आह टरक ना हव।
"Especially that big, white, mushy butt of yours.","खासकर तोहार बड़ी, सफेद दोकान से।"
How I will not buy any mangoes?,हम कइसे कौनो आम नाई खरीदऽब।
And I just need a chance to think things over.,अउर हमके बस एक मोका चाही सोचे खानित।
We speak differently.,हमहन क दुसर तरीका से बोलत हईंजा ।
And prisons never prevent love.,आ जेल कबो प्यार न रोकेला ।
I hope the swans do not talk.,हमके लगत है कि हंसवे बात नाई करिहें।
Mmm?,हम्म?
That's very nice of you.,तुहार बहुत भला होई।
"Yeah, I had hoped, when we left Sweden, that there would be... some money left over, enough to buy a little house.",हमें आसा रहल जब हम इहाँ अइनी...का कछु पइसा होइ एक छोटा सा घर खरीदें खातिर।
Suitor!,सेनापती
You should talk.,तोहके बात करे के चाहि।
Tell him the way things are.,बतावल चाहत हयी कि बात का हऽ।
Do you know what the boy ate?,का तु जानत हउअ कि लइके का खइहे ?
This is one of the songs that were most popular.,ई ऊ सब गीत में से एगो गीत हवे जवन की बहुते परसिद्ध भईल रहे सब।
"You get the forms, I'll prepare them nearly free of charge.","जदी तू फारम ले आवा, हम ओके भरि देब बिना फीस।"
From brothel girl to Emperor.,"अब कुछ, आउर बाद में कुछ।"
My brother not never said that I stank.,हमार भाई कबों ना कहत की हम बदबू देत हईं।
Get yourself naked.,आपन कपड़ा उतार ला
The teacher believes that the students know the answer.,गुरुजी क विश्वास हऽ कि उत्तर लइकन के पता हऽ।
I had to go to Varanasi but due to stupid reasons given by my boss I could not make it.,हमके वाराणसी जाएक रहऽल लेकिन बास के बेवकूफी क वजह से नाई जा पइलीं।
"She's nice , I like her.","उ अच्छा बाड़ी, हम उनके पसंद करेलीं।"
Your alibi for the battle is all arranged. Really?,बहाना.....आपके खातिन तइयार हव सच लड़ाई
All horses are animals.,सब घोड़ा जानवर हवें।
I did not send postcards.,हम पोस्टकार्ड नाई भेजलीं।
"Entering the room, I saw a toy.",कमरा में घुसते हम एगो खिलौना देखनी ।
How many times I have been there?,हम केतना बार उहां गइली।
I'll see you in a couple of hours.,आप कुछ ही घण्टा में देखा
You will get that also.,तोहके भी ई सब मिली।
I had never seen such a fair.,अइसन मेला हम कभौ नाई देखले रहलीं।
Tony's the little boy that lives in my mouth.,टोनी एगो छोट लइका हव जवन हमरे मुँह में रहत हव।
There is diversion via the sideroad.,साइड रोड से सड़क बटल हऽ।
"Hey, fish.",अरे मछरिअन।
It would take up too much time to tell you the whole story.,तोहके पूरा कहानी बताव में बहुत जादा समय लेही।
Roshan got good marks in Sindhi.,रोशन के सिंधी में बढ़िया नंबर मिलऽल हऽ।
Remember what Mr. Hallorann said.,इयाद करा सूरी हेलोरन का कहलीं।
"Tuffy! Right before the third comic opens, I guess I have to put an impression.",टफी .एकरा पहिले कि तीसरी कामिक खुले लागत बा कि धाक जमहि के पडी़
You're from Sweden.,तू स्वीडन से हवा
We sow that we may reap.,हमहन क काटत हई जा बोवल जाई ।
"I have not been serious yet and if in the future I be serious it will be only one time, it would be when I fall in love.",अभईन तअ कवो ना और आगे अगर होईबो करब त एक ही बार गम्भीर होइब जब केहु से प्यार हो जाई ।
Cozy.,अरामदाएक।
The master requested that they would attend carefully to what he was saying.,गुरुजी क अनुरोध हऽ कि उ बड़ी सावधानी से शामिल होइहें जवन कहलें हवें।
So you and I are having a sleep over at my house. - Charlie is going fishing anyway.,तो तू अउर हम घर पर हईं हमार सो जा
"It's just the sort of thing you do 1 00 times with a child you know, in a park or in the street.","बस ममूली चीज जवन तू एगो लइका के संहे 100 बेर करत हवा...तुहके पता हव, कवनो पारक चाहे गली में।"
Hadley busted his head up pretty good.,हेडली ओकर कपार अच्छा फोर दिहलअ।
Who is there ?,उहाँ के बा?
A herd of cattle is passing.,मवेशियन के झुण्ड जात बा।
What do you think about the present politicial situation?,तोहार ये समय के राजनित के दशा के बारे मे का विचार हउअ ?
The hospital is not far from my house.,हमरी घर से अस्पताल दूर नईखे।
Salman took my pen stealthily.,सलमान हमार पेन चोरी से ले गइऽल।
Whose shop is this ?,ई केकर दुकान हवे?
I study.,हम पढ़त हईं।
Where are you going?,तू कहवाँ जाति हऊ?
"We're due to arrive at 8:20, sir.",हम पहुँचब 8:29 पे सिरीमान।
That's all.,सब इहवाँ ।
I won tickets by calling the radio station.,हम रेडियो स्टेशन की तरफ से टिकट जीतलीं।
Don't you just feel the vitamin D soaking up in your pores?,आपन सब छेद उप्पर भिगावअ के बस लगत हव।
It had wide verandahs.,एमे बहुते बड़हन बरामदा बा।
It darkened the floor.,ई फर्श अँधेरा बा।
Did Raj tell a lie?,का राज झूठ बोलन?
These books belong to me.,ई किताब हमार हवे।
Lakhpat is situated in the state of Kutch.,लखपत कुच राज्य में पड़ेला ।
"Babuji , I want to see Europe , there is a one month trip for Zurich , all my friends are going.",बावुजी मोके यूरोप देखेके बा ज्युरिक कअ एक महीना क छुट्टी वा हमार कुल सखी जात हईसअ ।
Both deaths due to close encounters... with stationary objects.,मुठभेड़न के बन्न कइले के कारन दूनो लोगन क मउत.....रुकल चीजन के संहे।
We work everyday except Sunday.,हमनि रोज काम करींला रविवार के छोर के ।
I like playing chess.,हमके शतरंज खेलऽल नीक लगऽल।
Rama gave Hari a ball.,रामा हरि के गेना देहले हऽ।
I wonder if you might get me a rock hammer.,का तू हमरे खातिन एगो चट्टानी हथोड़ा ले आइ सकत हवा।
"Sir, these are books.","सर, इ कुल किताब हऽ।"
Pelle?,आवा अउर देखा।
"Get ready quickly, we have to go to Baldev ` s house for dinner , Its his daughter whom my son Kuljeet is getting married to.","जल्दी तैयार हो जा बल्देव के इहां दावत पर जायेके बा, अरे भाई ओही की लईकी से हमार कुलजीत क बियाह होत बा ।"
I am so sad.,हम बहुत दुखी हईं।
Let me get those for you.,हम आप खातिन ओसे मिलत हईं।
But I'll get her.,लेकिन हम ओके ले आइब।
The fat of the body is fuel laid away for use.,शरीर में मोटापा ईंधन के तरह काम करऽल।
Not much.,कुछ खास नाहीं।
I gotta worry about Sean.,हमके सॉन के बारे में पता करेके हव।
I can't do a fucking thing.,एगो कमबखत हमसे बात ना कइ सकत।
"You laugh, too.",तू भी हँसा।
Seems Andy's favorite hobby was toting his wall out into the exercise yard a handful at a time.,एंडी का मनपसंद राउब हवै दीवाल के बहरे अँगना में ले गयल। एगो मुट्ठी एगो बार में।
Run fast find out how much is Srikakulam will cost?,दउर के जा अउर पता करा सिरि काकुलम् क कीमत का हव?
Please take out one for me.,कृप्या हमरी खातिर एगो ले ल।
They used to eat it and pass their time in each other's company.,उ सब एके खान आ एक दूसरे के साथ समय बितावेन ।
At length she woke and looked round.,ऊ उठली अउरी अपनी चारो ओरी देखली।
Go check it out.,जा जाँच करा!
"Have you been to the ""new home"" last night?",काल्हि रात तू नयका घर’ गयल रहलीं?
So they cannot hear.,ऊ सुन ना सकत हव।
Did Ram rely on Mohan ?,का राम मोहन के जगह संभालिहें?
It is so typical of you to create a problem like this when I finally have a chance to accomplish something!,जेक: ई बिलकुल तुहरअ लछ्छन हव येह तरे का समिसा खड़ी कयल।
The missus cut him! - What-,ओके काट दिहलअ।
What are you thinking Mohini! Just jump.,सोचत का हउ मोहिनी! कूद जा
"Buddy, a girl is waving hands, if we pick her, cost will ease.","यार, एगो लइकी आपन हाथ हिलवति हव, अगर ओहू के ले लेई त सस्ता परी।"
A cruise along the Vembanad Lake is the best way to experience the sanctuary.,अभयारण्य के अनुभव कइले क सबसे बढ़िया तरीका हऽ वींबनड झील पर एक क्रूज़।
Radha had heavy breakfast.,राधा तगड़ा नाश्ता कइले हऽ।
Will you get success?,का तु सफलता पइब ?
"I know his face. He's local, Riley Biers.","इ इहवां हव विजन रिली, शुरू भयल इ पर"
"Having come of age, his son entered into partnership with him.","एक उम्र के पार कर लेले के बाद, उनकर बेटा उनके साथ भागीदारी कईलन।"
I have already told the merchant of salt.,हम नमक के बेपारी के पहिलवँ बताइ दिहलीं।
She said she wants Harsha.,ऊ कहलअ कि ऊ हरखा के चाहति हव।
I was listening a song.,हम गाना सुनत रहलीं।
How does your madam ask question?,तोहार मैडम कइसे प्रश्न पुछले?
I am reading.,हम पढ़त हईं।
Posters?,पोस्टर?
Sometimes he was able to fight them off. Sometimes not.,कबों ऊ ओनके भगावअ में सफल होत।
I'm seeing such a braveman for the first time.,हम पहिली बेर एतना बहादुर जोध्धा देखत हईं।
Shit!,अरे आर!
You wouldn't think it to look at the guy.,ओ अदमी के देखिके तू कहि ना सकता?
I did not know that.,हम उ नाई जानीऽल।
Will you save the horses or save princess' honour?,का तू ये घोड़न के बंचइबा कि रजकुमारी क सम्मान बचइबा?
Thomas was a richman yet he led a simple life.,टामस एक अमीर अदमी हव तब्बो उ सादा जीवन जियला।
imprinted on someone?,केह पर चित्त में अंकित भयल
I have my own house.,हमार आप खुद के घर हऽ।
More line!,ज्यादा लाइन!
We hope that better times will come.,उम्मीद हऽ कि अच्छा समय जल्द ही आयि ।
Rufus walks with vigor.,रूफूस ताकत लगा के चलऽल।
Some people find this more difficult than others.,कुछ आदमी एके बहुत कठिन कहेलन अन्य के तुलना में ।
I have thought of a plan.,हम योजना बनावेऽक सोचत हई।
They have come.,ऊ लोग आईल हवे।
Which boy saw which girl ?,कवन लईका कवन लईकी के देखल स ।
"They won't want to get anywhere near his... odor. Okay, let's just try it.",इ सुगन्ध ना होई करय खातिन तइयार अपनी या बंद करा
I wouldn't have met up with John if I'd stayed at home.,घर पे रुक गयिल रहती त जान से न मिल सकत रहती ।
Sri Krishna was born in his uncle's palace.,श्रीकृष्ण अपने मामा किहां पैदा भइल रहलें।
Guess not.,लगत ना हऽ।
Arrack.,दारू।
"Let Mohini go for the rehearsals , you sit with me , we will wet our throats.","मोहिनी के काम पर जाये द तु त हमरा संधे वर्वूलअ , तनिक गला , तर कईल जा"
The boys sat on the mattress.,लईके गद्दा पे बइठने।
You don't have to stop dancing.,आपन नाच रोकले क जरूरत ना हव।
Which is the most famous monument ?,सबसे यादगार स्मारक कवन बा।
One may accomplish many things by a little effort.,केहू बहुत कुछ पूरा कर सकेला एगो छोटा प्रयास से ।
Who needs help ?,के के जरूरत हऽ।
It was a good film.,ई अच्छा फिल्म रहे।
A clown is someone who makes you laugh.,जोकर हवे जवन तोहके हंसावा ल।
Have you been here before?,का तु यहां पहिले हउअ ?
"Were I you, I wouldn't get involved.",हम अगर तू रहतीं त ई सब् मेंन पडतीं ।
Is this the right way to the beach.,का बीच पे जाए खातिर ई सही रास्ता हवे?
What a fool I was !,का हम मूर्ख रहलीं।
Even if he returns back after all these years I do not forgive.,अगर येतना साल बाद ओकर आत्मा आयल भीं...तो भी हम माँफ नाहीं करब।
Mary won't both learn to drive and learn to sky dive.,मैरी दोनों नाई सीखे चाहतिऽअ गाड़ी चलाइब और स्काई डाइव।
"I have listened to Doctor Aunty ` s talk , now this is your turn to choose the bride.","हमने डा० चाची क बात सुन लीहली , अव त तोवर बारी वा दुल्हन देखले क ।"
Say something uncle.,कुछ बोलीं चाचा
Shyam wanted some money.,श्याम के थोड़े पइसा चाहीं।
Is anybody in here?,केहू के भी यहाँ हव?
And she insisted her to sleep in her chamber.,आ उ जिद कईलस चैम्बर में सुते बदे ।
The patch was for the-- what did she say-,पैच के लिए सूत...।
Yeah.,सुकिरिया।
I arrived at Jack's suite half an hour ahead of him.,हम जैक के स्यूइट पर ओसे आधा घंटा पहिले पहुंच गइली।
It reminded him of the house that he used to live in.,ई उनके घर के याद दिला देहलस जेमें उ रहत रहने।
"I tell you, those voices soared higher and farther than anybody in a gray place dares to dream.","हम तुहसे कहीं, ऊ अवाजन उड़त रहलीं..एतनी ऊँच अउर आगे जेतनी ये काली जगहिन पे रहअवाला कलपना ना कइ सकत।"
Zihuatanejo.,जहुआ तनेजो।
May I have this dance?,हम ई नाच कई सकत हईं?
What a procession was !,का जूलुस रहल हउए !
I told you to stay close to me.,हम तुहसे कहले रहलीं नगिच्चे रहिहा।
All you need bring are sheets.,तोह सब के बिछवनी लावल जरुरी हउए ।
"Hey, Fat Ass.","अरे, मोट गांण।"
"Orin, that time passes. It's been a year now.",ओरिन’ ऊ समे गयल अब एक बरिस होइ गयल हव।
And give me a telegraph form.,आ हमके टेलिग्राफ क फ़ार्म द ।
It was a terrier.,ई टेर्रीयर (एगो ख़ास तरह के कुत्ता के प्रजाति) रहे।
I'll get he complete details.,हम ओसे पूरी जनकारी ले लेइब।
Did he?,ऊ का कइलअ?
I really will help you.,हम सच में तोहार मदद करब।
"Will you lend me your book, please?",का तु किरपा कइके हमके आपन किताब उधार देबअ ?
We are very sorry to bother you.,हमें उम्मीद हव मालिक को पूराना लगी।
Mr. Mendoza taught us Greek in those days.,मिस्टर मेनडोजा तब ग्रीक पढ़ावत रहलें।
Apu needs new clothes;,अप्पू के नये कपड़न क जरूरत हव।
They could read this book more easily than they could read that book.,ऊ लोग एह किताब के ओ किताब के अपेक्षा ज्यादा आसानी से पढ़ सकेला।
"Having run, he came to me.",दौरत हमरे लगे अइ ल।
"Please eat Tuffy, the one who used to feed you will not return now.","खा ले टाफी , तोझे खिलावे वाली वापस ना आई ।"
Shall we go for movie in evening today?,आज शाम में सिनेमा देखे चलीं का ?
That's all I get?,बस इहँ हमके मिलिहँ?
"Bhairava, save the princess.","भैरवा, रजकुमारी के बचावा।"
"Change your clothes quickly, we have to catch the bus.",तु जल्दी से (हाली से) कपड़ा बदल लअ हमहन के बस पकड़ेके बा ।
That's the only reason she chose you.,एके चुनले हव एक ही कारन हव की तू
I am Sindhi,हम सिंधी हई।
"Even though you were married, the girls were chasing you.","लड़कियां हमार पिछा करत, भले ही हम सादी सुदा रहलीं।"
[Grunting],(घुरघुरायल)
Are you well ?,का तु ठीक बाडअ ?
Brown gave it a try.,ब्राउन कोशिश कई लें।
It's beautiful.,सुन्नर हव
Good job.,नीक काम कइला।
Who is such that you like books that criticize him.,ऊ अइसन कवन हवा। ।
"Some guys, fire owns 'em.",कुछ लोग आग ओनकर मालिक हवँ।
Four o'clock on the dot.,4:00 पर डॉट।
Your meeting stretched for long today?What did the foreign collaborators say?,"आज बडा लेट तक चलल तोहार भीटिंग, का कहलस फोरन कालैवरेटर्स ।"
"Whom do you think, what does Peter believe, with whom has Maria spoken ?","तु केकरे बारे मे सोचत हउअ,पिटर के का भरोसा हउए , मारिया केकेरे साथे बोलले हई ?"
When did you meet him last ?,तु हमसे अन्तिम बेर कब मिलल रहल ?
My wife is a nurse.,हमार मेहरारू नर्स हऽ।
"If you hit him, then he will hit you.","जदि तू ओके मारबा, फिनू उ मारी"
Hang on.,रुका।
"Medium deal, Captain.","मध्यम, सउदा, कप्तान।"
All they found was a muddy set of prison clothes a bar of soap and an old rock hammer damn near worn down to the nub.,"जवन उनके मिल रहल, उ रहल जेल क भइल कपड़ा, साबुन एक पुरान रॉक हथौड़ा पूरा घिसल।"
in a corner of the closet she met thirty-three Devil's Teeth,कोठरी के एक कोने में ऊ मिल तैंतीस सइतान के दाँत से।
With permission I'm your bodyguard...,हम तोहार अंगरच्छक तोहरे अनुमती से हईं।
There's some work for you.,तुहार कुछ काम हव।
There was only pain in his words not vengeance.,ओकरे बातिन में खाली दरद रहल कवनो दुस्मनी नाहीं।
What are you doing there ?,तु ओहवा का करत रहत हउअ ?
Who cooked what ?,के का बनवलस?
Give him a hand over here.,इहवाँ पे ओके एगो हाथ दा।
How many police stations are in your area?,तोहरे ख्सेत्र में केतना पुलिस स्टेशन हवन?
The boys have to do this on their own.,लईकन के अपने डैम पे अइसन करेके पडत हउए।
I wish she should not play her wireless so loudly.,हम चाहीऽल कि उ आपन वायरलेस एतना जोर से न खेले।
It's a long story.,ई बहुत लम्मी कहनी हव।
It was foolish of Mr Ramesh to accept the offer.,ई बहुते मुर्खता के बात रहे कि श्रीमान रमेश ए ऑफर के स्वीकार कर लेहलन।
The ruler heard all the conversation.,शासक पूरा बात चित के सुनलन।
ls your family having a look around?,"हाय, का तुहार पलिवार इहवाँ क चक्कर मारत हव?"
Next day he himself went to Tula Kumbhar's house.,अगिला दिन उ खुदे तुला कुंभार के घर गयीलस ।
Greetings my lord!,आपक जय होख हजूर!
Will you give the old man any help please?,का तु किरपा कइके बूढा आदमी के कॊनो मदद कइ देबअ ?
Does she tire daily?,का उ रोजो पहीनत हई ?
"If I didn't do it, nobody would do it.",अगर हम नाई करऽब त केहू नाई करी।
"A perfect combination of arts and design,City palace is known for its advancement in technology and architecture.","कला आ प्रारूप क मस्त संयोजन,सिटी पैलेस बड़िहा प्रोद्योगिकी ओर स्थापत्य खाती जानल जाला । ।"
With all that was under Your father was very depressed.,येह सब तनावन में....तोहरे बापे के होखअ के चलत।
No doctor! Please don ` t talk about dowry in front of me.,ना –ना वैद जी दहेज क त हमसे बात मत करी ।
Sorry.,माफ करीं।
I am willing to carry your books.,हम तोहार किताब ले जाए चाहत हईं।
I could be a friend to you.,हम तोहार दोस्त होइ सकत हईं।
I need to get to the station.,हमके स्टेशन तक जाएऽक पड़ी।
We have not climbed a mountain.,हमहन पहाडे पर ना चढल हई जा ।
"In this way, he used to catch some deer.","ए तरीका से ऊ, कुछ हिरन पकड़त रहने।"
On your feet.,अपने भरोसे!
I hardly ever eat pizza.,हम बमुश्किल पीज़ा खाइऽल।
I thought of it for two hours.,हम दूई घंटा से इ सोचत हई।
"Are you so thick, so stupid... that you think you're on a paid vacation?",का येतना बेकुफ हो आपन मजदूरी खातिन काम करय का हवा।
You are about to cry.,तु रोव वाला हवा।
A gift for you. it'll keep you warm at night... no matter where in the world you end up.,हम तुहें रजाई देवे आयल रहली।
We got a new table for the dinning room.,हमहम्न के खाये खातिर खाना की कमरा मे एगो नया मेज मिल गईल ।
Wisdom is too high for a fool.,मूर्ख खातिर बुद्धिमानी बहुत ह् ।
Things were... a lot less complicated.,बात कम जटिल रहल
I’m more than happy to speak with you.,हम तोहसे बतिया के बहुत खुश हईं।
Forgive me for not telling you about my love.,हमके माफ कइ दा कि हम आपके अपने पियार के बिसे में ना बतवलीं।
Is this your house ?,का ई तोहर घर हवे?
A big black snake lay dead near the baby's cradle.,एगो बड़ा काला शांप बच्चा के पालना के पास मरल पड़ल रहे ।
I have taken education till higher level.,हम बढ़हन दर्जा ले पढ़ले हईं।
Like he had on an invisible coat that would shield him from this place.,अइसे एगो ना देखाए वाली कोट पहिनले होखे जवन ओके ओ जगही से छिपा लेवअ।
I'm grateful.,हम आभारी हईं।
"If I don't get you, this life is waste...","अगर हम तोहके ना पावत हईं, त ई जीव बिरथ - बेअरथ हव।"
Is this 'cause of yesterday?,ई कल क वजह हव?
How do you like it?,जेक: तुहके ई कइसन लगल?
Scientists are concerned with the world's rain forests.,वैज्ञानिक दुनिया क जंगल में बारिश क चिंता करत हवें।
We finished Volume One.,हमहन क एगो आवज खत्म क देहली जा ।
Don't tell me that again.,फिनू मत कहिंहा।
I'm gonna need numbers.,हमें करय खातिन कइ रहल हव संख्या की आवश्यकता हव सिएटल डर में हव
Stop laughing help me out.,हंसल बन्न करा अउर एके बहरे निकरले में हमार मदद करा।
There three things to do to be a successful student.,एगो सफल छात्र खातिर ई तीन चीज हवे।
We were very happy.,हमहनक बहुते ज्यादा खुश रहली जा ।
Please!,किरिपया....
I will adhere to my plans.,हम इहां आपन योजना बतावत हईं।
It gave me a headache.,ए से हमके सर दर्द होखे लागल।
The patient is no better today.,मरीज आज ठीक नइखे।
We don't mind. -Good.,हम बुरा ना मानत हईं।
"Were I your teacher, I would insist you try harder.",हम तोहार शिक्षक रहतीं त बोलतीं कि जयदा मेहनत से कोसिस कर ।
"It'sjust like pictures in a book, Danny.","ई सिरिफ एगो किताब क चित्तरन जइसन हव, डेनी।"
"If you don't like the food, then find some other place! It would be a pleasure to see the last of you!",यदि खाना पसंद ना हीन दुसरे जगह जा।
We can add to it. Maybe go visit... the world's largest catsup bottle or something.,"बच्चन, सायद आप ओनके पूछअ खातिन सब जगह जत्तरा कइले रहलीं।"
We might have come late.,हमहन क देरी से आ सकत हई जा ।
Is there any Sindhi program airing on the radio ?,का रेडियो पे कवनो सिंधी प्रोग्राम आवत बा?
Rama is our fast bowler.,राम हमन क तेज गेंदबाज हऽ।
It is the thing to do.,ई करे वाला कम हवे।
You opened the book.,तु किताब खोलल ।
"Where have you been, Auntie lndir?","तू कहवाँ रहलू, इन्निर चाची?"
You do not visit the castle.,तु किला नाई देखत हउअ।
Sheila does not have car.,शीला के लगे कार नइखे।
How many fields do you have?,तोहरे लगे केतना खेत हउए ?
I would arrive home at four and mother would offer me tea immediately.,हम चार बजे घरे पहुंच गइलीं और अम्मा तुरंत हमके चाय देहलस।
"If you're staying here, stop begging;","अगर तुहके इहवाँ रहेके हव, भीख माँङल बन्न करा।"
Watch your step.,देखिहा आपन कदम।
Guy comin' by in a few minutes to take a look at it.,लइका येपर एक नजर डारे खातिन कुछअ मिनटन में आवत हव।
I still want to go.,हम अब चले चाहत हईं।
Meena was waiting for Saturday.,मीना शनिवार क इंतजार करत हऽ।
Could you open the door?,का तु दरवजा खोल सकत रहल ?
Do you live near her.,का तु उनके लगे रहल हउअ ?
Sean!,सीन?
I am working.,हम काम करऽत हईं।
Two and a half miles later To go through seven turns.,ढाई मिलके बाद....
Are you mad?,का तू पागल हवा?
Or you will do the hardest time there is.,चाहे तू इहवाँ सबले मोसकिल समे बितइबा।
Ramesh will not be able to do this job.,रमेश इ नौकरी लायक नाई हऽ।
"To work is to human, to reward is to God.","इंसान के आपन काम करे के चाही, ओकर परिणाम भगवान दिहे।"
You might get a little confused.,हमने तुहार हवा बदल दि हव
Dear! There is a lot of snowfall there.,बेटा उहाँ बडा वरफ पडेला ।
We must start without further delay.,हमहन क बिना देरी कईले सुरु कर देवे के चाही।
How did you come here?,तु यहाँ कइसे अईली
"Also, they should not smoke or drink alcohol .",ओ लोग के धुम्रपान और शराब पियला से भी बचे के चाही।
I will go to Baroda.,हम बड़ोदा जाइऽब।
You tell about the Hockey.,तु हाकी के बारे में बतावा।
Fit people are better able to cope with stress.,स्वस्थ लोग तनाव के बहुते बेहतर तरीका से सह लेला के योग्य होला।
You can only guess.,तु खाली भाप सकल ।
The boy who fell off his bicycle has hurt his leg.,लइका जवन आपन साइकिल से गिर गईल ओकरे गोड़े मे घाव लग गईल हउए।
Want me to help you?,हम तुहार मदद कर सकत हईं?
Christmas is the season when everyone is happy.,क्रिसमस के समय हरेक खुश रहेला ।
What should I do now ?,अब हमके का करे के चाहीं?
Was Mr. Smith at home ?,का श्रीमान् स्मिथ घरे बानअ?
Who do you think will come ?,तोहरे विचार से के आई?
I don't want any more trouble from you.,हम नाहीं चाहत तू लोगन की अउर परेसानी
I'll be there at nine if I can catch the early train.,हम ऊहां नौ बजे पहुंचब अगर जल्दी के रेल पकर लेब ।
What a taste!,का स्वाद बा।
I blew it.,हम एके उड़ा दिहलीं।
Fuck it!,भाड़ में जाय!
#Some are gonna go for broke#,# कुछ वाला तोरि दिहलअ # के खातिन गयल।
[Dispatch Radio],डिस्पैच रेडियो।
I am a Sindhi teacher.,हम सिंधी क मास्टर हईं।
Making me look bad.,हमके बाउर लगत हव।
And his poor parents been papering Seattle with these things ever since.,ओकर माता पिता के गरीब तब तक सतलू सुन्दर इ
"Had you asked him, he would have helped you.",तु ओकरा से पूछले रहत त उ मदद कर सकत रहे ।
I am pleased to inform you that the book you ordered has arrived.,हमके इ बतावे में खुशी होऽत कि जवन किताब तू मंगइले रहऽल उ आ गइल हऽ।
No fair anymore.,जानि करा: अब ठीक नाहीं।
We watched the full-length version of the movie.,हमहन क फिलिम क पुरा लम्बाई संस्करण देखले रहली जा ।
"And to his father, a Swedish woman... an immigrant worker, is--",हम उनके खातिन खास अच्छा ना करत हई हम नाहीं जानत की का करय के हव।
I took her classes while she was sick.,हम ओकर क्लास लेहली काहे से कि उ बीमार हऽ।
"See ya next year, Ronald.",अगिले साल रोनाल्ड फिनू मिलब।
Will she see her father?,का उ अपने पापा के देखत होईहे ?
I like historical movies.,हम इतिहास वाला पिक्चर पसंद हऽ।
I wake up scared.,हम डेराइके जागि जाइला।
The situation seems to have got quite out of hand.,ई स्थिति एक हाथ से निकलत नजर आवत बा।
Invalids are not capable of continued exertion.,उ लगातार मेहनत करे लायक नाई हऽ।
Where is the refrigerator ?,फ्रिज कहां ब।
I've seen that type of injury before.,हमने ऐसे जखम पहले भी देखले हईं
"The vehicle was anyhow being pulled with one wheel , now there is the other wheel also , both can now balance each other.","एक पहिए क गाड़ी घिसट रहल हीय, अब दूसर आ गईल, एक दूसरे क सहारा मिल गईल ।"
"Ramesh, who are those?",रमेश उ के हऽ
I consider John a real idiot.,हम मानीऽल जॉन सच में मूरख हऽ।
I'll go on the 7.30 bus.,हम 7।30 बजे क बस से जाइऽब।
It seems from your faces that all of you are exhausted.,तोहार चेहरा देख के अइसन लगत हव की तुलोग एक थक गयल हवा?
I played,हम खेललीं।
They are improving day by day.,उ लोग दिन प दिन सुधरत हवे ।
He's crazy!,ई पागल हव!
"I like it, nevertheless, it's very expensive",हमके इ पसंद हऽ भले ही इ केतनो महंग हो।
I did not forget my manners even after staying and studying in London.,लन्दन मे रहला सेअ एहा पढला –लिखला से हम आपन संस्कार ना भुलाई हई
Thus being dejected they decided to find another way.,ए प्रकास से निराश भईला के बाद ऊ लोग एगो अउरी नया रास्ता खोजला के प्रयास कईल।
The boy ate his lunch.,लइका उनकर दुपहरिया के खाना खइले ।
I did.,हम कइलीं।
"I'm kissing my darling, my sweet heart Indu.","हम अपनी पिरियो डारलिंग के चुम्मा करत हईं, हमार पिआरी इन्दू।"
You must say such a thing.,तोहके अइसन बात कहे के होइ।
I know that he did it.,हम जानीऽल इ तू कइऽल हऽ।
Shoot me then.,त चलावअ गोली
Shall I prepare tea ?,का हम चाय बनाई?
Manju is a very good writer.,मंजू बड़ा नीक लिखे ली।
Sir! My Parents are struck inside and I shall go from here?,साहब मोर माई और बाबूजी भीतर फसल बडअ जा और हम यहाँ से चल जाई
Where is the nearest drycleaners shop here ?,इहां के सबसे नजदीकी कपड़ा ड्राई क्लिनिग करेवाला दुकान कहां बा?
Guard the hallway!,दालान - ओसारा रखवार!
It is certain that he will be late.,ई त तय बा कि ऊ देर कर दिहन।
Those bites are like mine.,निपटनो के निसान से
"As for mine, I do not know.","अउर हमार, हम ना जनतीं।"
Can any harm come to one whom God protects?,जेकर रक्षा ईश्वर करे ल ओकरा पे कवनो समस्या आ सकेले का?
Someone's been in here.,केहू इहवाँ रहल
How do they treat her?,उ सब ओकरा से कैसे पेश आईल ।
They say that she is being praised by him.,उ लोग कहत हवें कि।
"Moriro the boat man is even today remembered and admired by people for his cleverness, wisdom and courage.",मोरिरो जवन की नाविक हऽ लोग जे के याद करेंऽल ओसे प्रेरणा ले ले ओकर च।
Have you ignored him?,का तु उनके छोडत चुकल हउअ ?
That's him.,ईहअ हव।
I have been saddled with debts for fifteen years,हम पन्नरह साल रीन तरे दबल हईं।
A boy who was going to the market is my brother.,एगो लइका जवन बजार मे गईल रहल हमार भाई हउए।
How's the job going?,कइसन काम चलत हव?
Let him rest awhile.,ओके थोड़ी देर अराम करअ दा।
We're not looking for that.,हम ओके ना खोजत हईं।
In the box they found a beautiful girl child.,संदूके में ओनके सुंदर लइकी मिलऽल।
Rita wrote a novel and now she is also getting a poetry collection published.,रीता उपन्यास लिखले हऽ और अब एक कविता संग्रह छपवावत ब।
It will happen as sure as death is sure.,ई होई अईसे ही जईसे की मौत के भईल तय हवे।
The wolves took over so the Cullen's can hunt.,भेडि़यां क शिकार तो ले जा रहल हव की ना कलेन सकत हव
The dog was growling.,कुत्ता गुर्रात रहे ।
"Yeah. Dress, the reception, the guest list... I mean, who knows who she's gonna invite?",बनजे निकू अपने परयाप्त करय तुहके पता हव की उ अतिरंजना करय खातिन पसंद करत हव
We wanted to go to the Louvre as early as we could.,हमहन क लौवर जाईल चहत रहली जा जेतना जल्दी जा सकत हई जा।
We seldom see ourselves as others see us.,ह्महन क दुसरे कि अपेक्षा कभी कभी अपने के देखली जा।
It eats magnesium.,ई मेगनीसिअम खाति हव।
Had you been repairing the car?,का तु कार ठिक कइ रहल बाडअ ?
You can't count on his help.,तु उनकरे मदद से नाई गिन सकल ।
"Sometime, I wish I wasn't married.",कबो हम सोचीला कि हमके शादी ना करेके चाहत रहे \।
Can you open your month?,का तु आपन महिनावा खोल सकलअ ?
Does she want to succeed in her life?,का उ आपन काम मे सफलता चाहत हई ?
isn't Erik coming?,बे इहाँ अकेले नाहीं रह सकत परबंधक के बिना।
All boys took bath in the rain.,कुल लइके बरखा क पानी में नहा लेहले।
The boss should be pleased with you.,साहब आपके साथ खुश होइहें।
What does your husband do ?,तोहार पति का करत हउए ?
The ear may get infected.,कान शायद संक्रमित हो जाइ ।
"My hair was on fire, my hands, everything.","सब कुछ हमार बाल आग, हमरे हाथ पे रहल।"
A war broke out.,एगो लड़ाई झकझोर देहले।
The girl is growing tall.,लाइकी लम्हर हो रहल हऽ।
Ram wished to sing this song.,रमेश गाना गाए चाहत हऽ।
You have to go to a school.,तोहके इस्कूल जाए के हव।
I think you are wrong.,हमरे ख्याल से तू गलत हउवा।
Which woman knows where Mary bought these books ?,कवन औरत जानतिया कि कहाँ से मेरी इसन किताब खरीदल हस ।
You can't do the sum.,तु जोड नाई कर सकल।
I want to eat.,हम खाए चाहत हई।
Gas.,गैस।
You came to me to be strong.,आप मजबूत होखअ खातिर हमरे लगे अइला
Think.,सोचा।
"I wanted to stop him , wanted to say something , wanted to hear something , he did not stop but I understood that love happens like this.","हम ओके रोकल चाहत रहली कुछ कहल चाहत रहली, कुछ सुनल चाहत रहली उ ना रुकल मो जान गईली कि प्यार अईसहीं होला ।"
You ought to know better.,तोहके अच्छे से जान के चाहि।
"I mean, you're the best.","हमार मतलब हव, आप ठीक करत हवँ।"
I am preapred to forsake ornaments.,हम गहना छोड़े खातिर तैयार हईं।
You son-of-a-bitch!,आपके दमाद की एक कुतिया।
There was no school in our village.,उहां हमरी गांव में स्कूल ना रहे ।
I cannot remember the place.,हमके जगह याद नाई हऽ।
Your whole future to make something happen.,तुहरे आगे सालन हव।
Maybe I'll just... just take it out on weekends.,सायद हम सिरिफ होइब....सिरिफ हप्ता के अखिरी पे बहरे ले।
Will you have to pay for music lesson ?,का तु संगीत पाठ खरतिन पइसा देबअ ?
I'm also coming with you.,हमहूँ आवत हईं।
How does Brutus justify the assassination of Caesar when he addressed the mob?,लोगन के बोलत समय सीज़र क भइला हत्या ब्रूटश कैसे सही साबित करिहैं।
Then you will have four. The one you are wearing is clean.,तू हमार दु सर्ट लेसकत हवा त तुहरे पास चार होई।
I'm sure my father would be happy to marry him off... as Mrs. Olsen's plaything.,हमें यकीन हव की तुहार पिता खुस होइ है ओके सादी कइके।
We want books.,हमके बहुत किताब चाही ।
"I have three cats, and I feed them twice a day.",हमरे लगे तीन बिलार हऽ ओन्हन के हम दिनभर में दूई दाईं खियाईऽल।
"But as I grew old I understood , it was a lie.",लेकिन जैसे - जैसे बढत गईली समझ में आवत गईल कि केतना झूट हऽ ।
It is sad to think that youth should pass away.,ई सोच सोच के दुःख होत बा की नौजवान गुजर गईल।
He has no experience.,कवनों अनुभव ना रहल।
This is where our dead chief a shot with a tree trunk A cadet of the village entering it in secret To sleep with his daughter.,जहवाँ हमार मरल परमुख मारि डरलअ....गाँव के एक खेतिहर के जवन चुप्पे से घरे में घुसके ओकरे बेटी के संहे सुति गयल।
"No. Not much to it, really.","नाहीं, नाहीं, अइसन कुछ ना सच्चो में।"
How many scientists are in our world?,हमहन की दुनियां में केतना वैज्ञानिक हवं ।
How much is the balcony ticket of this hall ?,ई सिनेमा हाल के बालकनी के टिकट के का दाम बा?
You could hardly get your tongue around them.,"कोसिस करा, पिताजी."
"Doctor! I feel a bride is utterly needed in this house, but nobody listens to me.","वैद जी हम त दमझत हई कि ये घर में एगो बहु के होजल बड़ा जरुरी बा, लेकीन हमार सुने बाला के बा"
Mary jumped into the room.,मैरी कमरे में चल गइऽल।
The dog barked and the baby woke up,कुत्ता भौकलस और बच्चा जाग गईल ।
"The boy, anxious to learn, worked hard.",लइका उत्सुक सीखे खरतीन बड़ी मेहनत कइलस ।
That water is for drinking.,उ पानी पिये बदे हऽ ।
The boys made merry.,लईका लोग मगन हउए ।
Why don't you tell Swayzak to talk to one of them?,काहें तू ओमे एक से बात करे खातिन सवेजेक से ना बतावेला?
From April,अप्रिल से ।
That's nice and ripe.,ई नीक अउर पकल हव।
"More walls, more bars, more guards.","जिआदे देवालिन, जिआदे सलाखन अउर जिआदे गारद्।"
The strikers held a meeting.,हड़ताल करे वाला लोग एगो मीटिंग कईलें।
But the fires that killed those guys never burned up that much.,लेकिन ओ लोगन के मरि डरले हव की कबों आग बहुत जरा ना दिहलअ।
I have two uncles.,हमरे दुई चाचा हऽ।
Erle Stanley Gardners.,अरली इसटेनली गरडेनरस।
"Which girl is talking to which boy, they will go to the movies together.","जवन लईकी, जवन लईका से बात करत रहे, उ दुनो साथ में फिल्म देखे जइहें ।"
What does it reveal about the speaker’s character?,ई वक्ता के चरित्र के बारे में का पता लगवलन हअ।
I'll look for the old man.,हम ऊ बूढ़ा आदमी के देखत हईं
Ain't you going to scream?,तू चीखबा नाहीं?
Never stop me from touching you...,अपने छुअसे हमके कबों ना रोकु
I have booked a room.,हम कमरा बुक करा लेहले हई।
Goddamn it!,अरे नाहीं।
Here's your book.,"डुफरेन....ई रहल, तोहार कीताब।"
You asked him.,तु ओसे पूछा।
Agra is too hot.,आगरा में बहुते गरमी बा।
It was fun to see you running up the hill as fast as you could.,मजा आ गयल तोहके पहाड़ी के उपर दौड़त देख के जेतना तेज दउड़ सकला?
You're brilliant in battlefields...,तू लड़ाई के मैदान में बुधीमान हवा...
"We are among those who do not see the moon , we lift it down and bring it home with us.",हम ओमे क हई जवन चाँद के देखली नाही चाँदे के उठा के घरे लेले आईला ।
"What was that, goddamn it?","का रहल, इ ओफ्फोह?"
The rain fell steadily for several days.,कई दिन से लगातार बरखा होत ।
[Alarm Chirp],[अलार्म कूजन]
The time nears.,समय नजदीक हऽ।
You ought to pay your debts.,तोहके आपन कर्जा चुकाव के चाहि।
Sanjay has heard the news on radio.,संजय रेडियो पर ख़बर सुनलस।
How many times we have to prove that?,हमें इ लगत हव की इ खतरनाक हव अलग कयल जाये के हव
What was the tone of the speaker?,कौने तरह अध्यक्ष बोलत रहऽल।
This book is easy to read.,ई किताब पढ़ला में आसान बा।
That's not possible.,ई समभो ना हव।
I have left all the doors.,हम सब दरवाज़ा छोड़ देहलीं।
By whom was the book written ?,केकरे द्वारा किताब लिखल गईल?
Would you prefer chocolate or vanilla ice cream?,का तु चाकलेटा या बनिला आइसक्रिम पसन्द होइ ?
I did it because I wanted to.,हम कइलीं काहे से हम चाहत रहलीं।
"Howdy, boys.","क्इसे हवा, लइको।"
I cannot make out the meaning of this verse.,हम इ कविता क अर्थ बाहर नाई कई सकीऽल।
I need my bicycle.,हमके अपने सइकिल क जरूरत हव ।
"Thus without any hope and in the depths of gloom, Moomal built a pyre.",ए तरह बिना कवनो उम्मीद आ निराशा के मोमल एगो पयार बनवले।
It's so good.,ई बहुत पिआरा हव।
Albert has played squash.,अल्बर्ट स्क्यायस खेललस ।
You do not worry.,तू चिंता मत करा।
It has to go someplace.,एके कवनों जगह पर जाए के पड़ेला।
We would have watched TV tonight if Peter hadn't bought the theatre tickets.,अगर पीटर सिनिमा के टिकट न लईतन त हमनि आज टीवी देखत होईं ।
We wanted to talk to you about Alan Seagrave's death.,हम एलन सीगेरेभ के मौत के बारे में कयल चाहत रहनँ।
There are many advantages from it.,एमे बहुते सारा फायदा बा।
Where are you?,परसिद्दू सरी
I like the little pedlar who has a crooked nose.,हमके उ छोट फेरीवाला नीक लगऽल जेकर नकिया टेढ़ हऽ।
O branch of snow flowers!,अरे बरफीले फूलन क टहनी!
You will visit the castle.,तु किला देखब।
Lavanya is feeling sleepy.,लावन्य के नींद आवऽत।
Then you're out of luck.,त फिनू तोहार भागि संहे ना हव।
"The two most important things to remember are, first...",सबसे पहले आपको कुचलय मत दिहा होई अपने हाथ संस्करणों
What's the little cuckoo bird going to do now?,हमें दिखावा की तू का कइ सकत हवा।
Do I want to know what that is?,"माफ करिहाँ, हम जानत कि उ का हव?"
"I was, uh...",हम रहली.....।
We shall catch the train.,हमके ट्रेन पकडे के बा ।
A gentleman may call.,एगो सज्जन आदमी हो सकेला कि फोन करस।
You are far too hasty.,तु जळी मे हउअ।
Why do you want to know ?,तु जाने खरतिन का चाहत हउअ ?
"You clean that real good, yellow boy.","आप क असली अच्छा, पीला, साफ लइका।"
I'm going to lock the door behind me.,हम अपने पीछे क दरवजा बन्न कइके जात हईं।
Won't you come alone?,का तुहके अकेले आवे के चाहि ?
I'll hoist my love flag in your heart...,एक तोहरे दिल में हम अपने प्यार क झंडा फहराइब....
I can write Sindhi but not able to speak.,"हम सिंधी त लिख देब, लेकिन बोल नाई पाइब।"
Hey Shyamlal Jee! Will you not eat anything?,अरे श्यामलाल जी! सुखे- सुखे हो चल जईबअ ।
"Well, how can I repay you?","खएर, हम तुहके कइसे चुकाइ सकत हईं?"
That was my first impression of the man.,ओकरे परति ईहअ हमार पहिली छाप रहल।
"If it is hard to Narayama, when it snows a lot, you are happier",यदि इ कठिन हव नरायमा को जावे
London is on the Thames.,लंदन टेम्स क किनारे ब।
You want John to win the election.,तु चुनाव जीते खरतिन जान के चाहतट।
"I've always felt out of step. Like literally, stumbling through my life.","हम एके हमेशा की तरह महसूस कइले हव, माध्यम से जीवन स्पा टीम"
Does Ramesh read a newspaper ?,का रमेश एगो अखबार पढ़लअ?
We will do the work as much as we can.,जितना हो सकी हमनि काम करब ।
"Obviously, some people can be put off...","जाहिर हव, कुछ लोगन के दूरे रखल जा सकेला...."
Let's go.,चल चलत हईं।
One room we live in.,ई एगो कमरा जबने में हम रहत हईं।
I deny this.,हम नाई मानील।
"I could come next week, or the week after.","हम अगले हफ्ते आ सकी ल, नाई त ओकरे बाद।"
Bring a good Sindhi book for me ।,हमरे लिए कौनो बढ़िया सिंधी किताब लाऽव।
"If you can get me a ticket, I’ll go to the concert with you!",टिकट ले अयीह त हमहुं चलब कान्सर्ट में तोहरा साथे ।
The result came in the newspaper today.,आज के अखबार में परिणाम् आयील ह् ।
No she won't!,"नाहीं, ऊ ना कयल जाई।"
A man severe he was and stern to view.,आदमी एतना गंभीर रहल कि रुखाई से देखत रहल।
"Rachael Ray explained how cookies are made, and we practiced her techniques at home.",रसेल रे बढ़िया से बतइले कि कुकीज़ कइसे बनावल जाऽल और उ तकनीक क अभ्यास हमन घरे कइलीं।
"As he doesn't drive, David always travels by train.",जइसन की उ ड्राईवर नाई हउए ओहि से डेविड हमेशा रेलगाड़ी से यात्रा करत हउए।
We enjoy the remotest products of the north and south.,उत्तर दक्षिण के दूर तक के उत्पाद भी ।
I thought I was dreaming and somebody was calling in the dream itself.,हमके लागल कि हम सपना देखत हई और सपना में ही केहु बुलावत हऽ ।
I am missing home.,हमके घर याद आवऽत।
I shall see Matsu in the mountains.,हम पहाड़ों में मात्सु से मिल सकत हईं।
Ramesh didn't attend the party.,रमेश पार्टी में नाई गइऽल
We got into a bus.,हमहन क एगो बसे में मिललई जा ।
Rakesh had a cup of tea.,राकेश चाय पी लेहलस।
"I did not, and will not, go there.",हम नाई गइली न उहां जाइऽब।
What do you like?,तु का चाहत हउअ ?
They are used to playing this game.,उ सब इ खेल खेले क आदि हऊवं ।
Will you behave?,ढंग से पेस आवा?
But how did you know?,लेकिन तुहके कइसे पता चलल?
I used to do office work.,हम अक्सर ऑफिस क काम करी ल।
And keep yourselves fed.,रखमे अउर अपने आप को खिलायल
You will take money.,तु धन लेबा।
Aren't you a rat?,का तू एक मूस ना हवा?
"I told him on reflection, It was better to wear the mother in the mountains.",हम उनके समझाइके बतवनी की...माँ को ढोकर पहाड़ों में ले जाये के बेहतर हव।
Will he be my friend in the morning ?,का उ भिनहिए हमार दोस्त होइहे ?
I have just one word to say to you.,हमके तोहसे बस एगो शब्द कहेक ब।
Seems like a long time ago.,लगत हव एक लम्मा समे बीत गयल।
I need half kg peanuts.,हमके आधा किलो मूंगफली चाहीं।
I think we are in trouble now.,हमरे ख्याल से हमन मुसीबत में हईं।
Mom would have been too.,मां को भी होत
How many citizens live in your state?,तोहरे परदेश में कय ठे नागरिक रहलन?
He didn't start this.,कारवाई से दूर मुडल हव जवन केहू भी
Will she have been cooking food since morning?,का उ भिनहिए से खाना पका रहल भइली ?
I am ruined.,हम बर्बाद करत हईं।
Let's get these eggs going.,"हाँ, ई अंडन जइसन मिलत हव।"
I will succeed or die in the attempt.,हम कोशिश में या तो सफल होऽब नाई त मर जाइऽब।
Humans affect the environment.,इंसान पर्यावरण पर असर डालत बा।
We are eating rice.,हमहन क भात खात हई जा ।
Does she study every time?,का उ हमेशा पढ़त हई ?
I lent my pen to a friend of mine.,हम आपन पेन अपने दोस्त के देहलीं।
I would like to go home this year.,हम ए साल घरे जाए चाहऽब।
"Edward hated the idea, but it wasn't about rivalry anymore.",एडवर्ड बिचार से नफरत हव लेकिन इ अब अउर ना रहल होड़ के बारे में
Mr. Gupta formerly lived here.,मिस्टर गुप्ता पहले इहा रहत रहल।
Where did this civilization get developed ?,ई सभ्यता के विकास कहां भईल रहे?
Please inform me where I should turn off the road.,जहां सड़क बंद होई हमके बता द।
Doing his job?,अपने काम करति हव?
Thanks for all your efforts.,तोहरे मदद क सुकिरिआ
I read a letter,हम चिट्ठी पढ़लीं।
Officials in Colorado tell Newswatch at least 3 have been killed by exposure to freezing winds.,कोलोरोडों में अधकारिन समचार देखवाला के बतवलँ...कमो से कम तीन मारल गइल हव ठंढी हवाइ से।
We know that Rama is alive.,हमहन क ना जानत हइजा कि राम जिंदा हवे ।
You should not lose his head.,आपन धीरज मत खोवा।
They all came except Matt.,मैट के छोड़ उ सब आइल।
Who?,कवन? (के?)
I don't know where you went.,हमके नाई पता कि तु कहां गइल रहऽल।
"Entering the room, I found the light quite dazzling.",कमरा में घुसते हम लाईट चमकत देखनी ।
The letter was written.,पत्र लिखा गईल ।
I'll deal with that situation as soon as I get out of here.,जइसहीं हम इहवाँ से बहरे निकरीं हम दसा सम्हार लेब।
How many people drink wine?,केतना आदमी शराब पीयेलन ।
What prompts the speaker to say this?,का उकसइल अध्यक्ष के इ कहे खातिर।
I will be hoping that this letter finds you and finds you well.,उमीद हऽ इ चिट्ठी तुहके मिल जाई आउर अच्छी तरह मिल जाई।
Honey can be tasted sweet by us.,हनी हमहन की द्वारा मिठाई क सवाद चखल जा सकत हऽ ।
This way.,"चला, ये तरे।"
Mohan does not have son.,मोहन के लइके नाई हवें।
As soon as possible?,जेतनी जल्दी हो इसके?
I have been teaching in this college since 1990.,हम इ कॉलेज में 1990 से पढ़ावत हई।
It shall not be long.,ई बहुते देर तक न रही।
It is your heart that shakes.,ई आपन दिल हिलावत हव कि
"If the situation gets anymore conspicuous, the Volturi will step in.",वालिचुरी में कदम होई।
We shall work.,हमहन क काम करेके ।
Will the gardener have been watering these plants since morning?,का सुबह से मालिक पौधन में पानी डालत होईहन?
I found him outside looking for you.,हम ओके बहरे तुहके खोजत पवलीं।
It is costly.,ई महंगा बा।
That is a door,उ दरवाजा हऽ ।
No doubt you are worried because I have not written for months,"कवनो सक नाहीं की तू चिन्तित हऊ, कई महिन्नन से पाती ना लिखले हवँ"
The dogs are sleeping in the garage.,कुत्ता सब गैराज में सुते शुरु कईलन ।
Allaudin was agreeable to negotiate peace.,अलौद्दिन से शान्ति के प्रस्ताव तया हो सकत रहे ।
Marcel understands the importance of attending class regularly.,मार्सल बूझल रोज़ क्लास करे क फायदा का हऽ।
Will you have book?,का तोहरे लगे किताब बा ?
The elders of the clan were not unanimous in choice of the successor to Bhungar.,भुनगर के उत्तराधिकारी के खातिर सर्वसम्मती से ओईना के गोत्र के बड़ लोग के द्वारा न भईल रहे ।
I saw that Sita is buying vegetables.,हम देखली सीता तरकारी खरीदऽत रहल।
Stay back!,पाछे रहा!
Savita will give Rima some lychees.,सविता रीमा के कुछ लीची देई।
I had come here to win your heart but there must have been some problem with me only that I could not win your heart fully.,हमत दील जीते आईल रहली पर शायद हमरा में कुछ कमी हो गईल कि हम तोहार दिल पुरा तरह से ना जीत पवली ।
"McCaffrey, that's my cousin's company.","एम सी केफरे, कि हमार चचेरा भाई क कम्पनी हव।"
The reason is not difficult to see.,कारण समझब मुश्किल नाई हऽ।
"As it was a very hot day, I remained in my tent.",बहुत गरम दिन रहल येही से हम अपने तम्बू मे रहनी ।
Are you going to school ?,का तु स्कुल जात रहल हउअ ?
"What happened in the ""new house""?",नयके घरे में का भयल तात सुहेई?
So she was admitted in a religious school (Madarsa).,येही से उनके एगो धार्मिक स्कूल में दाखिला दियावल गईल।
They travelled Delhi.,उ लोग दिल्ली यात्रा कईन ।
Please don't postpone the programme because of a handful of people.,मुठ्ठी भर लोगन के वजह से कार्यक्रम टली नाई।
The tortoise was very fond of talking.,कछुआ बतियावे क बहुत शौकिन रहे ।
I also cannot recognize.,हमहू नाई पहचान पवलीं।
That's all there is to it.,सब एतना बात हव।
My friends have not been helping me.,हमार दोस्त मदद नाई करत हऽ।
Will he be playing in the field?,का उ खलिहान मे खेल रहल होईहे ?
Abdul's knowledge of English is outstanding.,अब्दुल के अङ्ग्रेजी के ज्ञान बहुते नीमन हऽ ।
"There he is, putting on a show.","ऊ रहल, तमासा करत हउवअ।"
You will also have good time to think.,तुहहूँ खातिन सोचले कसमे होई।
I went to his grave this morning.,आज सुबह हम उनके कवर के पास गयल रहलीं।
Will you try to write better next time?,का तु अगला बार बढिया लिखले के कोसिस करब ?
I have to purchase a chair.,हमके एगो कुर्सी खरीदेऽक होई।
"She was smart, careful.",मारिया उन्हें उ सब मिल
I have lost him but got you.,हम ओके खो देहली लेकिन तोहके पा गइली।
Is the university education expensive ?,का विश्वविद्यालय के पढाई महंगा हवे?
This mango is sweet.,ई आम मीठा बा।
It is no joke.,ई मजाक ना हवे।
"This is George’s brother, with whom I went to school.","ई गोरगे के भाई हवन, जेकरी साथे हम स्कूल जानी। ।"
We would have gone.,हमहन क चल जायेके ।
The dog ran and jumped.,एगो कुत्ता मांस के एगो टुकड़ा लेके दौड़त रहे ।
My heart is attached to my kin.,हमार दिल हमरे नज़दीकियन से जुड़ल हऽ।
I am not going to play.,हम खेले नाई जात हईं।
Hisao INAGAKI,हीसाब इनगाकी।
I wanted to be him more than anything.,हम कुछहू से अधिकार ओके होखल चाहत रहलीं।
What's lighter-- a ton of feathers... or a ton of lead?,कवन सा हल्का हव एक पांउड पंख या एक पाउंड लीड?
Ram willingly beat Ravi.,राम जानबूझ के रवि क मरलस।
"Come back quickly with your heart, I'll wait for you.","दिल से तू वापस आऽव, हम तोहार इंतज़ार करत हईं।"
"Wolf telepathy, remember?",भेडि़या टेलिपाथी याद हव।
"He will not be able to come sister, please eat something.","उ ना आ पाई दीदी, तु कुछ खा ल ।"
Tell them to get. This ain't the theatre.,ओनके पावअ खातिर बतावा।
"Change your mind, and change it again, because nothing is permanent.",काम संभव गलतियां क रूप में कई के रूप में
I decline to say further.,हम एह पर कुछू नाई बोलऽब।
They say that he is praising her.,उ लोग कहत हवें कि उ ओकर प्रशंसा कर रहा है ।
Remember one thing always.,एगो बात हमेशा याद रखे के चाही।
They brought him back to Kech Makran.,उ लोग केच माकरन के पास फिर से ले आईल ।
You dare not do it.,तोहके इ कइले के हिम्म्त नाई हउए ।
This is all he knows.,इहे कुल उ जानत हऽ।
Hey. - What'd you think of my speech?,बहुत पसंद आयल रहल तू इ ना हव?
It seems you don’t feel well.,तोहार तबियत ठीक नाई लगऽत।
I take great care of myself.,हम आपन बढ़िया से रखीऽल।
Where do you study ?,तु कहा पढत हउअ ?
"All right, take it.","सब ठीक हव, ले ला।"
And have you ever had an assistant?,ऊ 1912 में हमके लबरेरिअन बनवलँ अउर एतने समे में का तोहके कबों एगो सहायक मिलल?
"But I was wrong Simran, I forgot that a woman does not even has the right to make any promise.",मगर हम गलत रहली सिमरन हम त ई भूला गईल रहली कि औरत के वादा कइले क भी कवनो हक ना बा ।
Ashok didn't buy anything from the market.,अशोक बाजार से कुछ न लईलन ।
All right.,"बेनडी: त, ठीक हव।"
Who has played tunes on guitar well ?,गिटार पर अच्छा ध्वनि के निकालेला?
"Then, please talk to the god the house, and beg him.",तब गिरीह देवता से परथना कइ भीख मँङिहा।
"I tell you, son, this thing really came along and knocked my wind out.",दसा अइसन भइल की हमार हवा निकर गइल।
"Get him, down there!","उहवाँ नीचे, ओनके - इहाँ जा।"
We got much loot.,हमहन के अधिक लूट मिलल हऽ ।
In this entire incident a portion of her upper garment remained visible outside.,ई पूरा घटना में उनकर ऊपर के कपड़ा बहार से दिखत रहे।
What the hell's goin' on?,आखिर का चल रहल?
They are singing a song.,उ लोग गाना गावत हवें ।
Will you do it?,का तु यहके करब ?
Stop Bhairava!,रुका भैरवा!
It's too much in my old age,ई हमरे बुढ़ापा में अती हव।
"Bella, this is Seth Clearwater, Leah's brother.",नया सदस्य यूपोरा
The woman gave her daughter a gift on her birthday.,ओके जन्मदिन पर उ औरत एगो लइकी क तोहफा देहलस।
"Go inside and sit down, the teacher must be coming.",अन्दर जाव अउर बैईठ ज ।
Did the team lose the game?,का दलवा खेलिया हार गइल ?
"As he deserved, he got the first prize.",जइसन उ हकदार रहने उ पहिला पुरस्कार मिलल।
You cannot wake up or you got scared?,उठल ना जाला कि तु केरा गईलअ ।
"My parents, who live in Minneapolis, come to visit twice a year.",हमार महतारी बाप जवन मिनिएपोलिस रहे ल साल में दूई बार आवें ल।
Take the books and notebooks with you.,तु अपने साथ कापी आउर किताब लेला।
You should speak in Sindhi.,तोहके सिन्धि मे बोले के चाहि।
You make Geeta drink water from Sita,तु गीता के सीता से पानी पियाव ला।
"Alright, we're done here.",ना हवा तू
"There is a rule of our college, we make every new student sing.",हमरी कालेज क एगो रुल हऽ हमहन क हर एक नया लईकन के गवा देही जा ।
I cannot give my consent to your going.,जहां तू जात हवा ओकर मंजूरी हम नाई देऽब।
"That was me uninviting you. Look, Bella. I'm sorry...","बेला, हम चुंबन खातिन माफी चाहत हईं आपन हाथ सब कुछ"
This is KDK 1 calling KDK 12.,केडीके 1 बोलावत हव केडीके 12 के।
"About ten days ago, I took him there and buried.","करीब दस दिन भयल, हम ओके ऊहवाँ ले गइलीं अउर दफन कइ दिहलीं।"
Please help me in this matter.,हमार इ मामले में मदद करीं।
"I can play the chess, but my brother can't.",हम शतरंज खेल सकीऽल लेकिन हमार भाई नाई।
Ramesh will go to Agra and will certainly see Tajmahal.,रमेश आगरा जाई और पक्का ताजमहल देखी
Is his name Sen or Gupta ?,का उनकर नाम सेन या फिर गुप्ता हवे?
It is a cloudy day.,आज के दिन बदराहू लागत बा।
"You have to wait a little , sit here for sometime , I will get ready and come.",थोड़ा रुके क पड़ी तु यहां बईठअ अबे तैयार होके आबत हई ।
Here is the pen which you lost.,इ हऽ कलम जवन तु भुलवा देले रहे ।
How many girls do gossips?,केतना लड़की गप्प करेली ।
They decorate house.,उ सब घर सजावे न ।
Savita has a very good cook now.,सविता अब बढ़िया खाना बना लेली।
Ila showed kindness to Mohan.,इला मोहन खातिर दयालु भईली।
"Where do you think you're going, you lazy--",तू कहवाँ जा हव?
Will he come back soon?,का ऊ जल्दी ही वापस आ जईन्हें?
You're in a church!,तू चर्च मे हवा!
I've stood it for eight years;,आठ सालि से सहत आवत हईं।
What can I say?,हम का कह सकत हईं?
I do like.,हम पसंद करीऽल।
"#Shadow, shadow#","छाया, छाया"
Colonel's on the loose.,करनल ढीला पे हव।
Didn't do it.,हम कुछ ना कइनीं।
"They left this place, their daughter is getting married, they sold all the things and went back to Punjab.",उ चल गईलस यहां से ओकरी लईकी क शादी हऽ न सब कुछ बेच के चल गईलअ स पंजाब ।
You are in the wrong.,तु गलती मे हउअ ।
We will be there by the time you arrive there.,हमहन क राउर के उहां पहुचले की समय आ जायेके ।
I want him friendly to her.,हम चाहीऽल उ ओकरे हिसाब से जाइ।
Mother sends these vegetables.,माई ई सबजिअन भेजले हईं ।
They will keep away robbers.,उ लोग डाकू से दूर रह सकेला ।
What sweet delight a quiet life affords !,का एक शान्त जीवन मिठा आनन्द देत हउए !
Can you marry with me?,का तु हमरे साथ वियाह करबू ?
What should I have to do for the admission ?,भर्ती खातिर हमके का करेक होई।
I didn't need to buy it.,हमके इ खरीदेऽक जरूरत नाई हऽ।
Who is playing in the Super Bowl?,सुपर बाउल में के खेल रहल ह ?
She can make it.,उ कइ सकत हव
Will you marry me?,का तु हमसे वियाह करबू ?
Slowly and sadly we laid him down.,बडा अफ़सोस कबात हवे की हमहन क धिरे-धिरे ओके निचे रख देहली जा।
We heard of their having discovered another stream.,हमहन क एगो धारा के खोजत हई जा जेकरी बारे सुनली जा।
Are you in Baroda ?,का तू बड़ोदा में हव?
You are always discovering something new.,तु हमेशा कुछ नया खोजत रहत हउअ।
I would have a better job now.,हमरे लगे बढ़िया नौकरी होई।
It would be a pleasure. Right this way.,बड़ी खुसी होई।
We sow so that we may reap.,हमहन क एतना एसे काटत हई जा की हमहन के बेवे के हऽ ।
Got it?,समझला?
Old life blown away in the blink of an eye.,पलक झपकतअ पुरान जीवन उडि़ जात हव।
I know.,हमें पता हव
"Darling, why is she disturbing us?","डारलिंग, ई हमके काहें परेसान करति हव ?"
Your working hard is a condition.,तोहार कठिन परिश्रम एक शर्ट हव।
How would we stay there ?,कईसे हमहन क उहवां रहेके पडी।
They must have got extremely bored.,उ लोग खूब बोर हो गईल होईंह ।
it's good...,ई अच्छा हव...
There are some cute cats at my home.,हमरे घरे कुछ बड़ी प्यारी बिलरिए हईं।
I was reading.,हम पढ़त रहलीं।
Head's spinnin' like a top!,हमार पूरा सरीर कांप रहल हव।
Why?,"काहें,?"
It has not weighed too much.,एकर वजन बहुत अधिक ना होला।
I got such a fight.,हमार लड़ाई हो गइल रहल।
Where did I go wrong in my calculations ?,हम अपने गणित में कहां गलत हईं।
It should not be alive.,एके जिअत ना होखे के चाही।
Our workload has increased a lot.,हमहन कई कामे क बोझा बहुते भारी हो गईल बा ।
Where have you put my hat ?,तु हमार टोपी कहा रखले हउअ ?
Dad's way?,पिताजी का तरीका हव?
You're beautiful but have a horrible brain.,तू खूबसूरत हव लेकिन तोहार दिमाग बहुत भयंकर हव।
Are you here ?,का तु यहा होइब ?
Please help me.,हमार मदद करा।
Some people tell me that money can’t buy happiness.,कुछ आद्मी हमरा के बतऊवन कि पैसा से खुशी ना खरीदल जा सकेला ।
This one yes... this one no.,ये वाला हाँ.... ये वाला ना.
Your money's no good here.,तुहार पइसा इहवाँ न चली।
I did not know that he had come.,हमके नाई पता रहल कि उ आ गइल।
"We're all going hunting, powering up for the battle. You're welcome.",हम शिकार करय खातिन जा रहल हव अउर लड़ाई खातिन इकट्ठा ताकत
"Of course he does, Trine.",बेशक बोलत हव टिरेन
We won't have any fruit left,गाछी में कवनो फलना छोड़ी।
I'll answer in Sindhi.,हम सिंधी में जवाब देब।
I suppose that he is not at home.,हमके लगऽत कि उ घरे नाई होई।
The newspaperman delivers newspapers everyday from house to house.,अखबारवाला हर रोज अखबार घरे घर देवे ल।
As long as I live she'll never let me forget what happened.,जबले हम जिन्दा हईं...ऊ हमके कबों भूलअ ना देई की का भयल रहल।
How many rooms are there in your house ?,तोहरे घरवा मे केतना कमरा हउए ?
"Come on, Pelle!",कूदो पेले।
Is there something bad here?,का इहवाँ कुछ बाउर हव?
"I have been living here for the past 22 years,I cross this street everyday and everyday it asks me my name .","मो 22 वरिष से यहवॉ रहत हई, रोज एही सड़क से जाईला और इ रोज हमसे हमार नाम पुछेले ।"
At 9 p.m.,नौ बजे रात के।
"Listen, I can walk by myself.","हम अपने आप से चलि सकत हईं, सुना"
Sheila was going outside.,शीला बहरे जाताड़ी।
In our house nobody is vegetarian except mother and father.,हमहन की घरे में कॊई भी शाकाहारी हवे अम्मा औरि पापा के छोड केम् ।
You had not been repairing the car.,तु करवा के मरमत नाइ कइ चुकल रहल हउअ ।
"Look at us, working together.",तु का कहत रहला की आप हमें चाहत हव
The audience loudly cheered the Mayor's speech.,मेयर के भाषण पर जनता जोर से चिल्लाइल।
As we are here we will stay here.,जइसे हम यहवा होखब हम येही रहब ।
I wouldn't touch one hair on his goddamn little head.,हम ओकर छोट स सीरे क एक्को बार ना छुअलीं।
"You said no to her, right?","तू ओके ना कहले रहला, हव ना?"
Does your father accept credit card ?,का तोहार पाप क्रेडिट कार्ड के स्वीकार लेहलन?
What good is planting seeds... if the soil rejects them?,का फायदा बीज बोवले कय...अगर मिट्टी खारिज कइ देब?
Did you hear me?,का तू सुनला?
What beautiful music they are playing !,का उ सुन्दर सन्गीत बजावत बाने !
"Yesterday I called our friend Julie, who lives in New York.",काल हम आपन दोस्त जूली के फोन करुवी जे न्यूयार्क में रहे ले ।
I study in high school.,हम दसवीं में पढ़ी ल।
Not even coincidentally.,अचानकोए से ना
If she did. Would you try to kill me?,अगर तू हमें करय खातिन मार डालय क कोशिश कइला तू?
"It's no line, man!","ई अदमी, कवनो लई हव!"
I need to know.,हमें पता करय क जरूरत हव।
How often does your daughter wash her hair?,तोहार लइकी केतना बार बाल धोव ले?
What is going on in India?,का होत जात बा भारत में।
What kind of a person was Evans?,ईवान्स कईसन आदमी हौ?
Is he gonna make it?,"ऊ एके बनावअ वाला हव,"
Ram will have read the book.,राम किताब पढ़ लेई।
Your doing such a thing surprises me.,तोहार ई काम हमके आश्चर्य चकित करेला।
Yesterday was a day when everything went wrong!,कल के दिन अईसन रहे जब सबकुछ गलत होत रहे ।
I opened window.,हम खोलली खिरकी।
I was the man who they thought was dead.,हमहीं हईं जेके उ मरऽल बूझले रहऽल।
Who?,ऊ!
He has lost his mind.,ऊ आपन देमाग खोइ दिहले हव।
It was evident from the distant roar of water.,ई दूर से आ रहल पानी के शोर के प्रमाण हवे।
This scene is surpassingly beautiful.,ई दृश्य अद्भुत रूप से सुन्दर बा।
Why did you leave the job ?,तु नौकरी काहे छोडल ?
Mr. Abdul Rehman is arriving this evening.,मिस्टर अब्दुल रहमान सांझ के पहुंचिहें।
It is natural in every man to wish for distinction.,ई हर आदमी के स्वभाव हवे कि ऊ अच्छा से अच्छा करे चाहेला।
Now what is the time in your watch ?,अब तोहरी घड़ी में का समय होत बा?
How smart you are !,तु केतना हुशियार हउअ ?
When I'm really into my work!,जबकि हमके अखीरकार एगो मउका हसील भयल हव कुछ कइले क! जब हम बासतो में अपने काम में हईं।
A person of great worth is always respected.,जेकर सिद्धांत ऊंच हऽ ते सम्मान पावऽल।
Then you're in luck.,त फिनू भाग तुहरे संहे हव।
How did you get him to talk?,तु उनसे कब बात करे के पइब ?
I like to play in this summer.,हमके गर्मी में खेलऽब नीक लगऽल।
You thought of playing holi with me after taking bath?,नहाने धोने के बाद हमरा से फगुआ खेलले क मन बनल बा
Does he want to enrich?,का ऊ आमिर होखे चाहत बानअ??
Parents should be obeyed.,माई बाप के मानेक होई।
My daughter is at school.,हमार बिटिया स्कूले में हे।
Do you've to go after every girl?,का तोहके हर लइकी के संहे अइसन ना लगल?
What is the dinner time ?,रात क खाए क समय का हऽ।
Then you're in trouble.,त फिनू तू मोसीबत में होबा।
How many holidays are there in this week ?,ई सप्ताह में कगो ले छुट्टी बा?
Your remuneration depends on the quality of your work.,तोहार मजदूरी तोहरे काम पर निर्भर करला।
The leaves of this tree fall once only.,ई पेड़ के पत्ता केवल एक बार झड़ेला।
Who called up Sheila ?,"शीला के, के बोलवले हऽ।"
They can't write the words.,उ सब शब्द लिख न सकत हौ ।
Come on!,च्ला!
It is a horrible night.,ई भयानक रात बा।
"Yes, sir.","हँ, साहेब!"
"Risuke no longer working, Since you've ruled out of the tour.",रेसुके अब कवनो काम नाही करत काहे की तू इनकार कइ दिहलँ हवा
I saw many people happy.,हम कई लोगन के खुश देखलीं।
I do believe those first two years were the worst for him.,हमके लगत हव पहिला दुइ बरिस ओकरे खातिन सबले खराब रहल।
Our scores are now even.,हमहन क स्कोर अभईन भी दिख रहे है।
Do you take me for an idiot?,का हम बेकूफ लगत हईं?
And that also is very convenient.,"अउर की........ई बहुत सुविधा लायक हव की नाहीं, सिरी डुफरेन?"
They will come with her.,उ लोग ओकरे स्ंगे अईहें ।
Was the mother cooking food ?,का माँ खाना बनावत रहली?
I cannot go due to rains.,हम बरखा के नाते नाई जा पइलीं।
What’s your name?,तोहार नाम का हव?
How'd it happen?,टिम! कइसे ई भयल?
I like to think I'm broad minded.,हम सोच के नीक लगऽल कि हम खुलल दिमाग क हईं।
Are there universities in your state ?,का तोहरे राज्य मे विश्वविध्यालय बा ?
The boy went away to his house.,लइका अपने घरे से लम्मे चल गईल ।
"Yeah, I guess.",जीवन बाद में पर
"Wow, that was generous.",अच्छा हव कि उदार रहल।
How long I shall stay here is doubtful.,हम इहां कबले रूकऽब ऐमे शक हऽ।
If she chooses me...,"जदि आप कुछ पुछय के हव, अगर तू हमें चुनाव"
I have come from Bangalore.,हम बेंगलोर से आइल हईं।
Ram saw Sita going.,राम देखलस सीता जातिऽअ।
Women.,मेहरारून।
That's how I repaid Smiley for teaching me time sword.,कि इसमाइली हमें खुद तलवार सिखाव खातिर कइसे चुकवले हव।
I was not sure that it was you.,हमके यकीन नाई रहल कि इ तू रहऽल।
I promise I'll tiptoe.,हम बादा करत हईं की हमद बल पउवाँ जाइब।
Over. Any chance of them being repaired soon?,जलदिअँ मरम्मत कइले क कवनो गुंजाइस हव?
Do you play cards?,का तु ताश खेलतड ?
It's going!,ई जात हव!
I need hardly tell you that the work is dangerous.,हमके मुश्किल से तोहके बतावेक क जरूरत हऽ कि इ काम ख़तरनाक हऽ।
For a while they talked of politics.,कुछ देर खातिर उ राजनीति के बारे में बात कइलन।
I write this letter to please you.,हम तूहे खुश करें खातिर इ चिट्ठी लिखत हईं।
Get me up!,हमके उठाव!
The kettle has been boiling for a quarter of an hour.,केतली पवन घंटा से उबल रहल निया ।
How many dogs are in your street?,तोहरे गली में केतना कुकुर हवन?
"The whisper was soft, but he heard it.",खुस्फुसाहट धीमा रहे पर उ सुन लेलस ।
I won't.,हम ना रहब।
Sure!,जरूर।
These letters have all those things which I want to convey to my daughter.,एम्मअ उ सारी बात हवे जवन हम अपना बेटी से कहल चाहल हई
"Rama said to Arjun, ""Go away.""",राम अर्जुन से कहऽल ऽज।
"If you come with me, I will make it worthwhile for you.",हमर साथ आयीह त उ योग्य बना देब ।
As a result he was quite a prosperous man.,परिणाम के अनुसार ऊ बहुते अमीर आदमी हवे।
Which examination is your today?,तोहार आज कवन परीक्षा हव?
Come in quickly.,हाली आव।
I think it'd be good if you could show Mrs. Torrance the kitchen while I continue on with Jack.,हमके लगत हव कि अच्छा होई अगर तू सिरिमती टारन्स के रसोईघर देखईदा.... जबले हम जेक के संहे रहत हईं।
"Truth is, I don't want to know.",सच ई हव की हम जानल ना चहतीं।
We kept the meeting at noon.,हमहन क दोपहरीया में पंचायत कर लेले हई जा ।
We do not know what he intends to do.,हमहन क ना जानत हई जा की उहा का कईले क ईराद हऽ ।
Do you remember when you were brushing your teeth?,डॅगडर : का तुहके आपन दाँत बुरुस कयल इयाद हव?
[Pengelly] Get the goddamn stretcher.,(पेनगेली) धत! तोरे क स्टरे चरकरीं।
"As people spit on his face, when he walks head hung in shame, I want you to see it, Princess.","जब परजा ओकरे चेहरा पे थूकी, जब ऊ सरम से सिर झुकवले आई, हम चाहत हईं कि आप देखिहँ रजकुमारी।"
Where have you stayed ?,तु कहवा रुकल हउअ ?
They will be working.,ऊ लोग काम करत होई।
Will you cook a special dish today?,का तु आजू खास खाना बनी ?
"If Rajesh had married Sweetie that time, we would not get to see this day.",राजेश क बियाह अरे समय स्वीटी से भईल रहत त आज इ दिन देखे के ना मिलत ।
Did you hear the news on the radio ?,का तु रेडियो पर समाचार सुन लेहल ?
Please send coffee to my room.,काफी हमरे कमरा में भेज द।
Now Allaudin wanted to have hand of Bhagi.,अब अल्लादीन भागी के हाथ लेवे चाहत बानअ।
Good to see you.,अच्छा आपको देखय खातिन।
The game was lost.,मैच हार गइल।
They would have distributed sweets.,उ मिठाई बटने ।
Koel told him that she rode her best steed at great speed.,कोईल कहलस कि उ आपन सबसे अच्छा ।
"Between you and me, he drinks heavily.",थोरे हमरे बीच में उ जादा पियले हव।
"Thank you, Mr....",सुकिरिआ। सिरी रे...?
Come. Sit.,आवा अउर बे. जा।
